order_id,order_date,store_id,sku,product_name,category,qty,unit_price,currency,customer_id,payment_method
O-900001,2026-09-01,S-01,SKU-1,Apple,Produce,11,1.50,USD,C-0001,card
O-900002,2026-09-02,S-02,SKU-2,Bread,Bakery,2,3.00,USD,C-0002,cash
O-900003,2026-09-03,S-03,SKU-3,Milk,Dairy,1,2.20,USD,C-0003,card
O-900004,2026-09-04,S-01,SKU-4,Eggs,Dairy,12,0.35,EUR,C-0004,cash
O-900005,2026-09-05,S-02,SKU-5,Coffee,Beverages,5,8.99,GBP,C-0005,card
O-900006,2026-09-06,S-03,SKU-1,Apple,Produce,4,1.50,USD,C-0006,cash
O-900007,2026-09-07,S-01,SKU-2,Bread,Bakery,4,3.00,USD,C-0007,card
O-900008,2026-09-08,S-02,SKU-3,Milk,Dairy,3,2.20,USD,C-0008,cash
O-900009,2026-09-09,S-03,SKU-4,Eggs,Dairy,12,0.35,EUR,C-0009,card
O-900010,2026-09-10,S-01,SKU-5,Coffee,Beverages,2,8.99,GBP,C-0010,cash
O-900011,2026-09-11,S-02,SKU-1,Apple,Produce,11,1.50,USD,C-0011,card
O-900012,2026-09-12,S-03,SKU-2,Bread,Bakery,12,3.00,USD,C-0012,cash
O-900013,2026-09-13,S-01,SKU-3,Milk,Dairy,9,2.20,USD,C-0013,card
O-900014,2026-09-14,S-02,SKU-4,Eggs,Dairy,2,0.35,EUR,C-0014,cash
O-900015,2026-09-15,S-03,SKU-5,Coffee,Beverages,10,8.99,GBP,C-0015,card
O-900016,2026-09-16,S-01,SKU-1,Apple,Produce,7,1.50,USD,C-0016,cash
O-900017,2026-09-17,S-02,SKU-2,Bread,Bakery,1,3.00,USD,C-0017,card
O-900018,2026-09-18,S-03,SKU-3,Milk,Dairy,1,2.20,USD,C-0018,cash
O-900019,2026-09-19,S-01,SKU-4,Eggs,Dairy,2,0.35,EUR,C-0019,card
O-900020,bad-date,S-02,SKU-5,Coffee,Beverages,4,8.99,GBP,C-0020,cash
O-900021,2026-09-21,S-03,SKU-1,Apple,Produce,4,1.50,USD,C-0021,card
O-900022,2026-09-22,S-01,SKU-2,Bread,Bakery,9,3.00,USD,C-0022,cash
O-900023,2026-09-23,S-02,SKU-3,Milk,Dairy,10,2.20,USD,C-0023,card
O-900024,2026-09-24,S-03,SKU-4,Eggs,Dairy,1,0.35,EUR,C-0024,cash
O-900025,2026-09-25,S-01,SKU-5,Coffee,Beverages,9,8.99,GBP,C-0025,card
O-900026,2026-09-26,S-02,SKU-1,Apple,Produce,4,1.50,USD,C-0026,cash
O-900027,2026-09-27,S-03,SKU-2,Bread,Bakery,12,3.00,USD,C-0027,card
O-900028,2026-09-28,S-01,SKU-3,Milk,Dairy,11,2.20,USD,C-0028,cash
O-900029,2026-09-01,S-02,SKU-4,Eggs,Dairy,12,0.35,EUR,C-0029,card
O-900030,2026-09-02,S-03,SKU-5,Coffee,Beverages,9,8.99,GBP,C-0030,cash
O-900031,2026-09-03,S-01,SKU-1,Apple,Produce,7,1.50,USD,C-0031,card
O-900032,2026-09-04,S-02,SKU-2,Bread,Bakery,4,3.00,USD,C-0032,cash
O-900033,2026-09-05,S-03,SKU-3,Milk,Dairy,8,2.20,USD,C-0033,card
O-900034,2026-09-06,S-01,SKU-4,Eggs,Dairy,10,0.35,EUR,C-0034,cash
O-900035,2026-09-07,S-02,SKU-5,Coffee,Beverages,5,8.99,GBP,C-0035,card
O-900036,2026-09-08,S-03,SKU-1,Apple,Produce,1,1.50,USD,C-0036,cash
O-900037,2026-09-09,S-01,SKU-2,Bread,Bakery,3,3.00,USD,C-0037,card
O-900038,2026-09-10,S-02,SKU-3,Milk,Dairy,12,2.20,USD,C-0038,cash
O-900039,2026-09-11,S-03,SKU-4,Eggs,Dairy,7,0.35,EUR,C-0039,card
O-900040,2026-09-12,S-01,SKU-5,Coffee,Beverages,-3,8.99,GBP,C-0040,cash
O-900041,2026-09-13,S-02,SKU-1,Apple,Produce,5,1.50,USD,C-0041,card
O-900042,2026-09-14,S-03,SKU-2,Bread,Bakery,3,3.00,USD,C-0042,cash
O-900043,2026-09-15,S-01,SKU-3,Milk,Dairy,4,2.20,USD,C-0043,card
O-900044,2026-09-16,S-02,SKU-4,Eggs,Dairy,6,0.35,EUR,C-0044,cash
O-900045,2026-09-17,S-03,SKU-5,Coffee,Beverages,2,8.99,GBP,C-0045,card
O-900046,2026-09-18,S-01,SKU-1,Apple,Produce,2,1.50,USD,C-0046,cash
O-900047,2026-09-19,S-02,SKU-2,Bread,Bakery,7,3.00,USD,C-0047,card
O-900048,2026-09-20,S-03,SKU-3,Milk,Dairy,2,2.20,USD,C-0048,cash
O-900049,2026-09-21,S-01,SKU-4,Eggs,Dairy,6,0.35,EUR,C-0049,card
O-900050,2026-09-22,S-02,SKU-5,Coffee,Beverages,6,8.99,GBP,C-0050,cash
O-900051,2026-09-23,S-03,SKU-1,Apple,Produce,10,1.50,USD,C-0051,card
O-900052,2026-09-24,S-01,SKU-2,Bread,Bakery,5,3.00,USD,C-0052,cash
O-900053,2026-09-25,S-02,SKU-3,Milk,Dairy,1,2.20,USD,C-0053,card
O-900054,2026-09-26,S-03,SKU-4,Eggs,Dairy,12,0.35,EUR,C-0054,cash
O-900055,2026-09-27,S-01,SKU-5,Coffee,Beverages,8,8.99,GBP,C-0055,card
O-900056,2026-09-28,S-02,SKU-1,Apple,Produce,9,1.50,USD,C-0056,cash
O-900057,2026-09-01,S-03,SKU-2,Bread,Bakery,2,3.00,USD,C-0057,card
O-900058,2026-09-02,S-01,SKU-3,Milk,Dairy,7,2.20,USD,C-0058,cash
O-900059,2026-09-03,S-02,SKU-4,Eggs,Dairy,2,0.35,EUR,C-0059,card
O-900060,2026-09-04,S-03,SKU-999,Coffee,Beverages,9,8.99,GBP,C-0060,cash
O-900061,2026-09-05,S-01,SKU-1,Apple,Produce,5,1.50,USD,C-0061,card
O-900062,2026-09-06,S-02,SKU-2,Bread,Bakery,11,3.00,USD,C-0062,cash
O-900063,2026-09-07,S-03,SKU-3,Milk,Dairy,10,2.20,USD,C-0063,card
O-900064,2026-09-08,S-01,SKU-4,Eggs,Dairy,6,0.35,EUR,C-0064,cash
O-900065,2026-09-09,S-02,SKU-5,Coffee,Beverages,10,8.99,GBP,C-0065,card
O-900066,2026-09-10,S-03,SKU-1,Apple,Produce,4,1.50,USD,C-0066,cash
O-900067,2026-09-11,S-01,SKU-2,Bread,Bakery,12,3.00,USD,C-0067,card
O-900068,2026-09-12,S-02,SKU-3,Milk,Dairy,2,2.20,USD,C-0068,cash
O-900069,2026-09-13,S-03,SKU-4,Eggs,Dairy,1,0.35,EUR,C-0069,card
O-900070,2026-09-14,S-01,SKU-5,Coffee,Beverages,11,8.99,GBP,C-0070,cash
O-900071,2026-09-15,S-02,SKU-1,Apple,Produce,4,1.50,USD,C-0071,card
O-900072,2026-09-16,S-03,SKU-2,Bread,Bakery,5,3.00,USD,C-0072,cash
O-900073,2026-09-17,S-01,SKU-3,Milk,Dairy,2,2.20,USD,C-0073,card
O-900074,2026-09-18,S-02,SKU-4,Eggs,Dairy,4,0.35,EUR,C-0074,cash
O-900075,2026-09-19,S-03,SKU-5,Coffee,Beverages,2,8.99,GBP,C-0075,card
O-900076,2026-09-20,S-01,SKU-1,Apple,Produce,7,1.50,USD,C-0076,cash
O-900077,2026-09-21,S-02,SKU-2,Bread,Bakery,5,3.00,USD,C-0077,card
O-900078,2026-09-22,S-03,SKU-3,Milk,Dairy,8,2.20,USD,C-0078,cash
O-900079,2026-09-23,S-01,SKU-4,Eggs,Dairy,11,0.35,EUR,C-0079,card
O-900080,2026-09-24,S-02,SKU-5,Coffee,Beverages,6,,GBP,C-0080,cash
O-900081,2026-09-25,S-03,SKU-1,Apple,Produce,3,1.50,USD,C-0081,card
O-900082,2026-09-26,S-01,SKU-2,Bread,Bakery,6,3.00,USD,C-0082,cash
O-900083,2026-09-27,S-02,SKU-3,Milk,Dairy,6,2.20,USD,C-0083,card
O-900084,2026-09-28,S-03,SKU-4,Eggs,Dairy,4,0.35,EUR,C-0084,cash
O-900085,2026-09-01,S-01,SKU-5,Coffee,Beverages,11,8.99,GBP,C-0085,card
O-900086,2026-09-02,S-02,SKU-1,Apple,Produce,5,1.50,USD,C-0086,cash
O-900087,2026-09-03,S-03,SKU-2,Bread,Bakery,12,3.00,USD,C-0087,card
O-900088,2026-09-04,S-01,SKU-3,Milk,Dairy,11,2.20,USD,C-0088,cash
O-900089,2026-09-05,S-02,SKU-4,Eggs,Dairy,11,0.35,EUR,C-0089,card
O-900090,2026-09-06,S-03,SKU-5,Coffee,Beverages,2,8.99,GBP,C-0090,cash
O-900091,2026-09-07,S-01,SKU-1,Apple,Produce,10,1.50,USD,C-0091,card
O-900092,2026-09-08,S-02,SKU-2,Bread,Bakery,11,3.00,USD,C-0092,cash
O-900093,2026-09-09,S-03,SKU-3,Milk,Dairy,3,2.20,USD,C-0093,card
O-900094,2026-09-10,S-01,SKU-4,Eggs,Dairy,9,0.35,EUR,C-0094,cash
O-900095,2026-09-11,S-02,SKU-5,Coffee,Beverages,12,8.99,GBP,C-0095,card
O-900096,2026-09-12,S-03,SKU-1,Apple,Produce,4,1.50,USD,C-0096,cash
O-900097,2026-09-13,S-01,SKU-2,Bread,Bakery,3,3.00,USD,C-0097,card
O-900098,2026-09-14,S-02,SKU-3,Milk,Dairy,8,2.20,USD,C-0098,cash
O-900099,2026-09-15,S-03,SKU-4,Eggs,Dairy,7,0.35,EUR,C-0099,card
,2026-09-16,S-01,SKU-5,Coffee,Beverages,5,8.99,GBP,C-0100,cash
O-900101,2026-09-17,S-02,SKU-1,Apple,Produce,11,1.50,USD,C-0101,card
O-900102,2026-09-18,S-03,SKU-2,Bread,Bakery,12,3.00,USD,C-0102,cash
O-900103,2026-09-19,S-01,SKU-3,Milk,Dairy,9,2.20,USD,C-0103,card
O-900104,2026-09-20,S-02,SKU-4,Eggs,Dairy,4,0.35,EUR,C-0104,cash
O-900105,2026-09-21,S-03,SKU-5,Coffee,Beverages,11,8.99,GBP,C-0105,card
O-900106,2026-09-22,S-01,SKU-1,Apple,Produce,6,1.50,USD,C-0106,cash
O-900107,2026-09-23,S-02,SKU-2,Bread,Bakery,1,3.00,USD,C-0107,card
O-900108,2026-09-24,S-03,SKU-3,Milk,Dairy,4,2.20,USD,C-0108,cash
O-900109,2026-09-25,S-01,SKU-4,Eggs,Dairy,1,0.35,EUR,C-0109,card
O-900110,2026-09-26,S-02,SKU-5,Coffee,Beverages,6,8.99,GBP,C-0110,cash
O-900111,2026-09-27,S-03,SKU-1,Apple,Produce,7,1.50,USD,C-0111,card
O-900112,2026-09-28,S-01,SKU-2,Bread,Bakery,5,3.00,USD,C-0112,cash
O-900113,2026-09-01,S-02,SKU-3,Milk,Dairy,2,2.20,USD,C-0113,card
O-900114,2026-09-02,S-03,SKU-4,Eggs,Dairy,4,0.35,EUR,C-0114,cash
O-900115,2026-09-03,S-01,SKU-5,Coffee,Beverages,10,8.99,GBP,C-0115,card
O-900116,2026-09-04,S-02,SKU-1,Apple,Produce,12,1.50,USD,C-0116,cash
O-900117,2026-09-05,S-03,SKU-2,Bread,Bakery,6,3.00,USD,C-0117,card
O-900118,2026-09-06,S-01,SKU-3,Milk,Dairy,4,2.20,USD,C-0118,cash
O-900119,2026-09-07,S-02,SKU-4,Eggs,Dairy,11,0.35,EUR,C-0119,card
O-900120,2026-09-08,S-03,SKU-5,Coffee,Beverages,8,8.99,XYZ,C-0120,cash
O-900121,2026-09-09,S-01,SKU-1,Apple,Produce,7,1.50,USD,C-0121,card
O-900122,2026-09-10,S-02,SKU-2,Bread,Bakery,11,3.00,USD,C-0122,cash
O-900123,2026-09-11,S-03,SKU-3,Milk,Dairy,8,2.20,USD,C-0123,card
O-900124,2026-09-12,S-01,SKU-4,Eggs,Dairy,3,0.35,EUR,C-0124,cash
O-900125,2026-09-13,S-02,SKU-5,Coffee,Beverages,5,8.99,GBP,C-0125,card
O-900126,2026-09-14,S-03,SKU-1,Apple,Produce,3,1.50,USD,C-0126,cash
O-900127,2026-09-15,S-01,SKU-2,Bread,Bakery,4,3.00,USD,C-0127,card
O-900128,2026-09-16,S-02,SKU-3,Milk,Dairy,12,2.20,USD,C-0128,cash
O-900129,2026-09-17,S-03,SKU-4,Eggs,Dairy,9,0.35,EUR,C-0129,card
O-900130,2026-09-18,S-01,SKU-5,Coffee,Beverages,9,8.99,GBP,C-0130,cash
O-900131,2026-09-19,S-02,SKU-1,Apple,Produce,5,1.50,USD,C-0131,card
O-900132,2026-09-20,S-03,SKU-2,Bread,Bakery,12,3.00,USD,C-0132,cash
O-900133,2026-09-21,S-01,SKU-3,Milk,Dairy,10,2.20,USD,C-0133,card
O-900134,2026-09-22,S-02,SKU-4,Eggs,Dairy,7,0.35,EUR,C-0134,cash
O-900135,2026-09-23,S-03,SKU-5,Coffee,Beverages,10,8.99,GBP,C-0135,card
O-900136,2026-09-24,S-01,SKU-1,Apple,Produce,7,1.50,USD,C-0136,cash
O-900137,2026-09-25,S-02,SKU-2,Bread,Bakery,6,3.00,USD,C-0137,card
O-900138,2026-09-26,S-03,SKU-3,Milk,Dairy,4,2.20,USD,C-0138,cash
O-900139,2026-09-27,S-01,SKU-4,Eggs,Dairy,3,0.35,EUR,C-0139,card
O-900140,2026-09-28,S-02,SKU-5,Coffee,Beverages,9,8.99,GBP,C-0140,bitcoin
O-900141,2026-09-01,S-03,SKU-1,Apple,Produce,8,1.50,USD,C-0141,card
O-900142,2026-09-02,S-01,SKU-2,Bread,Bakery,2,3.00,USD,C-0142,cash
O-900143,2026-09-03,S-02,SKU-3,Milk,Dairy,1,2.20,USD,C-0143,card
O-900144,2026-09-04,S-03,SKU-4,Eggs,Dairy,2,0.35,EUR,C-0144,cash
O-900145,2026-09-05,S-01,SKU-5,Coffee,Beverages,3,8.99,GBP,C-0145,card
O-900146,2026-09-06,S-02,SKU-1,Apple,Produce,11,1.50,USD,C-0146,cash
O-900147,2026-09-07,S-03,SKU-2,Bread,Bakery,3,3.00,USD,C-0147,card
O-900148,2026-09-08,S-01,SKU-3,Milk,Dairy,11,2.20,USD,C-0148,cash
O-900149,2026-09-09,S-02,SKU-4,Eggs,Dairy,7,0.35,EUR,C-0149,card
O-900150,2026-09-10,S-03,SKU-5,Coffee,Beverages,10,8.99,GBP,C-0150,cash
O-900151,2026-09-11,S-01,SKU-1,Apple,Produce,2,1.50,USD,C-0151,card
O-900152,2026-09-12,S-02,SKU-2,Bread,Bakery,7,3.00,USD,C-0152,cash
O-900153,2026-09-13,S-03,SKU-3,Milk,Dairy,7,2.20,USD,C-0153,card
O-900154,2026-09-14,S-01,SKU-4,Eggs,Dairy,10,0.35,EUR,C-0154,cash
O-900155,2026-09-15,S-02,SKU-5,Coffee,Beverages,8,8.99,GBP,C-0155,card
O-900156,2026-09-16,S-03,SKU-1,Apple,Produce,9,1.50,USD,C-0156,cash
O-900157,2026-09-17,S-01,SKU-2,Bread,Bakery,5,3.00,USD,C-0157,card
O-900158,2026-09-18,S-02,SKU-3,Milk,Dairy,9,2.20,USD,C-0158,cash
O-900159,2026-09-19,S-03,SKU-4,Eggs,Dairy,1,0.35,EUR,C-0159,card
O-900160,2026-09-20,S-01,SKU-5,Coffee,Beverages,0,8.99,GBP,C-0160,cash
O-900161,2026-09-21,S-02,SKU-1,Apple,Produce,12,1.50,USD,C-0161,card
O-900162,2026-09-22,S-03,SKU-2,Bread,Bakery,2,3.00,USD,C-0162,cash
O-900163,2026-09-23,S-01,SKU-3,Milk,Dairy,11,2.20,USD,C-0163,card
O-900164,2026-09-24,S-02,SKU-4,Eggs,Dairy,9,0.35,EUR,C-0164,cash
O-900165,2026-09-25,S-03,SKU-5,Coffee,Beverages,5,8.99,GBP,C-0165,card
O-900166,2026-09-26,S-01,SKU-1,Apple,Produce,11,1.50,USD,C-0166,cash
O-900167,2026-09-27,S-02,SKU-2,Bread,Bakery,6,3.00,USD,C-0167,card
O-900168,2026-09-28,S-03,SKU-3,Milk,Dairy,2,2.20,USD,C-0168,cash
O-900169,2026-09-01,S-01,SKU-4,Eggs,Dairy,5,0.35,EUR,C-0169,card
O-900170,2026-09-02,S-02,SKU-5,Coffee,Beverages,7,8.99,GBP,C-0170,cash
O-900171,2026-09-03,S-03,SKU-1,Apple,Produce,3,1.50,USD,C-0171,card
O-900172,2026-09-04,S-01,SKU-2,Bread,Bakery,8,3.00,USD,C-0172,cash
O-900173,2026-09-05,S-02,SKU-3,Milk,Dairy,1,2.20,USD,C-0173,card
O-900174,2026-09-06,S-03,SKU-4,Eggs,Dairy,12,0.35,EUR,C-0174,cash
O-900175,2026-09-07,S-01,SKU-5,Coffee,Beverages,12,8.99,GBP,C-0175,card
O-900176,2026-09-08,S-02,SKU-1,Apple,Produce,5,1.50,USD,C-0176,cash
O-900177,2026-09-09,S-03,SKU-2,Bread,Bakery,9,3.00,USD,C-0177,card
O-900178,2026-09-10,S-01,SKU-3,Milk,Dairy,3,2.20,USD,C-0178,cash
O-900179,2026-09-11,S-02,SKU-4,Eggs,Dairy,9,0.35,EUR,C-0179,card
O-900180,bad-date,S-03,SKU-5,Coffee,Beverages,2,8.99,GBP,C-0180,cash
O-900181,2026-09-13,S-01,SKU-1,Apple,Produce,11,1.50,USD,C-0181,card
O-900182,2026-09-14,S-02,SKU-2,Bread,Bakery,5,3.00,USD,C-0182,cash
O-900183,2026-09-15,S-03,SKU-3,Milk,Dairy,11,2.20,USD,C-0183,card
O-900184,2026-09-16,S-01,SKU-4,Eggs,Dairy,9,0.35,EUR,C-0184,cash
O-900185,2026-09-17,S-02,SKU-5,Coffee,Beverages,10,8.99,GBP,C-0185,card
O-900186,2026-09-18,S-03,SKU-1,Apple,Produce,4,1.50,USD,C-0186,cash
O-900187,2026-09-19,S-01,SKU-2,Bread,Bakery,3,3.00,USD,C-0187,card
O-900188,2026-09-20,S-02,SKU-3,Milk,Dairy,6,2.20,USD,C-0188,cash
O-900189,2026-09-21,S-03,SKU-4,Eggs,Dairy,3,0.35,EUR,C-0189,card
O-900190,2026-09-22,S-01,SKU-5,Coffee,Beverages,9,8.99,GBP,C-0190,cash
O-900191,2026-09-23,S-02,SKU-1,Apple,Produce,9,1.50,USD,C-0191,card
O-900192,2026-09-24,S-03,SKU-2,Bread,Bakery,1,3.00,USD,C-0192,cash
O-900193,2026-09-25,S-01,SKU-3,Milk,Dairy,10,2.20,USD,C-0193,card
O-900194,2026-09-26,S-02,SKU-4,Eggs,Dairy,6,0.35,EUR,C-0194,cash
O-900195,2026-09-27,S-03,SKU-5,Coffee,Beverages,8,8.99,GBP,C-0195,card
O-900196,2026-09-28,S-01,SKU-1,Apple,Produce,1,1.50,USD,C-0196,cash
O-900197,2026-09-01,S-02,SKU-2,Bread,Bakery,2,3.00,USD,C-0197,card
O-900198,2026-09-02,S-03,SKU-3,Milk,Dairy,6,2.20,USD,C-0198,cash
O-900199,2026-09-03,S-01,SKU-4,Eggs,Dairy,5,0.35,EUR,C-0199,card
O-900200,2026-09-04,S-02,SKU-5,Coffee,Beverages,-3,8.99,GBP,C-0200,cash
O-900201,2026-09-05,S-03,SKU-1,Apple,Produce,1,1.50,USD,C-0201,card
O-900202,2026-09-06,S-01,SKU-2,Bread,Bakery,4,3.00,USD,C-0202,cash
O-900203,2026-09-07,S-02,SKU-3,Milk,Dairy,10,2.20,USD,C-0203,card
O-900204,2026-09-08,S-03,SKU-4,Eggs,Dairy,2,0.35,EUR,C-0204,cash
O-900205,2026-09-09,S-01,SKU-5,Coffee,Beverages,2,8.99,GBP,C-0205,card
O-900206,2026-09-10,S-02,SKU-1,Apple,Produce,12,1.50,USD,C-0206,cash
O-900207,2026-09-11,S-03,SKU-2,Bread,Bakery,8,3.00,USD,C-0207,card
O-900208,2026-09-12,S-01,SKU-3,Milk,Dairy,2,2.20,USD,C-0208,cash
O-900209,2026-09-13,S-02,SKU-4,Eggs,Dairy,9,0.35,EUR,C-0209,card
O-900210,2026-09-14,S-03,SKU-5,Coffee,Beverages,3,8.99,GBP,C-0210,cash
O-900211,2026-09-15,S-01,SKU-1,Apple,Produce,3,1.50,USD,C-0211,card
O-900212,2026-09-16,S-02,SKU-2,Bread,Bakery,11,3.00,USD,C-0212,cash
O-900213,2026-09-17,S-03,SKU-3,Milk,Dairy,8,2.20,USD,C-0213,card
O-900214,2026-09-18,S-01,SKU-4,Eggs,Dairy,9,0.35,EUR,C-0214,cash
O-900215,2026-09-19,S-02,SKU-5,Coffee,Beverages,3,8.99,GBP,C-0215,card
O-900216,2026-09-20,S-03,SKU-1,Apple,Produce,5,1.50,USD,C-0216,cash
O-900217,2026-09-21,S-01,SKU-2,Bread,Bakery,9,3.00,USD,C-0217,card
O-900218,2026-09-22,S-02,SKU-3,Milk,Dairy,10,2.20,USD,C-0218,cash
O-900219,2026-09-23,S-03,SKU-4,Eggs,Dairy,7,0.35,EUR,C-0219,card
O-900220,2026-09-24,S-01,SKU-999,Coffee,Beverages,4,8.99,GBP,C-0220,cash
O-900221,2026-09-25,S-02,SKU-1,Apple,Produce,9,1.50,USD,C-0221,card
O-900222,2026-09-26,S-03,SKU-2,Bread,Bakery,12,3.00,USD,C-0222,cash
O-900223,2026-09-27,S-01,SKU-3,Milk,Dairy,12,2.20,USD,C-0223,card
O-900224,2026-09-28,S-02,SKU-4,Eggs,Dairy,4,0.35,EUR,C-0224,cash
O-900225,2026-09-01,S-03,SKU-5,Coffee,Beverages,12,8.99,GBP,C-0225,card
O-900226,2026-09-02,S-01,SKU-1,Apple,Produce,5,1.50,USD,C-0226,cash
O-900227,2026-09-03,S-02,SKU-2,Bread,Bakery,7,3.00,USD,C-0227,card
O-900228,2026-09-04,S-03,SKU-3,Milk,Dairy,11,2.20,USD,C-0228,cash
O-900229,2026-09-05,S-01,SKU-4,Eggs,Dairy,11,0.35,EUR,C-0229,card
O-900230,2026-09-06,S-02,SKU-5,Coffee,Beverages,6,8.99,GBP,C-0230,cash
O-900231,2026-09-07,S-03,SKU-1,Apple,Produce,8,1.50,USD,C-0231,card
O-900232,2026-09-08,S-01,SKU-2,Bread,Bakery,9,3.00,USD,C-0232,cash
O-900233,2026-09-09,S-02,SKU-3,Milk,Dairy,8,2.20,USD,C-0233,card
O-900234,2026-09-10,S-03,SKU-4,Eggs,Dairy,2,0.35,EUR,C-0234,cash
O-900235,2026-09-11,S-01,SKU-5,Coffee,Beverages,4,8.99,GBP,C-0235,card
O-900236,2026-09-12,S-02,SKU-1,Apple,Produce,4,1.50,USD,C-0236,cash
O-900237,2026-09-13,S-03,SKU-2,Bread,Bakery,2,3.00,USD,C-0237,card
O-900238,2026-09-14,S-01,SKU-3,Milk,Dairy,6,2.20,USD,C-0238,cash
O-900239,2026-09-15,S-02,SKU-4,Eggs,Dairy,1,0.35,EUR,C-0239,card
O-900240,2026-09-16,S-03,SKU-5,Coffee,Beverages,10,,GBP,C-0240,cash
O-900241,2026-09-17,S-01,SKU-1,Apple,Produce,9,1.50,USD,C-0241,card
O-900242,2026-09-18,S-02,SKU-2,Bread,Bakery,4,3.00,USD,C-0242,cash
O-900243,2026-09-19,S-03,SKU-3,Milk,Dairy,10,2.20,USD,C-0243,card
O-900244,2026-09-20,S-01,SKU-4,Eggs,Dairy,4,0.35,EUR,C-0244,cash
O-900245,2026-09-21,S-02,SKU-5,Coffee,Beverages,1,8.99,GBP,C-0245,card
O-900246,2026-09-22,S-03,SKU-1,Apple,Produce,2,1.50,USD,C-0246,cash
O-900247,2026-09-23,S-01,SKU-2,Bread,Bakery,12,3.00,USD,C-0247,card
O-900248,2026-09-24,S-02,SKU-3,Milk,Dairy,11,2.20,USD,C-0248,cash
O-900249,2026-09-25,S-03,SKU-4,Eggs,Dairy,1,0.35,EUR,C-0249,card
O-900250,2026-09-26,S-01,SKU-5,Coffee,Beverages,4,8.99,GBP,C-0250,cash
O-900251,2026-09-27,S-02,SKU-1,Apple,Produce,2,1.50,USD,C-0251,card
O-900252,2026-09-28,S-03,SKU-2,Bread,Bakery,1,3.00,USD,C-0252,cash
O-900253,2026-09-01,S-01,SKU-3,Milk,Dairy,6,2.20,USD,C-0253,card
O-900254,2026-09-02,S-02,SKU-4,Eggs,Dairy,2,0.35,EUR,C-0254,cash
O-900255,2026-09-03,S-03,SKU-5,Coffee,Beverages,9,8.99,GBP,C-0255,card
O-900256,2026-09-04,S-01,SKU-1,Apple,Produce,4,1.50,USD,C-0256,cash
O-900257,2026-09-05,S-02,SKU-2,Bread,Bakery,5,3.00,USD,C-0257,card
O-900258,2026-09-06,S-03,SKU-3,Milk,Dairy,11,2.20,USD,C-0258,cash
O-900259,2026-09-07,S-01,SKU-4,Eggs,Dairy,8,0.35,EUR,C-0259,card
,2026-09-08,S-02,SKU-5,Coffee,Beverages,4,8.99,GBP,C-0260,cash
O-900261,2026-09-09,S-03,SKU-1,Apple,Produce,9,1.50,USD,C-0261,card
O-900262,2026-09-10,S-01,SKU-2,Bread,Bakery,3,3.00,USD,C-0262,cash
O-900263,2026-09-11,S-02,SKU-3,Milk,Dairy,12,2.20,USD,C-0263,card
O-900264,2026-09-12,S-03,SKU-4,Eggs,Dairy,10,0.35,EUR,C-0264,cash
O-900265,2026-09-13,S-01,SKU-5,Coffee,Beverages,10,8.99,GBP,C-0265,card
O-900266,2026-09-14,S-02,SKU-1,Apple,Produce,8,1.50,USD,C-0266,cash
O-900267,2026-09-15,S-03,SKU-2,Bread,Bakery,4,3.00,USD,C-0267,card
O-900268,2026-09-16,S-01,SKU-3,Milk,Dairy,8,2.20,USD,C-0268,cash
O-900269,2026-09-17,S-02,SKU-4,Eggs,Dairy,7,0.35,EUR,C-0269,card
O-900270,2026-09-18,S-03,SKU-5,Coffee,Beverages,4,8.99,GBP,C-0270,cash
O-900271,2026-09-19,S-01,SKU-1,Apple,Produce,2,1.50,USD,C-0271,card
O-900272,2026-09-20,S-02,SKU-2,Bread,Bakery,2,3.00,USD,C-0272,cash
O-900273,2026-09-21,S-03,SKU-3,Milk,Dairy,11,2.20,USD,C-0273,card
O-900274,2026-09-22,S-01,SKU-4,Eggs,Dairy,7,0.35,EUR,C-0274,cash
O-900275,2026-09-23,S-02,SKU-5,Coffee,Beverages,6,8.99,GBP,C-0275,card
O-900276,2026-09-24,S-03,SKU-1,Apple,Produce,7,1.50,USD,C-0276,cash
O-900277,2026-09-25,S-01,SKU-2,Bread,Bakery,7,3.00,USD,C-0277,card
O-900278,2026-09-26,S-02,SKU-3,Milk,Dairy,8,2.20,USD,C-0278,cash
O-900279,2026-09-27,S-03,SKU-4,Eggs,Dairy,12,0.35,EUR,C-0279,card
O-900280,2026-09-28,S-01,SKU-5,Coffee,Beverages,1,8.99,XYZ,C-0280,cash
O-900281,2026-09-01,S-02,SKU-1,Apple,Produce,11,1.50,USD,C-0281,card
O-900282,2026-09-02,S-03,SKU-2,Bread,Bakery,11,3.00,USD,C-0282,cash
O-900283,2026-09-03,S-01,SKU-3,Milk,Dairy,11,2.20,USD,C-0283,card
O-900284,2026-09-04,S-02,SKU-4,Eggs,Dairy,2,0.35,EUR,C-0284,cash
O-900285,2026-09-05,S-03,SKU-5,Coffee,Beverages,1,8.99,GBP,C-0285,card
O-900286,2026-09-06,S-01,SKU-1,Apple,Produce,7,1.50,USD,C-0286,cash
O-900287,2026-09-07,S-02,SKU-2,Bread,Bakery,12,3.00,USD,C-0287,card
O-900288,2026-09-08,S-03,SKU-3,Milk,Dairy,6,2.20,USD,C-0288,cash
O-900289,2026-09-09,S-01,SKU-4,Eggs,Dairy,2,0.35,EUR,C-0289,card
O-900290,2026-09-10,S-02,SKU-5,Coffee,Beverages,4,8.99,GBP,C-0290,cash
O-900291,2026-09-11,S-03,SKU-1,Apple,Produce,4,1.50,USD,C-0291,card
O-900292,2026-09-12,S-01,SKU-2,Bread,Bakery,4,3.00,USD,C-0292,cash
O-900293,2026-09-13,S-02,SKU-3,Milk,Dairy,9,2.20,USD,C-0293,card
O-900294,2026-09-14,S-03,SKU-4,Eggs,Dairy,8,0.35,EUR,C-0294,cash
O-900295,2026-09-15,S-01,SKU-5,Coffee,Beverages,3,8.99,GBP,C-0295,card
O-900296,2026-09-16,S-02,SKU-1,Apple,Produce,7,1.50,USD,C-0296,cash
O-900297,2026-09-17,S-03,SKU-2,Bread,Bakery,3,3.00,USD,C-0297,card
O-900298,2026-09-18,S-01,SKU-3,Milk,Dairy,5,2.20,USD,C-0298,cash
O-900299,2026-09-19,S-02,SKU-4,Eggs,Dairy,8,0.35,EUR,C-0299,card
O-900300,2026-09-20,S-03,SKU-5,Coffee,Beverages,4,8.99,GBP,C-0300,bitcoin
O-900301,2026-09-21,S-01,SKU-1,Apple,Produce,2,1.50,USD,C-0301,card
O-900302,2026-09-22,S-02,SKU-2,Bread,Bakery,8,3.00,USD,C-0302,cash
O-900303,2026-09-23,S-03,SKU-3,Milk,Dairy,9,2.20,USD,C-0303,card
O-900304,2026-09-24,S-01,SKU-4,Eggs,Dairy,2,0.35,EUR,C-0304,cash
O-900305,2026-09-25,S-02,SKU-5,Coffee,Beverages,1,8.99,GBP,C-0305,card
O-900306,2026-09-26,S-03,SKU-1,Apple,Produce,11,1.50,USD,C-0306,cash
O-900307,2026-09-27,S-01,SKU-2,Bread,Bakery,9,3.00,USD,C-0307,card
O-900308,2026-09-28,S-02,SKU-3,Milk,Dairy,1,2.20,USD,C-0308,cash
O-900309,2026-09-01,S-03,SKU-4,Eggs,Dairy,2,0.35,EUR,C-0309,card
O-900310,2026-09-02,S-01,SKU-5,Coffee,Beverages,4,8.99,GBP,C-0310,cash
O-900311,2026-09-03,S-02,SKU-1,Apple,Produce,3,1.50,USD,C-0311,card
O-900312,2026-09-04,S-03,SKU-2,Bread,Bakery,7,3.00,USD,C-0312,cash
O-900313,2026-09-05,S-01,SKU-3,Milk,Dairy,8,2.20,USD,C-0313,card
O-900314,2026-09-06,S-02,SKU-4,Eggs,Dairy,8,0.35,EUR,C-0314,cash
O-900315,2026-09-07,S-03,SKU-5,Coffee,Beverages,4,8.99,GBP,C-0315,card
O-900316,2026-09-08,S-01,SKU-1,Apple,Produce,7,1.50,USD,C-0316,cash
O-900317,2026-09-09,S-02,SKU-2,Bread,Bakery,1,3.00,USD,C-0317,card
O-900318,2026-09-10,S-03,SKU-3,Milk,Dairy,3,2.20,USD,C-0318,cash
O-900319,2026-09-11,S-01,SKU-4,Eggs,Dairy,7,0.35,EUR,C-0319,card
O-900320,2026-09-12,S-02,SKU-5,Coffee,Beverages,0,8.99,GBP,C-0320,cash
O-900321,2026-09-13,S-03,SKU-1,Apple,Produce,7,1.50,USD,C-0321,card
O-900322,2026-09-14,S-01,SKU-2,Bread,Bakery,5,3.00,USD,C-0322,cash
O-900323,2026-09-15,S-02,SKU-3,Milk,Dairy,8,2.20,USD,C-0323,card
O-900324,2026-09-16,S-03,SKU-4,Eggs,Dairy,5,0.35,EUR,C-0324,cash
O-900325,2026-09-17,S-01,SKU-5,Coffee,Beverages,7,8.99,GBP,C-0325,card
O-900326,2026-09-18,S-02,SKU-1,Apple,Produce,12,1.50,USD,C-0326,cash
O-900327,2026-09-19,S-03,SKU-2,Bread,Bakery,12,3.00,USD,C-0327,card
O-900328,2026-09-20,S-01,SKU-3,Milk,Dairy,9,2.20,USD,C-0328,cash
O-900329,2026-09-21,S-02,SKU-4,Eggs,Dairy,11,0.35,EUR,C-0329,card
O-900330,2026-09-22,S-03,SKU-5,Coffee,Beverages,12,8.99,GBP,C-0330,cash
O-900331,2026-09-23,S-01,SKU-1,Apple,Produce,8,1.50,USD,C-0331,card
O-900332,2026-09-24,S-02,SKU-2,Bread,Bakery,3,3.00,USD,C-0332,cash
O-900333,2026-09-25,S-03,SKU-3,Milk,Dairy,4,2.20,USD,C-0333,card
O-900334,2026-09-26,S-01,SKU-4,Eggs,Dairy,5,0.35,EUR,C-0334,cash
O-900335,2026-09-27,S-02,SKU-5,Coffee,Beverages,4,8.99,GBP,C-0335,card
O-900336,2026-09-28,S-03,SKU-1,Apple,Produce,1,1.50,USD,C-0336,cash
O-900337,2026-09-01,S-01,SKU-2,Bread,Bakery,10,3.00,USD,C-0337,card
O-900338,2026-09-02,S-02,SKU-3,Milk,Dairy,12,2.20,USD,C-0338,cash
O-900339,2026-09-03,S-03,SKU-4,Eggs,Dairy,9,0.35,EUR,C-0339,card
O-900340,bad-date,S-01,SKU-5,Coffee,Beverages,1,8.99,GBP,C-0340,cash
O-900341,2026-09-05,S-02,SKU-1,Apple,Produce,12,1.50,USD,C-0341,card
O-900342,2026-09-06,S-03,SKU-2,Bread,Bakery,6,3.00,USD,C-0342,cash
O-900343,2026-09-07,S-01,SKU-3,Milk,Dairy,1,2.20,USD,C-0343,card
O-900344,2026-09-08,S-02,SKU-4,Eggs,Dairy,1,0.35,EUR,C-0344,cash
O-900345,2026-09-09,S-03,SKU-5,Coffee,Beverages,10,8.99,GBP,C-0345,card
O-900346,2026-09-10,S-01,SKU-1,Apple,Produce,8,1.50,USD,C-0346,cash
O-900347,2026-09-11,S-02,SKU-2,Bread,Bakery,9,3.00,USD,C-0347,card
O-900348,2026-09-12,S-03,SKU-3,Milk,Dairy,9,2.20,USD,C-0348,cash
O-900349,2026-09-13,S-01,SKU-4,Eggs,Dairy,3,0.35,EUR,C-0349,card
O-900350,2026-09-14,S-02,SKU-5,Coffee,Beverages,1,8.99,GBP,C-0350,cash
O-900351,2026-09-15,S-03,SKU-1,Apple,Produce,9,1.50,USD,C-0351,card
O-900352,2026-09-16,S-01,SKU-2,Bread,Bakery,2,3.00,USD,C-0352,cash
O-900353,2026-09-17,S-02,SKU-3,Milk,Dairy,3,2.20,USD,C-0353,card
O-900354,2026-09-18,S-03,SKU-4,Eggs,Dairy,2,0.35,EUR,C-0354,cash
O-900355,2026-09-19,S-01,SKU-5,Coffee,Beverages,10,8.99,GBP,C-0355,card
O-900356,2026-09-20,S-02,SKU-1,Apple,Produce,2,1.50,USD,C-0356,cash
O-900357,2026-09-21,S-03,SKU-2,Bread,Bakery,11,3.00,USD,C-0357,card
O-900358,2026-09-22,S-01,SKU-3,Milk,Dairy,4,2.20,USD,C-0358,cash
O-900359,2026-09-23,S-02,SKU-4,Eggs,Dairy,7,0.35,EUR,C-0359,card
O-900360,2026-09-24,S-03,SKU-5,Coffee,Beverages,-3,8.99,GBP,C-0360,cash
O-900361,2026-09-25,S-01,SKU-1,Apple,Produce,10,1.50,USD,C-0361,card
O-900362,2026-09-26,S-02,SKU-2,Bread,Bakery,4,3.00,USD,C-0362,cash
O-900363,2026-09-27,S-03,SKU-3,Milk,Dairy,10,2.20,USD,C-0363,card
O-900364,2026-09-28,S-01,SKU-4,Eggs,Dairy,10,0.35,EUR,C-0364,cash
O-900365,2026-09-01,S-02,SKU-5,Coffee,Beverages,1,8.99,GBP,C-0365,card
O-900366,2026-09-02,S-03,SKU-1,Apple,Produce,10,1.50,USD,C-0366,cash
O-900367,2026-09-03,S-01,SKU-2,Bread,Bakery,2,3.00,USD,C-0367,card
O-900368,2026-09-04,S-02,SKU-3,Milk,Dairy,7,2.20,USD,C-0368,cash
O-900369,2026-09-05,S-03,SKU-4,Eggs,Dairy,11,0.35,EUR,C-0369,card
O-900370,2026-09-06,S-01,SKU-5,Coffee,Beverages,10,8.99,GBP,C-0370,cash
O-900371,2026-09-07,S-02,SKU-1,Apple,Produce,10,1.50,USD,C-0371,card
O-900372,2026-09-08,S-03,SKU-2,Bread,Bakery,9,3.00,USD,C-0372,cash
O-900373,2026-09-09,S-01,SKU-3,Milk,Dairy,6,2.20,USD,C-0373,card
O-900374,2026-09-10,S-02,SKU-4,Eggs,Dairy,5,0.35,EUR,C-0374,cash
O-900375,2026-09-11,S-03,SKU-5,Coffee,Beverages,4,8.99,GBP,C-0375,card
O-900376,2026-09-12,S-01,SKU-1,Apple,Produce,11,1.50,USD,C-0376,cash
O-900377,2026-09-13,S-02,SKU-2,Bread,Bakery,12,3.00,USD,C-0377,card
O-900378,2026-09-14,S-03,SKU-3,Milk,Dairy,6,2.20,USD,C-0378,cash
O-900379,2026-09-15,S-01,SKU-4,Eggs,Dairy,4,0.35,EUR,C-0379,card
O-900380,2026-09-16,S-02,SKU-999,Coffee,Beverages,5,8.99,GBP,C-0380,cash
O-900381,2026-09-17,S-03,SKU-1,Apple,Produce,7,1.50,USD,C-0381,card
O-900382,2026-09-18,S-01,SKU-2,Bread,Bakery,3,3.00,USD,C-0382,cash
O-900383,2026-09-19,S-02,SKU-3,Milk,Dairy,11,2.20,USD,C-0383,card
O-900384,2026-09-20,S-03,SKU-4,Eggs,Dairy,11,0.35,EUR,C-0384,cash
O-900385,2026-09-21,S-01,SKU-5,Coffee,Beverages,5,8.99,GBP,C-0385,card
O-900386,2026-09-22,S-02,SKU-1,Apple,Produce,8,1.50,USD,C-0386,cash
O-900387,2026-09-23,S-03,SKU-2,Bread,Bakery,6,3.00,USD,C-0387,card
O-900388,2026-09-24,S-01,SKU-3,Milk,Dairy,2,2.20,USD,C-0388,cash
O-900389,2026-09-25,S-02,SKU-4,Eggs,Dairy,1,0.35,EUR,C-0389,card
O-900390,2026-09-26,S-03,SKU-5,Coffee,Beverages,8,8.99,GBP,C-0390,cash
O-900391,2026-09-27,S-01,SKU-1,Apple,Produce,10,1.50,USD,C-0391,card
O-900392,2026-09-28,S-02,SKU-2,Bread,Bakery,10,3.00,USD,C-0392,cash
O-900393,2026-09-01,S-03,SKU-3,Milk,Dairy,2,2.20,USD,C-0393,card
O-900394,2026-09-02,S-01,SKU-4,Eggs,Dairy,2,0.35,EUR,C-0394,cash
O-900395,2026-09-03,S-02,SKU-5,Coffee,Beverages,9,8.99,GBP,C-0395,card
O-900396,2026-09-04,S-03,SKU-1,Apple,Produce,4,1.50,USD,C-0396,cash
O-900397,2026-09-05,S-01,SKU-2,Bread,Bakery,9,3.00,USD,C-0397,card
O-900398,2026-09-06,S-02,SKU-3,Milk,Dairy,5,2.20,USD,C-0398,cash
O-900399,2026-09-07,S-03,SKU-4,Eggs,Dairy,3,0.35,EUR,C-0399,card
O-900400,2026-09-08,S-01,SKU-5,Coffee,Beverages,6,,GBP,C-0400,cash
O-900401,2026-09-09,S-02,SKU-1,Apple,Produce,2,1.50,USD,C-0401,card
O-900402,2026-09-10,S-03,SKU-2,Bread,Bakery,4,3.00,USD,C-0402,cash
O-900403,2026-09-11,S-01,SKU-3,Milk,Dairy,6,2.20,USD,C-0403,card
O-900404,2026-09-12,S-02,SKU-4,Eggs,Dairy,5,0.35,EUR,C-0404,cash
O-900405,2026-09-13,S-03,SKU-5,Coffee,Beverages,3,8.99,GBP,C-0405,card
O-900406,2026-09-14,S-01,SKU-1,Apple,Produce,8,1.50,USD,C-0406,cash
O-900407,2026-09-15,S-02,SKU-2,Bread,Bakery,9,3.00,USD,C-0407,card
O-900408,2026-09-16,S-03,SKU-3,Milk,Dairy,12,2.20,USD,C-0408,cash
O-900409,2026-09-17,S-01,SKU-4,Eggs,Dairy,5,0.35,EUR,C-0409,card
O-900410,2026-09-18,S-02,SKU-5,Coffee,Beverages,10,8.99,GBP,C-0410,cash
O-900411,2026-09-19,S-03,SKU-1,Apple,Produce,11,1.50,USD,C-0411,card
O-900412,2026-09-20,S-01,SKU-2,Bread,Bakery,9,3.00,USD,C-0412,cash
O-900413,2026-09-21,S-02,SKU-3,Milk,Dairy,1,2.20,USD,C-0413,card
O-900414,2026-09-22,S-03,SKU-4,Eggs,Dairy,11,0.35,EUR,C-0414,cash
O-900415,2026-09-23,S-01,SKU-5,Coffee,Beverages,9,8.99,GBP,C-0415,card
O-900416,2026-09-24,S-02,SKU-1,Apple,Produce,5,1.50,USD,C-0416,cash
O-900417,2026-09-25,S-03,SKU-2,Bread,Bakery,11,3.00,USD,C-0417,card
O-900418,2026-09-26,S-01,SKU-3,Milk,Dairy,2,2.20,USD,C-0418,cash
O-900419,2026-09-27,S-02,SKU-4,Eggs,Dairy,3,0.35,EUR,C-0419,card
,2026-09-28,S-03,SKU-5,Coffee,Beverages,5,8.99,GBP,C-0420,cash
O-900421,2026-09-01,S-01,SKU-1,Apple,Produce,2,1.50,USD,C-0421,card
O-900422,2026-09-02,S-02,SKU-2,Bread,Bakery,2,3.00,USD,C-0422,cash
O-900423,2026-09-03,S-03,SKU-3,Milk,Dairy,12,2.20,USD,C-0423,card
O-900424,2026-09-04,S-01,SKU-4,Eggs,Dairy,9,0.35,EUR,C-0424,cash
O-900425,2026-09-05,S-02,SKU-5,Coffee,Beverages,3,8.99,GBP,C-0425,card
O-900426,2026-09-06,S-03,SKU-1,Apple,Produce,5,1.50,USD,C-0426,cash
O-900427,2026-09-07,S-01,SKU-2,Bread,Bakery,5,3.00,USD,C-0427,card
O-900428,2026-09-08,S-02,SKU-3,Milk,Dairy,10,2.20,USD,C-0428,cash
O-900429,2026-09-09,S-03,SKU-4,Eggs,Dairy,4,0.35,EUR,C-0429,card
O-900430,2026-09-10,S-01,SKU-5,Coffee,Beverages,12,8.99,GBP,C-0430,cash
O-900431,2026-09-11,S-02,SKU-1,Apple,Produce,6,1.50,USD,C-0431,card
O-900432,2026-09-12,S-03,SKU-2,Bread,Bakery,4,3.00,USD,C-0432,cash
O-900433,2026-09-13,S-01,SKU-3,Milk,Dairy,11,2.20,USD,C-0433,card
O-900434,2026-09-14,S-02,SKU-4,Eggs,Dairy,11,0.35,EUR,C-0434,cash
O-900435,2026-09-15,S-03,SKU-5,Coffee,Beverages,5,8.99,GBP,C-0435,card
O-900436,2026-09-16,S-01,SKU-1,Apple,Produce,9,1.50,USD,C-0436,cash
O-900437,2026-09-17,S-02,SKU-2,Bread,Bakery,8,3.00,USD,C-0437,card
O-900438,2026-09-18,S-03,SKU-3,Milk,Dairy,5,2.20,USD,C-0438,cash
O-900439,2026-09-19,S-01,SKU-4,Eggs,Dairy,1,0.35,EUR,C-0439,card
O-900440,2026-09-20,S-02,SKU-5,Coffee,Beverages,2,8.99,XYZ,C-0440,cash
O-900441,2026-09-21,S-03,SKU-1,Apple,Produce,11,1.50,USD,C-0441,card
O-900442,2026-09-22,S-01,SKU-2,Bread,Bakery,7,3.00,USD,C-0442,cash
O-900443,2026-09-23,S-02,SKU-3,Milk,Dairy,5,2.20,USD,C-0443,card
O-900444,2026-09-24,S-03,SKU-4,Eggs,Dairy,1,0.35,EUR,C-0444,cash
O-900445,2026-09-25,S-01,SKU-5,Coffee,Beverages,1,8.99,GBP,C-0445,card
O-900446,2026-09-26,S-02,SKU-1,Apple,Produce,6,1.50,USD,C-0446,cash
O-900447,2026-09-27,S-03,SKU-2,Bread,Bakery,3,3.00,USD,C-0447,card
O-900448,2026-09-28,S-01,SKU-3,Milk,Dairy,11,2.20,USD,C-0448,cash
O-900449,2026-09-01,S-02,SKU-4,Eggs,Dairy,5,0.35,EUR,C-0449,card
O-900450,2026-09-02,S-03,SKU-5,Coffee,Beverages,3,8.99,GBP,C-0450,cash
O-900451,2026-09-03,S-01,SKU-1,Apple,Produce,12,1.50,USD,C-0451,card
O-900452,2026-09-04,S-02,SKU-2,Bread,Bakery,8,3.00,USD,C-0452,cash
O-900453,2026-09-05,S-03,SKU-3,Milk,Dairy,9,2.20,USD,C-0453,card
O-900454,2026-09-06,S-01,SKU-4,Eggs,Dairy,12,0.35,EUR,C-0454,cash
O-900455,2026-09-07,S-02,SKU-5,Coffee,Beverages,7,8.99,GBP,C-0455,card
O-900456,2026-09-08,S-03,SKU-1,Apple,Produce,9,1.50,USD,C-0456,cash
O-900457,2026-09-09,S-01,SKU-2,Bread,Bakery,1,3.00,USD,C-0457,card
O-900458,2026-09-10,S-02,SKU-3,Milk,Dairy,2,2.20,USD,C-0458,cash
O-900459,2026-09-11,S-03,SKU-4,Eggs,Dairy,2,0.35,EUR,C-0459,card
O-900460,2026-09-12,S-01,SKU-5,Coffee,Beverages,12,8.99,GBP,C-0460,bitcoin
O-900461,2026-09-13,S-02,SKU-1,Apple,Produce,3,1.50,USD,C-0461,card
O-900462,2026-09-14,S-03,SKU-2,Bread,Bakery,9,3.00,USD,C-0462,cash
O-900463,2026-09-15,S-01,SKU-3,Milk,Dairy,1,2.20,USD,C-0463,card
O-900464,2026-09-16,S-02,SKU-4,Eggs,Dairy,6,0.35,EUR,C-0464,cash
O-900465,2026-09-17,S-03,SKU-5,Coffee,Beverages,10,8.99,GBP,C-0465,card
O-900466,2026-09-18,S-01,SKU-1,Apple,Produce,9,1.50,USD,C-0466,cash
O-900467,2026-09-19,S-02,SKU-2,Bread,Bakery,3,3.00,USD,C-0467,card
O-900468,2026-09-20,S-03,SKU-3,Milk,Dairy,7,2.20,USD,C-0468,cash
O-900469,2026-09-21,S-01,SKU-4,Eggs,Dairy,3,0.35,EUR,C-0469,card
O-900470,2026-09-22,S-02,SKU-5,Coffee,Beverages,1,8.99,GBP,C-0470,cash
O-900471,2026-09-23,S-03,SKU-1,Apple,Produce,5,1.50,USD,C-0471,card
O-900472,2026-09-24,S-01,SKU-2,Bread,Bakery,6,3.00,USD,C-0472,cash
O-900473,2026-09-25,S-02,SKU-3,Milk,Dairy,1,2.20,USD,C-0473,card
O-900474,2026-09-26,S-03,SKU-4,Eggs,Dairy,6,0.35,EUR,C-0474,cash
O-900475,2026-09-27,S-01,SKU-5,Coffee,Beverages,4,8.99,GBP,C-0475,card
O-900476,2026-09-28,S-02,SKU-1,Apple,Produce,11,1.50,USD,C-0476,cash
O-900477,2026-09-01,S-03,SKU-2,Bread,Bakery,4,3.00,USD,C-0477,card
O-900478,2026-09-02,S-01,SKU-3,Milk,Dairy,11,2.20,USD,C-0478,cash
O-900479,2026-09-03,S-02,SKU-4,Eggs,Dairy,2,0.35,EUR,C-0479,card
O-900480,2026-09-04,S-03,SKU-5,Coffee,Beverages,0,8.99,GBP,C-0480,cash
O-900481,2026-09-05,S-01,SKU-1,Apple,Produce,9,1.50,USD,C-0481,card
O-900482,2026-09-06,S-02,SKU-2,Bread,Bakery,7,3.00,USD,C-0482,cash
O-900483,2026-09-07,S-03,SKU-3,Milk,Dairy,10,2.20,USD,C-0483,card
O-900484,2026-09-08,S-01,SKU-4,Eggs,Dairy,12,0.35,EUR,C-0484,cash
O-900485,2026-09-09,S-02,SKU-5,Coffee,Beverages,3,8.99,GBP,C-0485,card
O-900486,2026-09-10,S-03,SKU-1,Apple,Produce,4,1.50,USD,C-0486,cash
O-900487,2026-09-11,S-01,SKU-2,Bread,Bakery,3,3.00,USD,C-0487,card
O-900488,2026-09-12,S-02,SKU-3,Milk,Dairy,3,2.20,USD,C-0488,cash
O-900489,2026-09-13,S-03,SKU-4,Eggs,Dairy,7,0.35,EUR,C-0489,card
O-900490,2026-09-14,S-01,SKU-5,Coffee,Beverages,1,8.99,GBP,C-0490,cash
O-900491,2026-09-15,S-02,SKU-1,Apple,Produce,3,1.50,USD,C-0491,card
O-900492,2026-09-16,S-03,SKU-2,Bread,Bakery,12,3.00,USD,C-0492,cash
O-900493,2026-09-17,S-01,SKU-3,Milk,Dairy,6,2.20,USD,C-0493,card
O-900494,2026-09-18,S-02,SKU-4,Eggs,Dairy,7,0.35,EUR,C-0494,cash
O-900495,2026-09-19,S-03,SKU-5,Coffee,Beverages,11,8.99,GBP,C-0495,card
O-900496,2026-09-20,S-01,SKU-1,Apple,Produce,12,1.50,USD,C-0496,cash
O-900497,2026-09-21,S-02,SKU-2,Bread,Bakery,4,3.00,USD,C-0497,card
O-900498,2026-09-22,S-03,SKU-3,Milk,Dairy,5,2.20,USD,C-0498,cash
O-900499,2026-09-23,S-01,SKU-4,Eggs,Dairy,3,0.35,EUR,C-0499,card
O-900500,bad-date,S-02,SKU-5,Coffee,Beverages,12,8.99,GBP,C-0500,cash
O-900501,2026-09-25,S-03,SKU-1,Apple,Produce,2,1.50,USD,C-0001,card
O-900502,2026-09-26,S-01,SKU-2,Bread,Bakery,7,3.00,USD,C-0002,cash
O-900503,2026-09-27,S-02,SKU-3,Milk,Dairy,1,2.20,USD,C-0003,card
O-900504,2026-09-28,S-03,SKU-4,Eggs,Dairy,8,0.35,EUR,C-0004,cash
O-900505,2026-09-01,S-01,SKU-5,Coffee,Beverages,4,8.99,GBP,C-0005,card
O-900506,2026-09-02,S-02,SKU-1,Apple,Produce,4,1.50,USD,C-0006,cash
O-900507,2026-09-03,S-03,SKU-2,Bread,Bakery,8,3.00,USD,C-0007,card
O-900508,2026-09-04,S-01,SKU-3,Milk,Dairy,6,2.20,USD,C-0008,cash
O-900509,2026-09-05,S-02,SKU-4,Eggs,Dairy,5,0.35,EUR,C-0009,card
O-900510,2026-09-06,S-03,SKU-5,Coffee,Beverages,4,8.99,GBP,C-0010,cash
O-900511,2026-09-07,S-01,SKU-1,Apple,Produce,4,1.50,USD,C-0011,card
O-900512,2026-09-08,S-02,SKU-2,Bread,Bakery,1,3.00,USD,C-0012,cash
O-900513,2026-09-09,S-03,SKU-3,Milk,Dairy,11,2.20,USD,C-0013,card
O-900514,2026-09-10,S-01,SKU-4,Eggs,Dairy,4,0.35,EUR,C-0014,cash
O-900515,2026-09-11,S-02,SKU-5,Coffee,Beverages,7,8.99,GBP,C-0015,card
O-900516,2026-09-12,S-03,SKU-1,Apple,Produce,6,1.50,USD,C-0016,cash
O-900517,2026-09-13,S-01,SKU-2,Bread,Bakery,5,3.00,USD,C-0017,card
O-900518,2026-09-14,S-02,SKU-3,Milk,Dairy,2,2.20,USD,C-0018,cash
O-900519,2026-09-15,S-03,SKU-4,Eggs,Dairy,5,0.35,EUR,C-0019,card
O-900520,2026-09-16,S-01,SKU-5,Coffee,Beverages,-3,8.99,GBP,C-0020,cash
O-900521,2026-09-17,S-02,SKU-1,Apple,Produce,11,1.50,USD,C-0021,card
O-900522,2026-09-18,S-03,SKU-2,Bread,Bakery,9,3.00,USD,C-0022,cash
O-900523,2026-09-19,S-01,SKU-3,Milk,Dairy,7,2.20,USD,C-0023,card
O-900524,2026-09-20,S-02,SKU-4,Eggs,Dairy,11,0.35,EUR,C-0024,cash
O-900525,2026-09-21,S-03,SKU-5,Coffee,Beverages,9,8.99,GBP,C-0025,card
O-900526,2026-09-22,S-01,SKU-1,Apple,Produce,6,1.50,USD,C-0026,cash
O-900527,2026-09-23,S-02,SKU-2,Bread,Bakery,1,3.00,USD,C-0027,card
O-900528,2026-09-24,S-03,SKU-3,Milk,Dairy,2,2.20,USD,C-0028,cash
O-900529,2026-09-25,S-01,SKU-4,Eggs,Dairy,5,0.35,EUR,C-0029,card
O-900530,2026-09-26,S-02,SKU-5,Coffee,Beverages,3,8.99,GBP,C-0030,cash
O-900531,2026-09-27,S-03,SKU-1,Apple,Produce,10,1.50,USD,C-0031,card
O-900532,2026-09-28,S-01,SKU-2,Bread,Bakery,5,3.00,USD,C-0032,cash
O-900533,2026-09-01,S-02,SKU-3,Milk,Dairy,1,2.20,USD,C-0033,card
O-900534,2026-09-02,S-03,SKU-4,Eggs,Dairy,2,0.35,EUR,C-0034,cash
O-900535,2026-09-03,S-01,SKU-5,Coffee,Beverages,10,8.99,GBP,C-0035,card
O-900536,2026-09-04,S-02,SKU-1,Apple,Produce,7,1.50,USD,C-0036,cash
O-900537,2026-09-05,S-03,SKU-2,Bread,Bakery,6,3.00,USD,C-0037,card
O-900538,2026-09-06,S-01,SKU-3,Milk,Dairy,12,2.20,USD,C-0038,cash
O-900539,2026-09-07,S-02,SKU-4,Eggs,Dairy,6,0.35,EUR,C-0039,card
O-900540,2026-09-08,S-03,SKU-999,Coffee,Beverages,7,8.99,GBP,C-0040,cash
O-900541,2026-09-09,S-01,SKU-1,Apple,Produce,10,1.50,USD,C-0041,card
O-900542,2026-09-10,S-02,SKU-2,Bread,Bakery,9,3.00,USD,C-0042,cash
O-900543,2026-09-11,S-03,SKU-3,Milk,Dairy,2,2.20,USD,C-0043,card
O-900544,2026-09-12,S-01,SKU-4,Eggs,Dairy,7,0.35,EUR,C-0044,cash
O-900545,2026-09-13,S-02,SKU-5,Coffee,Beverages,10,8.99,GBP,C-0045,card
O-900546,2026-09-14,S-03,SKU-1,Apple,Produce,4,1.50,USD,C-0046,cash
O-900547,2026-09-15,S-01,SKU-2,Bread,Bakery,5,3.00,USD,C-0047,card
O-900548,2026-09-16,S-02,SKU-3,Milk,Dairy,1,2.20,USD,C-0048,cash
O-900549,2026-09-17,S-03,SKU-4,Eggs,Dairy,12,0.35,EUR,C-0049,card
O-900550,2026-09-18,S-01,SKU-5,Coffee,Beverages,7,8.99,GBP,C-0050,cash
O-900551,2026-09-19,S-02,SKU-1,Apple,Produce,1,1.50,USD,C-0051,card
O-900552,2026-09-20,S-03,SKU-2,Bread,Bakery,9,3.00,USD,C-0052,cash
O-900553,2026-09-21,S-01,SKU-3,Milk,Dairy,9,2.20,USD,C-0053,card
O-900554,2026-09-22,S-02,SKU-4,Eggs,Dairy,11,0.35,EUR,C-0054,cash
O-900555,2026-09-23,S-03,SKU-5,Coffee,Beverages,12,8.99,GBP,C-0055,card
O-900556,2026-09-24,S-01,SKU-1,Apple,Produce,12,1.50,USD,C-0056,cash
O-900557,2026-09-25,S-02,SKU-2,Bread,Bakery,12,3.00,USD,C-0057,card
O-900558,2026-09-26,S-03,SKU-3,Milk,Dairy,11,2.20,USD,C-0058,cash
O-900559,2026-09-27,S-01,SKU-4,Eggs,Dairy,4,0.35,EUR,C-0059,card
O-900560,2026-09-28,S-02,SKU-5,Coffee,Beverages,6,,GBP,C-0060,cash
O-900561,2026-09-01,S-03,SKU-1,Apple,Produce,7,1.50,USD,C-0061,card
O-900562,2026-09-02,S-01,SKU-2,Bread,Bakery,2,3.00,USD,C-0062,cash
O-900563,2026-09-03,S-02,SKU-3,Milk,Dairy,11,2.20,USD,C-0063,card
O-900564,2026-09-04,S-03,SKU-4,Eggs,Dairy,6,0.35,EUR,C-0064,cash
O-900565,2026-09-05,S-01,SKU-5,Coffee,Beverages,10,8.99,GBP,C-0065,card
O-900566,2026-09-06,S-02,SKU-1,Apple,Produce,6,1.50,USD,C-0066,cash
O-900567,2026-09-07,S-03,SKU-2,Bread,Bakery,11,3.00,USD,C-0067,card
O-900568,2026-09-08,S-01,SKU-3,Milk,Dairy,2,2.20,USD,C-0068,cash
O-900569,2026-09-09,S-02,SKU-4,Eggs,Dairy,12,0.35,EUR,C-0069,card
O-900570,2026-09-10,S-03,SKU-5,Coffee,Beverages,5,8.99,GBP,C-0070,cash
O-900571,2026-09-11,S-01,SKU-1,Apple,Produce,9,1.50,USD,C-0071,card
O-900572,2026-09-12,S-02,SKU-2,Bread,Bakery,5,3.00,USD,C-0072,cash
O-900573,2026-09-13,S-03,SKU-3,Milk,Dairy,11,2.20,USD,C-0073,card
O-900574,2026-09-14,S-01,SKU-4,Eggs,Dairy,7,0.35,EUR,C-0074,cash
O-900575,2026-09-15,S-02,SKU-5,Coffee,Beverages,6,8.99,GBP,C-0075,card
O-900576,2026-09-16,S-03,SKU-1,Apple,Produce,7,1.50,USD,C-0076,cash
O-900577,2026-09-17,S-01,SKU-2,Bread,Bakery,12,3.00,USD,C-0077,card
O-900578,2026-09-18,S-02,SKU-3,Milk,Dairy,5,2.20,USD,C-0078,cash
O-900579,2026-09-19,S-03,SKU-4,Eggs,Dairy,9,0.35,EUR,C-0079,card
,2026-09-20,S-01,SKU-5,Coffee,Beverages,3,8.99,GBP,C-0080,cash
O-900581,2026-09-21,S-02,SKU-1,Apple,Produce,4,1.50,USD,C-0081,card
O-900582,2026-09-22,S-03,SKU-2,Bread,Bakery,7,3.00,USD,C-0082,cash
O-900583,2026-09-23,S-01,SKU-3,Milk,Dairy,11,2.20,USD,C-0083,card
O-900584,2026-09-24,S-02,SKU-4,Eggs,Dairy,7,0.35,EUR,C-0084,cash
O-900585,2026-09-25,S-03,SKU-5,Coffee,Beverages,11,8.99,GBP,C-0085,card
O-900586,2026-09-26,S-01,SKU-1,Apple,Produce,12,1.50,USD,C-0086,cash
O-900587,2026-09-27,S-02,SKU-2,Bread,Bakery,3,3.00,USD,C-0087,card
O-900588,2026-09-28,S-03,SKU-3,Milk,Dairy,10,2.20,USD,C-0088,cash
O-900589,2026-09-01,S-01,SKU-4,Eggs,Dairy,10,0.35,EUR,C-0089,card
O-900590,2026-09-02,S-02,SKU-5,Coffee,Beverages,5,8.99,GBP,C-0090,cash
O-900591,2026-09-03,S-03,SKU-1,Apple,Produce,7,1.50,USD,C-0091,card
O-900592,2026-09-04,S-01,SKU-2,Bread,Bakery,9,3.00,USD,C-0092,cash
O-900593,2026-09-05,S-02,SKU-3,Milk,Dairy,1,2.20,USD,C-0093,card
O-900594,2026-09-06,S-03,SKU-4,Eggs,Dairy,5,0.35,EUR,C-0094,cash
O-900595,2026-09-07,S-01,SKU-5,Coffee,Beverages,5,8.99,GBP,C-0095,card
O-900596,2026-09-08,S-02,SKU-1,Apple,Produce,4,1.50,USD,C-0096,cash
O-900597,2026-09-09,S-03,SKU-2,Bread,Bakery,7,3.00,USD,C-0097,card
O-900598,2026-09-10,S-01,SKU-3,Milk,Dairy,10,2.20,USD,C-0098,cash
O-900599,2026-09-11,S-02,SKU-4,Eggs,Dairy,10,0.35,EUR,C-0099,card
O-900600,2026-09-12,S-03,SKU-5,Coffee,Beverages,11,8.99,XYZ,C-0100,cash
O-900601,2026-09-13,S-01,SKU-1,Apple,Produce,6,1.50,USD,C-0101,card
O-900602,2026-09-14,S-02,SKU-2,Bread,Bakery,8,3.00,USD,C-0102,cash
O-900603,2026-09-15,S-03,SKU-3,Milk,Dairy,8,2.20,USD,C-0103,card
O-900604,2026-09-16,S-01,SKU-4,Eggs,Dairy,8,0.35,EUR,C-0104,cash
O-900605,2026-09-17,S-02,SKU-5,Coffee,Beverages,11,8.99,GBP,C-0105,card
O-900606,2026-09-18,S-03,SKU-1,Apple,Produce,4,1.50,USD,C-0106,cash
O-900607,2026-09-19,S-01,SKU-2,Bread,Bakery,9,3.00,USD,C-0107,card
O-900608,2026-09-20,S-02,SKU-3,Milk,Dairy,8,2.20,USD,C-0108,cash
O-900609,2026-09-21,S-03,SKU-4,Eggs,Dairy,12,0.35,EUR,C-0109,card
O-900610,2026-09-22,S-01,SKU-5,Coffee,Beverages,3,8.99,GBP,C-0110,cash
O-900611,2026-09-23,S-02,SKU-1,Apple,Produce,11,1.50,USD,C-0111,card
O-900612,2026-09-24,S-03,SKU-2,Bread,Bakery,2,3.00,USD,C-0112,cash
O-900613,2026-09-25,S-01,SKU-3,Milk,Dairy,5,2.20,USD,C-0113,card
O-900614,2026-09-26,S-02,SKU-4,Eggs,Dairy,9,0.35,EUR,C-0114,cash
O-900615,2026-09-27,S-03,SKU-5,Coffee,Beverages,11,8.99,GBP,C-0115,card
O-900616,2026-09-28,S-01,SKU-1,Apple,Produce,11,1.50,USD,C-0116,cash
O-900617,2026-09-01,S-02,SKU-2,Bread,Bakery,10,3.00,USD,C-0117,card
O-900618,2026-09-02,S-03,SKU-3,Milk,Dairy,6,2.20,USD,C-0118,cash
O-900619,2026-09-03,S-01,SKU-4,Eggs,Dairy,2,0.35,EUR,C-0119,card
O-900620,2026-09-04,S-02,SKU-5,Coffee,Beverages,4,8.99,GBP,C-0120,bitcoin
O-900621,2026-09-05,S-03,SKU-1,Apple,Produce,11,1.50,USD,C-0121,card
O-900622,2026-09-06,S-01,SKU-2,Bread,Bakery,5,3.00,USD,C-0122,cash
O-900623,2026-09-07,S-02,SKU-3,Milk,Dairy,4,2.20,USD,C-0123,card
O-900624,2026-09-08,S-03,SKU-4,Eggs,Dairy,4,0.35,EUR,C-0124,cash
O-900625,2026-09-09,S-01,SKU-5,Coffee,Beverages,3,8.99,GBP,C-0125,card
O-900626,2026-09-10,S-02,SKU-1,Apple,Produce,1,1.50,USD,C-0126,cash
O-900627,2026-09-11,S-03,SKU-2,Bread,Bakery,1,3.00,USD,C-0127,card
O-900628,2026-09-12,S-01,SKU-3,Milk,Dairy,4,2.20,USD,C-0128,cash
O-900629,2026-09-13,S-02,SKU-4,Eggs,Dairy,8,0.35,EUR,C-0129,card
O-900630,2026-09-14,S-03,SKU-5,Coffee,Beverages,10,8.99,GBP,C-0130,cash
O-900631,2026-09-15,S-01,SKU-1,Apple,Produce,2,1.50,USD,C-0131,card
O-900632,2026-09-16,S-02,SKU-2,Bread,Bakery,8,3.00,USD,C-0132,cash
O-900633,2026-09-17,S-03,SKU-3,Milk,Dairy,7,2.20,USD,C-0133,card
O-900634,2026-09-18,S-01,SKU-4,Eggs,Dairy,11,0.35,EUR,C-0134,cash
O-900635,2026-09-19,S-02,SKU-5,Coffee,Beverages,10,8.99,GBP,C-0135,card
O-900636,2026-09-20,S-03,SKU-1,Apple,Produce,4,1.50,USD,C-0136,cash
O-900637,2026-09-21,S-01,SKU-2,Bread,Bakery,12,3.00,USD,C-0137,card
O-900638,2026-09-22,S-02,SKU-3,Milk,Dairy,12,2.20,USD,C-0138,cash
O-900639,2026-09-23,S-03,SKU-4,Eggs,Dairy,7,0.35,EUR,C-0139,card
O-900640,2026-09-24,S-01,SKU-5,Coffee,Beverages,0,8.99,GBP,C-0140,cash
O-900641,2026-09-25,S-02,SKU-1,Apple,Produce,7,1.50,USD,C-0141,card
O-900642,2026-09-26,S-03,SKU-2,Bread,Bakery,4,3.00,USD,C-0142,cash
O-900643,2026-09-27,S-01,SKU-3,Milk,Dairy,3,2.20,USD,C-0143,card
O-900644,2026-09-28,S-02,SKU-4,Eggs,Dairy,11,0.35,EUR,C-0144,cash
O-900645,2026-09-01,S-03,SKU-5,Coffee,Beverages,12,8.99,GBP,C-0145,card
O-900646,2026-09-02,S-01,SKU-1,Apple,Produce,1,1.50,USD,C-0146,cash
O-900647,2026-09-03,S-02,SKU-2,Bread,Bakery,2,3.00,USD,C-0147,card
O-900648,2026-09-04,S-03,SKU-3,Milk,Dairy,7,2.20,USD,C-0148,cash
O-900649,2026-09-05,S-01,SKU-4,Eggs,Dairy,4,0.35,EUR,C-0149,card
O-900650,2026-09-06,S-02,SKU-5,Coffee,Beverages,3,8.99,GBP,C-0150,cash
O-900651,2026-09-07,S-03,SKU-1,Apple,Produce,12,1.50,USD,C-0151,card
O-900652,2026-09-08,S-01,SKU-2,Bread,Bakery,9,3.00,USD,C-0152,cash
O-900653,2026-09-09,S-02,SKU-3,Milk,Dairy,8,2.20,USD,C-0153,card
O-900654,2026-09-10,S-03,SKU-4,Eggs,Dairy,1,0.35,EUR,C-0154,cash
O-900655,2026-09-11,S-01,SKU-5,Coffee,Beverages,9,8.99,GBP,C-0155,card
O-900656,2026-09-12,S-02,SKU-1,Apple,Produce,4,1.50,USD,C-0156,cash
O-900657,2026-09-13,S-03,SKU-2,Bread,Bakery,2,3.00,USD,C-0157,card
O-900658,2026-09-14,S-01,SKU-3,Milk,Dairy,8,2.20,USD,C-0158,cash
O-900659,2026-09-15,S-02,SKU-4,Eggs,Dairy,3,0.35,EUR,C-0159,card
O-900660,bad-date,S-03,SKU-5,Coffee,Beverages,8,8.99,GBP,C-0160,cash
O-900661,2026-09-17,S-01,SKU-1,Apple,Produce,11,1.50,USD,C-0161,card
O-900662,2026-09-18,S-02,SKU-2,Bread,Bakery,9,3.00,USD,C-0162,cash
O-900663,2026-09-19,S-03,SKU-3,Milk,Dairy,9,2.20,USD,C-0163,card
O-900664,2026-09-20,S-01,SKU-4,Eggs,Dairy,10,0.35,EUR,C-0164,cash
O-900665,2026-09-21,S-02,SKU-5,Coffee,Beverages,6,8.99,GBP,C-0165,card
O-900666,2026-09-22,S-03,SKU-1,Apple,Produce,8,1.50,USD,C-0166,cash
O-900667,2026-09-23,S-01,SKU-2,Bread,Bakery,10,3.00,USD,C-0167,card
O-900668,2026-09-24,S-02,SKU-3,Milk,Dairy,12,2.20,USD,C-0168,cash
O-900669,2026-09-25,S-03,SKU-4,Eggs,Dairy,9,0.35,EUR,C-0169,card
O-900670,2026-09-26,S-01,SKU-5,Coffee,Beverages,7,8.99,GBP,C-0170,cash
O-900671,2026-09-27,S-02,SKU-1,Apple,Produce,9,1.50,USD,C-0171,card
O-900672,2026-09-28,S-03,SKU-2,Bread,Bakery,8,3.00,USD,C-0172,cash
O-900673,2026-09-01,S-01,SKU-3,Milk,Dairy,3,2.20,USD,C-0173,card
O-900674,2026-09-02,S-02,SKU-4,Eggs,Dairy,12,0.35,EUR,C-0174,cash
O-900675,2026-09-03,S-03,SKU-5,Coffee,Beverages,8,8.99,GBP,C-0175,card
O-900676,2026-09-04,S-01,SKU-1,Apple,Produce,8,1.50,USD,C-0176,cash
O-900677,2026-09-05,S-02,SKU-2,Bread,Bakery,5,3.00,USD,C-0177,card
O-900678,2026-09-06,S-03,SKU-3,Milk,Dairy,4,2.20,USD,C-0178,cash
O-900679,2026-09-07,S-01,SKU-4,Eggs,Dairy,11,0.35,EUR,C-0179,card
O-900680,2026-09-08,S-02,SKU-5,Coffee,Beverages,-3,8.99,GBP,C-0180,cash
O-900681,2026-09-09,S-03,SKU-1,Apple,Produce,9,1.50,USD,C-0181,card
O-900682,2026-09-10,S-01,SKU-2,Bread,Bakery,8,3.00,USD,C-0182,cash
O-900683,2026-09-11,S-02,SKU-3,Milk,Dairy,11,2.20,USD,C-0183,card
O-900684,2026-09-12,S-03,SKU-4,Eggs,Dairy,4,0.35,EUR,C-0184,cash
O-900685,2026-09-13,S-01,SKU-5,Coffee,Beverages,5,8.99,GBP,C-0185,card
O-900686,2026-09-14,S-02,SKU-1,Apple,Produce,8,1.50,USD,C-0186,cash
O-900687,2026-09-15,S-03,SKU-2,Bread,Bakery,2,3.00,USD,C-0187,card
O-900688,2026-09-16,S-01,SKU-3,Milk,Dairy,12,2.20,USD,C-0188,cash
O-900689,2026-09-17,S-02,SKU-4,Eggs,Dairy,5,0.35,EUR,C-0189,card
O-900690,2026-09-18,S-03,SKU-5,Coffee,Beverages,4,8.99,GBP,C-0190,cash
O-900691,2026-09-19,S-01,SKU-1,Apple,Produce,5,1.50,USD,C-0191,card
O-900692,2026-09-20,S-02,SKU-2,Bread,Bakery,6,3.00,USD,C-0192,cash
O-900693,2026-09-21,S-03,SKU-3,Milk,Dairy,6,2.20,USD,C-0193,card
O-900694,2026-09-22,S-01,SKU-4,Eggs,Dairy,9,0.35,EUR,C-0194,cash
O-900695,2026-09-23,S-02,SKU-5,Coffee,Beverages,2,8.99,GBP,C-0195,card
O-900696,2026-09-24,S-03,SKU-1,Apple,Produce,3,1.50,USD,C-0196,cash
O-900697,2026-09-25,S-01,SKU-2,Bread,Bakery,3,3.00,USD,C-0197,card
O-900698,2026-09-26,S-02,SKU-3,Milk,Dairy,4,2.20,USD,C-0198,cash
O-900699,2026-09-27,S-03,SKU-4,Eggs,Dairy,7,0.35,EUR,C-0199,card
O-900700,2026-09-28,S-01,SKU-999,Coffee,Beverages,12,8.99,GBP,C-0200,cash
O-900701,2026-09-01,S-02,SKU-1,Apple,Produce,3,1.50,USD,C-0201,card
O-900702,2026-09-02,S-03,SKU-2,Bread,Bakery,12,3.00,USD,C-0202,cash
O-900703,2026-09-03,S-01,SKU-3,Milk,Dairy,4,2.20,USD,C-0203,card
O-900704,2026-09-04,S-02,SKU-4,Eggs,Dairy,2,0.35,EUR,C-0204,cash
O-900705,2026-09-05,S-03,SKU-5,Coffee,Beverages,7,8.99,GBP,C-0205,card
O-900706,2026-09-06,S-01,SKU-1,Apple,Produce,7,1.50,USD,C-0206,cash
O-900707,2026-09-07,S-02,SKU-2,Bread,Bakery,6,3.00,USD,C-0207,card
O-900708,2026-09-08,S-03,SKU-3,Milk,Dairy,9,2.20,USD,C-0208,cash
O-900709,2026-09-09,S-01,SKU-4,Eggs,Dairy,8,0.35,EUR,C-0209,card
O-900710,2026-09-10,S-02,SKU-5,Coffee,Beverages,7,8.99,GBP,C-0210,cash
O-900711,2026-09-11,S-03,SKU-1,Apple,Produce,1,1.50,USD,C-0211,card
O-900712,2026-09-12,S-01,SKU-2,Bread,Bakery,4,3.00,USD,C-0212,cash
O-900713,2026-09-13,S-02,SKU-3,Milk,Dairy,7,2.20,USD,C-0213,card
O-900714,2026-09-14,S-03,SKU-4,Eggs,Dairy,7,0.35,EUR,C-0214,cash
O-900715,2026-09-15,S-01,SKU-5,Coffee,Beverages,10,8.99,GBP,C-0215,card
O-900716,2026-09-16,S-02,SKU-1,Apple,Produce,12,1.50,USD,C-0216,cash
O-900717,2026-09-17,S-03,SKU-2,Bread,Bakery,1,3.00,USD,C-0217,card
O-900718,2026-09-18,S-01,SKU-3,Milk,Dairy,10,2.20,USD,C-0218,cash
O-900719,2026-09-19,S-02,SKU-4,Eggs,Dairy,7,0.35,EUR,C-0219,card
O-900720,2026-09-20,S-03,SKU-5,Coffee,Beverages,8,,GBP,C-0220,cash
O-900721,2026-09-21,S-01,SKU-1,Apple,Produce,1,1.50,USD,C-0221,card
O-900722,2026-09-22,S-02,SKU-2,Bread,Bakery,6,3.00,USD,C-0222,cash
O-900723,2026-09-23,S-03,SKU-3,Milk,Dairy,5,2.20,USD,C-0223,card
O-900724,2026-09-24,S-01,SKU-4,Eggs,Dairy,7,0.35,EUR,C-0224,cash
O-900725,2026-09-25,S-02,SKU-5,Coffee,Beverages,7,8.99,GBP,C-0225,card
O-900726,2026-09-26,S-03,SKU-1,Apple,Produce,9,1.50,USD,C-0226,cash
O-900727,2026-09-27,S-01,SKU-2,Bread,Bakery,12,3.00,USD,C-0227,card
O-900728,2026-09-28,S-02,SKU-3,Milk,Dairy,12,2.20,USD,C-0228,cash
O-900729,2026-09-01,S-03,SKU-4,Eggs,Dairy,9,0.35,EUR,C-0229,card
O-900730,2026-09-02,S-01,SKU-5,Coffee,Beverages,10,8.99,GBP,C-0230,cash
O-900731,2026-09-03,S-02,SKU-1,Apple,Produce,4,1.50,USD,C-0231,card
O-900732,2026-09-04,S-03,SKU-2,Bread,Bakery,8,3.00,USD,C-0232,cash
O-900733,2026-09-05,S-01,SKU-3,Milk,Dairy,4,2.20,USD,C-0233,card
O-900734,2026-09-06,S-02,SKU-4,Eggs,Dairy,5,0.35,EUR,C-0234,cash
O-900735,2026-09-07,S-03,SKU-5,Coffee,Beverages,7,8.99,GBP,C-0235,card
O-900736,2026-09-08,S-01,SKU-1,Apple,Produce,8,1.50,USD,C-0236,cash
O-900737,2026-09-09,S-02,SKU-2,Bread,Bakery,1,3.00,USD,C-0237,card
O-900738,2026-09-10,S-03,SKU-3,Milk,Dairy,7,2.20,USD,C-0238,cash
O-900739,2026-09-11,S-01,SKU-4,Eggs,Dairy,6,0.35,EUR,C-0239,card
,2026-09-12,S-02,SKU-5,Coffee,Beverages,11,8.99,GBP,C-0240,cash
O-900741,2026-09-13,S-03,SKU-1,Apple,Produce,11,1.50,USD,C-0241,card
O-900742,2026-09-14,S-01,SKU-2,Bread,Bakery,7,3.00,USD,C-0242,cash
O-900743,2026-09-15,S-02,SKU-3,Milk,Dairy,12,2.20,USD,C-0243,card
O-900744,2026-09-16,S-03,SKU-4,Eggs,Dairy,3,0.35,EUR,C-0244,cash
O-900745,2026-09-17,S-01,SKU-5,Coffee,Beverages,8,8.99,GBP,C-0245,card
O-900746,2026-09-18,S-02,SKU-1,Apple,Produce,3,1.50,USD,C-0246,cash
O-900747,2026-09-19,S-03,SKU-2,Bread,Bakery,10,3.00,USD,C-0247,card
O-900748,2026-09-20,S-01,SKU-3,Milk,Dairy,9,2.20,USD,C-0248,cash
O-900749,2026-09-21,S-02,SKU-4,Eggs,Dairy,1,0.35,EUR,C-0249,card
O-900750,2026-09-22,S-03,SKU-5,Coffee,Beverages,7,8.99,GBP,C-0250,cash
O-900751,2026-09-23,S-01,SKU-1,Apple,Produce,10,1.50,USD,C-0251,card
O-900752,2026-09-24,S-02,SKU-2,Bread,Bakery,10,3.00,USD,C-0252,cash
O-900753,2026-09-25,S-03,SKU-3,Milk,Dairy,11,2.20,USD,C-0253,card
O-900754,2026-09-26,S-01,SKU-4,Eggs,Dairy,1,0.35,EUR,C-0254,cash
O-900755,2026-09-27,S-02,SKU-5,Coffee,Beverages,2,8.99,GBP,C-0255,card
O-900756,2026-09-28,S-03,SKU-1,Apple,Produce,11,1.50,USD,C-0256,cash
O-900757,2026-09-01,S-01,SKU-2,Bread,Bakery,7,3.00,USD,C-0257,card
O-900758,2026-09-02,S-02,SKU-3,Milk,Dairy,3,2.20,USD,C-0258,cash
O-900759,2026-09-03,S-03,SKU-4,Eggs,Dairy,8,0.35,EUR,C-0259,card
O-900760,2026-09-04,S-01,SKU-5,Coffee,Beverages,3,8.99,XYZ,C-0260,cash
O-900761,2026-09-05,S-02,SKU-1,Apple,Produce,1,1.50,USD,C-0261,card
O-900762,2026-09-06,S-03,SKU-2,Bread,Bakery,5,3.00,USD,C-0262,cash
O-900763,2026-09-07,S-01,SKU-3,Milk,Dairy,7,2.20,USD,C-0263,card
O-900764,2026-09-08,S-02,SKU-4,Eggs,Dairy,6,0.35,EUR,C-0264,cash
O-900765,2026-09-09,S-03,SKU-5,Coffee,Beverages,4,8.99,GBP,C-0265,card
O-900766,2026-09-10,S-01,SKU-1,Apple,Produce,8,1.50,USD,C-0266,cash
O-900767,2026-09-11,S-02,SKU-2,Bread,Bakery,6,3.00,USD,C-0267,card
O-900768,2026-09-12,S-03,SKU-3,Milk,Dairy,6,2.20,USD,C-0268,cash
O-900769,2026-09-13,S-01,SKU-4,Eggs,Dairy,7,0.35,EUR,C-0269,card
O-900770,2026-09-14,S-02,SKU-5,Coffee,Beverages,5,8.99,GBP,C-0270,cash
O-900771,2026-09-15,S-03,SKU-1,Apple,Produce,7,1.50,USD,C-0271,card
O-900772,2026-09-16,S-01,SKU-2,Bread,Bakery,5,3.00,USD,C-0272,cash
O-900773,2026-09-17,S-02,SKU-3,Milk,Dairy,2,2.20,USD,C-0273,card
O-900774,2026-09-18,S-03,SKU-4,Eggs,Dairy,8,0.35,EUR,C-0274,cash
O-900775,2026-09-19,S-01,SKU-5,Coffee,Beverages,1,8.99,GBP,C-0275,card
O-900776,2026-09-20,S-02,SKU-1,Apple,Produce,12,1.50,USD,C-0276,cash
O-900777,2026-09-21,S-03,SKU-2,Bread,Bakery,9,3.00,USD,C-0277,card
O-900778,2026-09-22,S-01,SKU-3,Milk,Dairy,1,2.20,USD,C-0278,cash
O-900779,2026-09-23,S-02,SKU-4,Eggs,Dairy,6,0.35,EUR,C-0279,card
O-900780,2026-09-24,S-03,SKU-5,Coffee,Beverages,4,8.99,GBP,C-0280,bitcoin
O-900781,2026-09-25,S-01,SKU-1,Apple,Produce,11,1.50,USD,C-0281,card
O-900782,2026-09-26,S-02,SKU-2,Bread,Bakery,2,3.00,USD,C-0282,cash
O-900783,2026-09-27,S-03,SKU-3,Milk,Dairy,11,2.20,USD,C-0283,card
O-900784,2026-09-28,S-01,SKU-4,Eggs,Dairy,1,0.35,EUR,C-0284,cash
O-900785,2026-09-01,S-02,SKU-5,Coffee,Beverages,1,8.99,GBP,C-0285,card
O-900786,2026-09-02,S-03,SKU-1,Apple,Produce,4,1.50,USD,C-0286,cash
O-900787,2026-09-03,S-01,SKU-2,Bread,Bakery,4,3.00,USD,C-0287,card
O-900788,2026-09-04,S-02,SKU-3,Milk,Dairy,1,2.20,USD,C-0288,cash
O-900789,2026-09-05,S-03,SKU-4,Eggs,Dairy,10,0.35,EUR,C-0289,card
O-900790,2026-09-06,S-01,SKU-5,Coffee,Beverages,3,8.99,GBP,C-0290,cash
O-900791,2026-09-07,S-02,SKU-1,Apple,Produce,4,1.50,USD,C-0291,card
O-900792,2026-09-08,S-03,SKU-2,Bread,Bakery,3,3.00,USD,C-0292,cash
O-900793,2026-09-09,S-01,SKU-3,Milk,Dairy,8,2.20,USD,C-0293,card
O-900794,2026-09-10,S-02,SKU-4,Eggs,Dairy,11,0.35,EUR,C-0294,cash
O-900795,2026-09-11,S-03,SKU-5,Coffee,Beverages,2,8.99,GBP,C-0295,card
O-900796,2026-09-12,S-01,SKU-1,Apple,Produce,10,1.50,USD,C-0296,cash
O-900797,2026-09-13,S-02,SKU-2,Bread,Bakery,4,3.00,USD,C-0297,card
O-900798,2026-09-14,S-03,SKU-3,Milk,Dairy,8,2.20,USD,C-0298,cash
O-900799,2026-09-15,S-01,SKU-4,Eggs,Dairy,12,0.35,EUR,C-0299,card
O-900800,2026-09-16,S-02,SKU-5,Coffee,Beverages,0,8.99,GBP,C-0300,cash
O-900801,2026-09-17,S-03,SKU-1,Apple,Produce,6,1.50,USD,C-0301,card
O-900802,2026-09-18,S-01,SKU-2,Bread,Bakery,3,3.00,USD,C-0302,cash
O-900803,2026-09-19,S-02,SKU-3,Milk,Dairy,10,2.20,USD,C-0303,card
O-900804,2026-09-20,S-03,SKU-4,Eggs,Dairy,10,0.35,EUR,C-0304,cash
O-900805,2026-09-21,S-01,SKU-5,Coffee,Beverages,12,8.99,GBP,C-0305,card
O-900806,2026-09-22,S-02,SKU-1,Apple,Produce,12,1.50,USD,C-0306,cash
O-900807,2026-09-23,S-03,SKU-2,Bread,Bakery,2,3.00,USD,C-0307,card
O-900808,2026-09-24,S-01,SKU-3,Milk,Dairy,3,2.20,USD,C-0308,cash
O-900809,2026-09-25,S-02,SKU-4,Eggs,Dairy,5,0.35,EUR,C-0309,card
O-900810,2026-09-26,S-03,SKU-5,Coffee,Beverages,2,8.99,GBP,C-0310,cash
O-900811,2026-09-27,S-01,SKU-1,Apple,Produce,10,1.50,USD,C-0311,card
O-900812,2026-09-28,S-02,SKU-2,Bread,Bakery,1,3.00,USD,C-0312,cash
O-900813,2026-09-01,S-03,SKU-3,Milk,Dairy,5,2.20,USD,C-0313,card
O-900814,2026-09-02,S-01,SKU-4,Eggs,Dairy,10,0.35,EUR,C-0314,cash
O-900815,2026-09-03,S-02,SKU-5,Coffee,Beverages,11,8.99,GBP,C-0315,card
O-900816,2026-09-04,S-03,SKU-1,Apple,Produce,7,1.50,USD,C-0316,cash
O-900817,2026-09-05,S-01,SKU-2,Bread,Bakery,7,3.00,USD,C-0317,card
O-900818,2026-09-06,S-02,SKU-3,Milk,Dairy,12,2.20,USD,C-0318,cash
O-900819,2026-09-07,S-03,SKU-4,Eggs,Dairy,4,0.35,EUR,C-0319,card
O-900820,bad-date,S-01,SKU-5,Coffee,Beverages,2,8.99,GBP,C-0320,cash
O-900821,2026-09-09,S-02,SKU-1,Apple,Produce,10,1.50,USD,C-0321,card
O-900822,2026-09-10,S-03,SKU-2,Bread,Bakery,12,3.00,USD,C-0322,cash
O-900823,2026-09-11,S-01,SKU-3,Milk,Dairy,11,2.20,USD,C-0323,card
O-900824,2026-09-12,S-02,SKU-4,Eggs,Dairy,4,0.35,EUR,C-0324,cash
O-900825,2026-09-13,S-03,SKU-5,Coffee,Beverages,2,8.99,GBP,C-0325,card
O-900826,2026-09-14,S-01,SKU-1,Apple,Produce,12,1.50,USD,C-0326,cash
O-900827,2026-09-15,S-02,SKU-2,Bread,Bakery,5,3.00,USD,C-0327,card
O-900828,2026-09-16,S-03,SKU-3,Milk,Dairy,11,2.20,USD,C-0328,cash
O-900829,2026-09-17,S-01,SKU-4,Eggs,Dairy,10,0.35,EUR,C-0329,card
O-900830,2026-09-18,S-02,SKU-5,Coffee,Beverages,2,8.99,GBP,C-0330,cash
O-900831,2026-09-19,S-03,SKU-1,Apple,Produce,10,1.50,USD,C-0331,card
O-900832,2026-09-20,S-01,SKU-2,Bread,Bakery,1,3.00,USD,C-0332,cash
O-900833,2026-09-21,S-02,SKU-3,Milk,Dairy,6,2.20,USD,C-0333,card
O-900834,2026-09-22,S-03,SKU-4,Eggs,Dairy,9,0.35,EUR,C-0334,cash
O-900835,2026-09-23,S-01,SKU-5,Coffee,Beverages,7,8.99,GBP,C-0335,card
O-900836,2026-09-24,S-02,SKU-1,Apple,Produce,11,1.50,USD,C-0336,cash
O-900837,2026-09-25,S-03,SKU-2,Bread,Bakery,6,3.00,USD,C-0337,card
O-900838,2026-09-26,S-01,SKU-3,Milk,Dairy,2,2.20,USD,C-0338,cash
O-900839,2026-09-27,S-02,SKU-4,Eggs,Dairy,9,0.35,EUR,C-0339,card
O-900840,2026-09-28,S-03,SKU-5,Coffee,Beverages,-3,8.99,GBP,C-0340,cash
O-900841,2026-09-01,S-01,SKU-1,Apple,Produce,6,1.50,USD,C-0341,card
O-900842,2026-09-02,S-02,SKU-2,Bread,Bakery,1,3.00,USD,C-0342,cash
O-900843,2026-09-03,S-03,SKU-3,Milk,Dairy,7,2.20,USD,C-0343,card
O-900844,2026-09-04,S-01,SKU-4,Eggs,Dairy,8,0.35,EUR,C-0344,cash
O-900845,2026-09-05,S-02,SKU-5,Coffee,Beverages,2,8.99,GBP,C-0345,card
O-900846,2026-09-06,S-03,SKU-1,Apple,Produce,7,1.50,USD,C-0346,cash
O-900847,2026-09-07,S-01,SKU-2,Bread,Bakery,6,3.00,USD,C-0347,card
O-900848,2026-09-08,S-02,SKU-3,Milk,Dairy,11,2.20,USD,C-0348,cash
O-900849,2026-09-09,S-03,SKU-4,Eggs,Dairy,8,0.35,EUR,C-0349,card
O-900850,2026-09-10,S-01,SKU-5,Coffee,Beverages,12,8.99,GBP,C-0350,cash
O-900851,2026-09-11,S-02,SKU-1,Apple,Produce,3,1.50,USD,C-0351,card
O-900852,2026-09-12,S-03,SKU-2,Bread,Bakery,7,3.00,USD,C-0352,cash
O-900853,2026-09-13,S-01,SKU-3,Milk,Dairy,3,2.20,USD,C-0353,card
O-900854,2026-09-14,S-02,SKU-4,Eggs,Dairy,12,0.35,EUR,C-0354,cash
O-900855,2026-09-15,S-03,SKU-5,Coffee,Beverages,9,8.99,GBP,C-0355,card
O-900856,2026-09-16,S-01,SKU-1,Apple,Produce,11,1.50,USD,C-0356,cash
O-900857,2026-09-17,S-02,SKU-2,Bread,Bakery,5,3.00,USD,C-0357,card
O-900858,2026-09-18,S-03,SKU-3,Milk,Dairy,10,2.20,USD,C-0358,cash
O-900859,2026-09-19,S-01,SKU-4,Eggs,Dairy,9,0.35,EUR,C-0359,card
O-900860,2026-09-20,S-02,SKU-999,Coffee,Beverages,8,8.99,GBP,C-0360,cash
O-900861,2026-09-21,S-03,SKU-1,Apple,Produce,8,1.50,USD,C-0361,card
O-900862,2026-09-22,S-01,SKU-2,Bread,Bakery,7,3.00,USD,C-0362,cash
O-900863,2026-09-23,S-02,SKU-3,Milk,Dairy,12,2.20,USD,C-0363,card
O-900864,2026-09-24,S-03,SKU-4,Eggs,Dairy,10,0.35,EUR,C-0364,cash
O-900865,2026-09-25,S-01,SKU-5,Coffee,Beverages,5,8.99,GBP,C-0365,card
O-900866,2026-09-26,S-02,SKU-1,Apple,Produce,6,1.50,USD,C-0366,cash
O-900867,2026-09-27,S-03,SKU-2,Bread,Bakery,4,3.00,USD,C-0367,card
O-900868,2026-09-28,S-01,SKU-3,Milk,Dairy,2,2.20,USD,C-0368,cash
O-900869,2026-09-01,S-02,SKU-4,Eggs,Dairy,5,0.35,EUR,C-0369,card
O-900870,2026-09-02,S-03,SKU-5,Coffee,Beverages,8,8.99,GBP,C-0370,cash
O-900871,2026-09-03,S-01,SKU-1,Apple,Produce,4,1.50,USD,C-0371,card
O-900872,2026-09-04,S-02,SKU-2,Bread,Bakery,8,3.00,USD,C-0372,cash
O-900873,2026-09-05,S-03,SKU-3,Milk,Dairy,10,2.20,USD,C-0373,card
O-900874,2026-09-06,S-01,SKU-4,Eggs,Dairy,10,0.35,EUR,C-0374,cash
O-900875,2026-09-07,S-02,SKU-5,Coffee,Beverages,11,8.99,GBP,C-0375,card
O-900876,2026-09-08,S-03,SKU-1,Apple,Produce,7,1.50,USD,C-0376,cash
O-900877,2026-09-09,S-01,SKU-2,Bread,Bakery,6,3.00,USD,C-0377,card
O-900878,2026-09-10,S-02,SKU-3,Milk,Dairy,1,2.20,USD,C-0378,cash
O-900879,2026-09-11,S-03,SKU-4,Eggs,Dairy,8,0.35,EUR,C-0379,card
O-900880,2026-09-12,S-01,SKU-5,Coffee,Beverages,6,,GBP,C-0380,cash
O-900881,2026-09-13,S-02,SKU-1,Apple,Produce,3,1.50,USD,C-0381,card
O-900882,2026-09-14,S-03,SKU-2,Bread,Bakery,8,3.00,USD,C-0382,cash
O-900883,2026-09-15,S-01,SKU-3,Milk,Dairy,4,2.20,USD,C-0383,card
O-900884,2026-09-16,S-02,SKU-4,Eggs,Dairy,6,0.35,EUR,C-0384,cash
O-900885,2026-09-17,S-03,SKU-5,Coffee,Beverages,5,8.99,GBP,C-0385,card
O-900886,2026-09-18,S-01,SKU-1,Apple,Produce,6,1.50,USD,C-0386,cash
O-900887,2026-09-19,S-02,SKU-2,Bread,Bakery,5,3.00,USD,C-0387,card
O-900888,2026-09-20,S-03,SKU-3,Milk,Dairy,10,2.20,USD,C-0388,cash
O-900889,2026-09-21,S-01,SKU-4,Eggs,Dairy,12,0.35,EUR,C-0389,card
O-900890,2026-09-22,S-02,SKU-5,Coffee,Beverages,5,8.99,GBP,C-0390,cash
O-900891,2026-09-23,S-03,SKU-1,Apple,Produce,9,1.50,USD,C-0391,card
O-900892,2026-09-24,S-01,SKU-2,Bread,Bakery,1,3.00,USD,C-0392,cash
O-900893,2026-09-25,S-02,SKU-3,Milk,Dairy,9,2.20,USD,C-0393,card
O-900894,2026-09-26,S-03,SKU-4,Eggs,Dairy,4,0.35,EUR,C-0394,cash
O-900895,2026-09-27,S-01,SKU-5,Coffee,Beverages,2,8.99,GBP,C-0395,card
O-900896,2026-09-28,S-02,SKU-1,Apple,Produce,4,1.50,USD,C-0396,cash
O-900897,2026-09-01,S-03,SKU-2,Bread,Bakery,12,3.00,USD,C-0397,card
O-900898,2026-09-02,S-01,SKU-3,Milk,Dairy,7,2.20,USD,C-0398,cash
O-900899,2026-09-03,S-02,SKU-4,Eggs,Dairy,8,0.35,EUR,C-0399,card
,2026-09-04,S-03,SKU-5,Coffee,Beverages,9,8.99,GBP,C-0400,cash
O-900901,2026-09-05,S-01,SKU-1,Apple,Produce,4,1.50,USD,C-0401,card
O-900902,2026-09-06,S-02,SKU-2,Bread,Bakery,12,3.00,USD,C-0402,cash
O-900903,2026-09-07,S-03,SKU-3,Milk,Dairy,8,2.20,USD,C-0403,card
O-900904,2026-09-08,S-01,SKU-4,Eggs,Dairy,11,0.35,EUR,C-0404,cash
O-900905,2026-09-09,S-02,SKU-5,Coffee,Beverages,12,8.99,GBP,C-0405,card
O-900906,2026-09-10,S-03,SKU-1,Apple,Produce,8,1.50,USD,C-0406,cash
O-900907,2026-09-11,S-01,SKU-2,Bread,Bakery,8,3.00,USD,C-0407,card
O-900908,2026-09-12,S-02,SKU-3,Milk,Dairy,1,2.20,USD,C-0408,cash
O-900909,2026-09-13,S-03,SKU-4,Eggs,Dairy,2,0.35,EUR,C-0409,card
O-900910,2026-09-14,S-01,SKU-5,Coffee,Beverages,5,8.99,GBP,C-0410,cash
O-900911,2026-09-15,S-02,SKU-1,Apple,Produce,4,1.50,USD,C-0411,card
O-900912,2026-09-16,S-03,SKU-2,Bread,Bakery,7,3.00,USD,C-0412,cash
O-900913,2026-09-17,S-01,SKU-3,Milk,Dairy,12,2.20,USD,C-0413,card
O-900914,2026-09-18,S-02,SKU-4,Eggs,Dairy,4,0.35,EUR,C-0414,cash
O-900915,2026-09-19,S-03,SKU-5,Coffee,Beverages,5,8.99,GBP,C-0415,card
O-900916,2026-09-20,S-01,SKU-1,Apple,Produce,11,1.50,USD,C-0416,cash
O-900917,2026-09-21,S-02,SKU-2,Bread,Bakery,10,3.00,USD,C-0417,card
O-900918,2026-09-22,S-03,SKU-3,Milk,Dairy,6,2.20,USD,C-0418,cash
O-900919,2026-09-23,S-01,SKU-4,Eggs,Dairy,8,0.35,EUR,C-0419,card
O-900920,2026-09-24,S-02,SKU-5,Coffee,Beverages,9,8.99,XYZ,C-0420,cash
O-900921,2026-09-25,S-03,SKU-1,Apple,Produce,9,1.50,USD,C-0421,card
O-900922,2026-09-26,S-01,SKU-2,Bread,Bakery,6,3.00,USD,C-0422,cash
O-900923,2026-09-27,S-02,SKU-3,Milk,Dairy,7,2.20,USD,C-0423,card
O-900924,2026-09-28,S-03,SKU-4,Eggs,Dairy,12,0.35,EUR,C-0424,cash
O-900925,2026-09-01,S-01,SKU-5,Coffee,Beverages,9,8.99,GBP,C-0425,card
O-900926,2026-09-02,S-02,SKU-1,Apple,Produce,6,1.50,USD,C-0426,cash
O-900927,2026-09-03,S-03,SKU-2,Bread,Bakery,6,3.00,USD,C-0427,card
O-900928,2026-09-04,S-01,SKU-3,Milk,Dairy,12,2.20,USD,C-0428,cash
O-900929,2026-09-05,S-02,SKU-4,Eggs,Dairy,8,0.35,EUR,C-0429,card
O-900930,2026-09-06,S-03,SKU-5,Coffee,Beverages,5,8.99,GBP,C-0430,cash
O-900931,2026-09-07,S-01,SKU-1,Apple,Produce,5,1.50,USD,C-0431,card
O-900932,2026-09-08,S-02,SKU-2,Bread,Bakery,5,3.00,USD,C-0432,cash
O-900933,2026-09-09,S-03,SKU-3,Milk,Dairy,4,2.20,USD,C-0433,card
O-900934,2026-09-10,S-01,SKU-4,Eggs,Dairy,2,0.35,EUR,C-0434,cash
O-900935,2026-09-11,S-02,SKU-5,Coffee,Beverages,12,8.99,GBP,C-0435,card
O-900936,2026-09-12,S-03,SKU-1,Apple,Produce,4,1.50,USD,C-0436,cash
O-900937,2026-09-13,S-01,SKU-2,Bread,Bakery,6,3.00,USD,C-0437,card
O-900938,2026-09-14,S-02,SKU-3,Milk,Dairy,2,2.20,USD,C-0438,cash
O-900939,2026-09-15,S-03,SKU-4,Eggs,Dairy,12,0.35,EUR,C-0439,card
O-900940,2026-09-16,S-01,SKU-5,Coffee,Beverages,9,8.99,GBP,C-0440,bitcoin
O-900941,2026-09-17,S-02,SKU-1,Apple,Produce,12,1.50,USD,C-0441,card
O-900942,2026-09-18,S-03,SKU-2,Bread,Bakery,3,3.00,USD,C-0442,cash
O-900943,2026-09-19,S-01,SKU-3,Milk,Dairy,4,2.20,USD,C-0443,card
O-900944,2026-09-20,S-02,SKU-4,Eggs,Dairy,4,0.35,EUR,C-0444,cash
O-900945,2026-09-21,S-03,SKU-5,Coffee,Beverages,12,8.99,GBP,C-0445,card
O-900946,2026-09-22,S-01,SKU-1,Apple,Produce,8,1.50,USD,C-0446,cash
O-900947,2026-09-23,S-02,SKU-2,Bread,Bakery,5,3.00,USD,C-0447,card
O-900948,2026-09-24,S-03,SKU-3,Milk,Dairy,12,2.20,USD,C-0448,cash
O-900949,2026-09-25,S-01,SKU-4,Eggs,Dairy,10,0.35,EUR,C-0449,card
O-900950,2026-09-26,S-02,SKU-5,Coffee,Beverages,9,8.99,GBP,C-0450,cash
O-900951,2026-09-27,S-03,SKU-1,Apple,Produce,10,1.50,USD,C-0451,card
O-900952,2026-09-28,S-01,SKU-2,Bread,Bakery,5,3.00,USD,C-0452,cash
O-900953,2026-09-01,S-02,SKU-3,Milk,Dairy,2,2.20,USD,C-0453,card
O-900954,2026-09-02,S-03,SKU-4,Eggs,Dairy,4,0.35,EUR,C-0454,cash
O-900955,2026-09-03,S-01,SKU-5,Coffee,Beverages,5,8.99,GBP,C-0455,card
O-900956,2026-09-04,S-02,SKU-1,Apple,Produce,4,1.50,USD,C-0456,cash
O-900957,2026-09-05,S-03,SKU-2,Bread,Bakery,6,3.00,USD,C-0457,card
O-900958,2026-09-06,S-01,SKU-3,Milk,Dairy,3,2.20,USD,C-0458,cash
O-900959,2026-09-07,S-02,SKU-4,Eggs,Dairy,5,0.35,EUR,C-0459,card
O-900960,2026-09-08,S-03,SKU-5,Coffee,Beverages,0,8.99,GBP,C-0460,cash
O-900961,2026-09-09,S-01,SKU-1,Apple,Produce,12,1.50,USD,C-0461,card
O-900962,2026-09-10,S-02,SKU-2,Bread,Bakery,9,3.00,USD,C-0462,cash
O-900963,2026-09-11,S-03,SKU-3,Milk,Dairy,3,2.20,USD,C-0463,card
O-900964,2026-09-12,S-01,SKU-4,Eggs,Dairy,5,0.35,EUR,C-0464,cash
O-900965,2026-09-13,S-02,SKU-5,Coffee,Beverages,1,8.99,GBP,C-0465,card
O-900966,2026-09-14,S-03,SKU-1,Apple,Produce,1,1.50,USD,C-0466,cash
O-900967,2026-09-15,S-01,SKU-2,Bread,Bakery,9,3.00,USD,C-0467,card
O-900968,2026-09-16,S-02,SKU-3,Milk,Dairy,5,2.20,USD,C-0468,cash
O-900969,2026-09-17,S-03,SKU-4,Eggs,Dairy,12,0.35,EUR,C-0469,card
O-900970,2026-09-18,S-01,SKU-5,Coffee,Beverages,3,8.99,GBP,C-0470,cash
O-900971,2026-09-19,S-02,SKU-1,Apple,Produce,11,1.50,USD,C-0471,card
O-900972,2026-09-20,S-03,SKU-2,Bread,Bakery,8,3.00,USD,C-0472,cash
O-900973,2026-09-21,S-01,SKU-3,Milk,Dairy,2,2.20,USD,C-0473,card
O-900974,2026-09-22,S-02,SKU-4,Eggs,Dairy,1,0.35,EUR,C-0474,cash
O-900975,2026-09-23,S-03,SKU-5,Coffee,Beverages,10,8.99,GBP,C-0475,card
O-900976,2026-09-24,S-01,SKU-1,Apple,Produce,5,1.50,USD,C-0476,cash
O-900977,2026-09-25,S-02,SKU-2,Bread,Bakery,8,3.00,USD,C-0477,card
O-900978,2026-09-26,S-03,SKU-3,Milk,Dairy,8,2.20,USD,C-0478,cash
O-900979,2026-09-27,S-01,SKU-4,Eggs,Dairy,8,0.35,EUR,C-0479,card
O-900980,bad-date,S-02,SKU-5,Coffee,Beverages,6,8.99,GBP,C-0480,cash
O-900981,2026-09-01,S-03,SKU-1,Apple,Produce,3,1.50,USD,C-0481,card
O-900982,2026-09-02,S-01,SKU-2,Bread,Bakery,1,3.00,USD,C-0482,cash
O-900983,2026-09-03,S-02,SKU-3,Milk,Dairy,5,2.20,USD,C-0483,card
O-900984,2026-09-04,S-03,SKU-4,Eggs,Dairy,8,0.35,EUR,C-0484,cash
O-900985,2026-09-05,S-01,SKU-5,Coffee,Beverages,2,8.99,GBP,C-0485,card
O-900986,2026-09-06,S-02,SKU-1,Apple,Produce,2,1.50,USD,C-0486,cash
O-900987,2026-09-07,S-03,SKU-2,Bread,Bakery,7,3.00,USD,C-0487,card
O-900988,2026-09-08,S-01,SKU-3,Milk,Dairy,8,2.20,USD,C-0488,cash
O-900989,2026-09-09,S-02,SKU-4,Eggs,Dairy,2,0.35,EUR,C-0489,card
O-900990,2026-09-10,S-03,SKU-5,Coffee,Beverages,10,8.99,GBP,C-0490,cash
O-900991,2026-09-11,S-01,SKU-1,Apple,Produce,11,1.50,USD,C-0491,card
O-900992,2026-09-12,S-02,SKU-2,Bread,Bakery,11,3.00,USD,C-0492,cash
O-900993,2026-09-13,S-03,SKU-3,Milk,Dairy,1,2.20,USD,C-0493,card
O-900994,2026-09-14,S-01,SKU-4,Eggs,Dairy,3,0.35,EUR,C-0494,cash
O-900995,2026-09-15,S-02,SKU-5,Coffee,Beverages,3,8.99,GBP,C-0495,card
O-900996,2026-09-16,S-03,SKU-1,Apple,Produce,10,1.50,USD,C-0496,cash
O-900997,2026-09-17,S-01,SKU-2,Bread,Bakery,5,3.00,USD,C-0497,card
O-900998,2026-09-18,S-02,SKU-3,Milk,Dairy,2,2.20,USD,C-0498,cash
O-900999,2026-09-19,S-03,SKU-4,Eggs,Dairy,4,0.35,EUR,C-0499,card
O-901000,2026-09-20,S-01,SKU-5,Coffee,Beverages,-3,8.99,GBP,C-0500,cash
O-901001,2026-09-21,S-02,SKU-1,Apple,Produce,9,1.50,USD,C-0001,card
O-901002,2026-09-22,S-03,SKU-2,Bread,Bakery,7,3.00,USD,C-0002,cash
O-901003,2026-09-23,S-01,SKU-3,Milk,Dairy,10,2.20,USD,C-0003,card
O-901004,2026-09-24,S-02,SKU-4,Eggs,Dairy,10,0.35,EUR,C-0004,cash
O-901005,2026-09-25,S-03,SKU-5,Coffee,Beverages,10,8.99,GBP,C-0005,card
O-901006,2026-09-26,S-01,SKU-1,Apple,Produce,4,1.50,USD,C-0006,cash
O-901007,2026-09-27,S-02,SKU-2,Bread,Bakery,9,3.00,USD,C-0007,card
O-901008,2026-09-28,S-03,SKU-3,Milk,Dairy,7,2.20,USD,C-0008,cash
O-901009,2026-09-01,S-01,SKU-4,Eggs,Dairy,8,0.35,EUR,C-0009,card
O-901010,2026-09-02,S-02,SKU-5,Coffee,Beverages,8,8.99,GBP,C-0010,cash
O-901011,2026-09-03,S-03,SKU-1,Apple,Produce,5,1.50,USD,C-0011,card
O-901012,2026-09-04,S-01,SKU-2,Bread,Bakery,10,3.00,USD,C-0012,cash
O-901013,2026-09-05,S-02,SKU-3,Milk,Dairy,7,2.20,USD,C-0013,card
O-901014,2026-09-06,S-03,SKU-4,Eggs,Dairy,5,0.35,EUR,C-0014,cash
O-901015,2026-09-07,S-01,SKU-5,Coffee,Beverages,10,8.99,GBP,C-0015,card
O-901016,2026-09-08,S-02,SKU-1,Apple,Produce,10,1.50,USD,C-0016,cash
O-901017,2026-09-09,S-03,SKU-2,Bread,Bakery,1,3.00,USD,C-0017,card
O-901018,2026-09-10,S-01,SKU-3,Milk,Dairy,10,2.20,USD,C-0018,cash
O-901019,2026-09-11,S-02,SKU-4,Eggs,Dairy,12,0.35,EUR,C-0019,card
O-901020,2026-09-12,S-03,SKU-999,Coffee,Beverages,2,8.99,GBP,C-0020,cash
O-901021,2026-09-13,S-01,SKU-1,Apple,Produce,4,1.50,USD,C-0021,card
O-901022,2026-09-14,S-02,SKU-2,Bread,Bakery,11,3.00,USD,C-0022,cash
O-901023,2026-09-15,S-03,SKU-3,Milk,Dairy,4,2.20,USD,C-0023,card
O-901024,2026-09-16,S-01,SKU-4,Eggs,Dairy,5,0.35,EUR,C-0024,cash
O-901025,2026-09-17,S-02,SKU-5,Coffee,Beverages,11,8.99,GBP,C-0025,card
O-901026,2026-09-18,S-03,SKU-1,Apple,Produce,2,1.50,USD,C-0026,cash
O-901027,2026-09-19,S-01,SKU-2,Bread,Bakery,3,3.00,USD,C-0027,card
O-901028,2026-09-20,S-02,SKU-3,Milk,Dairy,4,2.20,USD,C-0028,cash
O-901029,2026-09-21,S-03,SKU-4,Eggs,Dairy,3,0.35,EUR,C-0029,card
O-901030,2026-09-22,S-01,SKU-5,Coffee,Beverages,9,8.99,GBP,C-0030,cash
O-901031,2026-09-23,S-02,SKU-1,Apple,Produce,2,1.50,USD,C-0031,card
O-901032,2026-09-24,S-03,SKU-2,Bread,Bakery,3,3.00,USD,C-0032,cash
O-901033,2026-09-25,S-01,SKU-3,Milk,Dairy,1,2.20,USD,C-0033,card
O-901034,2026-09-26,S-02,SKU-4,Eggs,Dairy,7,0.35,EUR,C-0034,cash
O-901035,2026-09-27,S-03,SKU-5,Coffee,Beverages,8,8.99,GBP,C-0035,card
O-901036,2026-09-28,S-01,SKU-1,Apple,Produce,12,1.50,USD,C-0036,cash
O-901037,2026-09-01,S-02,SKU-2,Bread,Bakery,10,3.00,USD,C-0037,card
O-901038,2026-09-02,S-03,SKU-3,Milk,Dairy,8,2.20,USD,C-0038,cash
O-901039,2026-09-03,S-01,SKU-4,Eggs,Dairy,5,0.35,EUR,C-0039,card
O-901040,2026-09-04,S-02,SKU-5,Coffee,Beverages,1,,GBP,C-0040,cash
O-901041,2026-09-05,S-03,SKU-1,Apple,Produce,4,1.50,USD,C-0041,card
O-901042,2026-09-06,S-01,SKU-2,Bread,Bakery,5,3.00,USD,C-0042,cash
O-901043,2026-09-07,S-02,SKU-3,Milk,Dairy,12,2.20,USD,C-0043,card
O-901044,2026-09-08,S-03,SKU-4,Eggs,Dairy,5,0.35,EUR,C-0044,cash
O-901045,2026-09-09,S-01,SKU-5,Coffee,Beverages,12,8.99,GBP,C-0045,card
O-901046,2026-09-10,S-02,SKU-1,Apple,Produce,8,1.50,USD,C-0046,cash
O-901047,2026-09-11,S-03,SKU-2,Bread,Bakery,2,3.00,USD,C-0047,card
O-901048,2026-09-12,S-01,SKU-3,Milk,Dairy,11,2.20,USD,C-0048,cash
O-901049,2026-09-13,S-02,SKU-4,Eggs,Dairy,4,0.35,EUR,C-0049,card
O-901050,2026-09-14,S-03,SKU-5,Coffee,Beverages,5,8.99,GBP,C-0050,cash
O-901051,2026-09-15,S-01,SKU-1,Apple,Produce,11,1.50,USD,C-0051,card
O-901052,2026-09-16,S-02,SKU-2,Bread,Bakery,10,3.00,USD,C-0052,cash
O-901053,2026-09-17,S-03,SKU-3,Milk,Dairy,11,2.20,USD,C-0053,card
O-901054,2026-09-18,S-01,SKU-4,Eggs,Dairy,4,0.35,EUR,C-0054,cash
O-901055,2026-09-19,S-02,SKU-5,Coffee,Beverages,7,8.99,GBP,C-0055,card
O-901056,2026-09-20,S-03,SKU-1,Apple,Produce,2,1.50,USD,C-0056,cash
O-901057,2026-09-21,S-01,SKU-2,Bread,Bakery,9,3.00,USD,C-0057,card
O-901058,2026-09-22,S-02,SKU-3,Milk,Dairy,4,2.20,USD,C-0058,cash
O-901059,2026-09-23,S-03,SKU-4,Eggs,Dairy,11,0.35,EUR,C-0059,card
,2026-09-24,S-01,SKU-5,Coffee,Beverages,3,8.99,GBP,C-0060,cash
O-901061,2026-09-25,S-02,SKU-1,Apple,Produce,5,1.50,USD,C-0061,card
O-901062,2026-09-26,S-03,SKU-2,Bread,Bakery,3,3.00,USD,C-0062,cash
O-901063,2026-09-27,S-01,SKU-3,Milk,Dairy,2,2.20,USD,C-0063,card
O-901064,2026-09-28,S-02,SKU-4,Eggs,Dairy,1,0.35,EUR,C-0064,cash
O-901065,2026-09-01,S-03,SKU-5,Coffee,Beverages,3,8.99,GBP,C-0065,card
O-901066,2026-09-02,S-01,SKU-1,Apple,Produce,5,1.50,USD,C-0066,cash
O-901067,2026-09-03,S-02,SKU-2,Bread,Bakery,10,3.00,USD,C-0067,card
O-901068,2026-09-04,S-03,SKU-3,Milk,Dairy,12,2.20,USD,C-0068,cash
O-901069,2026-09-05,S-01,SKU-4,Eggs,Dairy,10,0.35,EUR,C-0069,card
O-901070,2026-09-06,S-02,SKU-5,Coffee,Beverages,5,8.99,GBP,C-0070,cash
O-901071,2026-09-07,S-03,SKU-1,Apple,Produce,8,1.50,USD,C-0071,card
O-901072,2026-09-08,S-01,SKU-2,Bread,Bakery,2,3.00,USD,C-0072,cash
O-901073,2026-09-09,S-02,SKU-3,Milk,Dairy,8,2.20,USD,C-0073,card
O-901074,2026-09-10,S-03,SKU-4,Eggs,Dairy,12,0.35,EUR,C-0074,cash
O-901075,2026-09-11,S-01,SKU-5,Coffee,Beverages,5,8.99,GBP,C-0075,card
O-901076,2026-09-12,S-02,SKU-1,Apple,Produce,12,1.50,USD,C-0076,cash
O-901077,2026-09-13,S-03,SKU-2,Bread,Bakery,7,3.00,USD,C-0077,card
O-901078,2026-09-14,S-01,SKU-3,Milk,Dairy,5,2.20,USD,C-0078,cash
O-901079,2026-09-15,S-02,SKU-4,Eggs,Dairy,9,0.35,EUR,C-0079,card
O-901080,2026-09-16,S-03,SKU-5,Coffee,Beverages,9,8.99,XYZ,C-0080,cash
O-901081,2026-09-17,S-01,SKU-1,Apple,Produce,8,1.50,USD,C-0081,card
O-901082,2026-09-18,S-02,SKU-2,Bread,Bakery,8,3.00,USD,C-0082,cash
O-901083,2026-09-19,S-03,SKU-3,Milk,Dairy,2,2.20,USD,C-0083,card
O-901084,2026-09-20,S-01,SKU-4,Eggs,Dairy,10,0.35,EUR,C-0084,cash
O-901085,2026-09-21,S-02,SKU-5,Coffee,Beverages,1,8.99,GBP,C-0085,card
O-901086,2026-09-22,S-03,SKU-1,Apple,Produce,7,1.50,USD,C-0086,cash
O-901087,2026-09-23,S-01,SKU-2,Bread,Bakery,12,3.00,USD,C-0087,card
O-901088,2026-09-24,S-02,SKU-3,Milk,Dairy,6,2.20,USD,C-0088,cash
O-901089,2026-09-25,S-03,SKU-4,Eggs,Dairy,10,0.35,EUR,C-0089,card
O-901090,2026-09-26,S-01,SKU-5,Coffee,Beverages,5,8.99,GBP,C-0090,cash
O-901091,2026-09-27,S-02,SKU-1,Apple,Produce,1,1.50,USD,C-0091,card
O-901092,2026-09-28,S-03,SKU-2,Bread,Bakery,2,3.00,USD,C-0092,cash
O-901093,2026-09-01,S-01,SKU-3,Milk,Dairy,4,2.20,USD,C-0093,card
O-901094,2026-09-02,S-02,SKU-4,Eggs,Dairy,11,0.35,EUR,C-0094,cash
O-901095,2026-09-03,S-03,SKU-5,Coffee,Beverages,10,8.99,GBP,C-0095,card
O-901096,2026-09-04,S-01,SKU-1,Apple,Produce,10,1.50,USD,C-0096,cash
O-901097,2026-09-05,S-02,SKU-2,Bread,Bakery,1,3.00,USD,C-0097,card
O-901098,2026-09-06,S-03,SKU-3,Milk,Dairy,11,2.20,USD,C-0098,cash
O-901099,2026-09-07,S-01,SKU-4,Eggs,Dairy,5,0.35,EUR,C-0099,card
O-901100,2026-09-08,S-02,SKU-5,Coffee,Beverages,10,8.99,GBP,C-0100,bitcoin
O-901101,2026-09-09,S-03,SKU-1,Apple,Produce,1,1.50,USD,C-0101,card
O-901102,2026-09-10,S-01,SKU-2,Bread,Bakery,3,3.00,USD,C-0102,cash
O-901103,2026-09-11,S-02,SKU-3,Milk,Dairy,8,2.20,USD,C-0103,card
O-901104,2026-09-12,S-03,SKU-4,Eggs,Dairy,9,0.35,EUR,C-0104,cash
O-901105,2026-09-13,S-01,SKU-5,Coffee,Beverages,11,8.99,GBP,C-0105,card
O-901106,2026-09-14,S-02,SKU-1,Apple,Produce,8,1.50,USD,C-0106,cash
O-901107,2026-09-15,S-03,SKU-2,Bread,Bakery,5,3.00,USD,C-0107,card
O-901108,2026-09-16,S-01,SKU-3,Milk,Dairy,3,2.20,USD,C-0108,cash
O-901109,2026-09-17,S-02,SKU-4,Eggs,Dairy,10,0.35,EUR,C-0109,card
O-901110,2026-09-18,S-03,SKU-5,Coffee,Beverages,7,8.99,GBP,C-0110,cash
O-901111,2026-09-19,S-01,SKU-1,Apple,Produce,11,1.50,USD,C-0111,card
O-901112,2026-09-20,S-02,SKU-2,Bread,Bakery,8,3.00,USD,C-0112,cash
O-901113,2026-09-21,S-03,SKU-3,Milk,Dairy,2,2.20,USD,C-0113,card
O-901114,2026-09-22,S-01,SKU-4,Eggs,Dairy,8,0.35,EUR,C-0114,cash
O-901115,2026-09-23,S-02,SKU-5,Coffee,Beverages,6,8.99,GBP,C-0115,card
O-901116,2026-09-24,S-03,SKU-1,Apple,Produce,7,1.50,USD,C-0116,cash
O-901117,2026-09-25,S-01,SKU-2,Bread,Bakery,6,3.00,USD,C-0117,card
O-901118,2026-09-26,S-02,SKU-3,Milk,Dairy,6,2.20,USD,C-0118,cash
O-901119,2026-09-27,S-03,SKU-4,Eggs,Dairy,11,0.35,EUR,C-0119,card
O-901120,2026-09-28,S-01,SKU-5,Coffee,Beverages,0,8.99,GBP,C-0120,cash
O-901121,2026-09-01,S-02,SKU-1,Apple,Produce,3,1.50,USD,C-0121,card
O-901122,2026-09-02,S-03,SKU-2,Bread,Bakery,6,3.00,USD,C-0122,cash
O-901123,2026-09-03,S-01,SKU-3,Milk,Dairy,7,2.20,USD,C-0123,card
O-901124,2026-09-04,S-02,SKU-4,Eggs,Dairy,12,0.35,EUR,C-0124,cash
O-901125,2026-09-05,S-03,SKU-5,Coffee,Beverages,8,8.99,GBP,C-0125,card
O-901126,2026-09-06,S-01,SKU-1,Apple,Produce,5,1.50,USD,C-0126,cash
O-901127,2026-09-07,S-02,SKU-2,Bread,Bakery,11,3.00,USD,C-0127,card
O-901128,2026-09-08,S-03,SKU-3,Milk,Dairy,7,2.20,USD,C-0128,cash
O-901129,2026-09-09,S-01,SKU-4,Eggs,Dairy,9,0.35,EUR,C-0129,card
O-901130,2026-09-10,S-02,SKU-5,Coffee,Beverages,1,8.99,GBP,C-0130,cash
O-901131,2026-09-11,S-03,SKU-1,Apple,Produce,8,1.50,USD,C-0131,card
O-901132,2026-09-12,S-01,SKU-2,Bread,Bakery,2,3.00,USD,C-0132,cash
O-901133,2026-09-13,S-02,SKU-3,Milk,Dairy,6,2.20,USD,C-0133,card
O-901134,2026-09-14,S-03,SKU-4,Eggs,Dairy,5,0.35,EUR,C-0134,cash
O-901135,2026-09-15,S-01,SKU-5,Coffee,Beverages,6,8.99,GBP,C-0135,card
O-901136,2026-09-16,S-02,SKU-1,Apple,Produce,2,1.50,USD,C-0136,cash
O-901137,2026-09-17,S-03,SKU-2,Bread,Bakery,7,3.00,USD,C-0137,card
O-901138,2026-09-18,S-01,SKU-3,Milk,Dairy,9,2.20,USD,C-0138,cash
O-901139,2026-09-19,S-02,SKU-4,Eggs,Dairy,1,0.35,EUR,C-0139,card
O-901140,bad-date,S-03,SKU-5,Coffee,Beverages,11,8.99,GBP,C-0140,cash
O-901141,2026-09-21,S-01,SKU-1,Apple,Produce,9,1.50,USD,C-0141,card
O-901142,2026-09-22,S-02,SKU-2,Bread,Bakery,8,3.00,USD,C-0142,cash
O-901143,2026-09-23,S-03,SKU-3,Milk,Dairy,7,2.20,USD,C-0143,card
O-901144,2026-09-24,S-01,SKU-4,Eggs,Dairy,1,0.35,EUR,C-0144,cash
O-901145,2026-09-25,S-02,SKU-5,Coffee,Beverages,4,8.99,GBP,C-0145,card
O-901146,2026-09-26,S-03,SKU-1,Apple,Produce,9,1.50,USD,C-0146,cash
O-901147,2026-09-27,S-01,SKU-2,Bread,Bakery,6,3.00,USD,C-0147,card
O-901148,2026-09-28,S-02,SKU-3,Milk,Dairy,10,2.20,USD,C-0148,cash
O-901149,2026-09-01,S-03,SKU-4,Eggs,Dairy,8,0.35,EUR,C-0149,card
O-901150,2026-09-02,S-01,SKU-5,Coffee,Beverages,11,8.99,GBP,C-0150,cash
O-901151,2026-09-03,S-02,SKU-1,Apple,Produce,8,1.50,USD,C-0151,card
O-901152,2026-09-04,S-03,SKU-2,Bread,Bakery,1,3.00,USD,C-0152,cash
O-901153,2026-09-05,S-01,SKU-3,Milk,Dairy,4,2.20,USD,C-0153,card
O-901154,2026-09-06,S-02,SKU-4,Eggs,Dairy,5,0.35,EUR,C-0154,cash
O-901155,2026-09-07,S-03,SKU-5,Coffee,Beverages,9,8.99,GBP,C-0155,card
O-901156,2026-09-08,S-01,SKU-1,Apple,Produce,3,1.50,USD,C-0156,cash
O-901157,2026-09-09,S-02,SKU-2,Bread,Bakery,5,3.00,USD,C-0157,card
O-901158,2026-09-10,S-03,SKU-3,Milk,Dairy,8,2.20,USD,C-0158,cash
O-901159,2026-09-11,S-01,SKU-4,Eggs,Dairy,12,0.35,EUR,C-0159,card
O-901160,2026-09-12,S-02,SKU-5,Coffee,Beverages,-3,8.99,GBP,C-0160,cash
O-901161,2026-09-13,S-03,SKU-1,Apple,Produce,2,1.50,USD,C-0161,card
O-901162,2026-09-14,S-01,SKU-2,Bread,Bakery,1,3.00,USD,C-0162,cash
O-901163,2026-09-15,S-02,SKU-3,Milk,Dairy,11,2.20,USD,C-0163,card
O-901164,2026-09-16,S-03,SKU-4,Eggs,Dairy,10,0.35,EUR,C-0164,cash
O-901165,2026-09-17,S-01,SKU-5,Coffee,Beverages,4,8.99,GBP,C-0165,card
O-901166,2026-09-18,S-02,SKU-1,Apple,Produce,12,1.50,USD,C-0166,cash
O-901167,2026-09-19,S-03,SKU-2,Bread,Bakery,3,3.00,USD,C-0167,card
O-901168,2026-09-20,S-01,SKU-3,Milk,Dairy,5,2.20,USD,C-0168,cash
O-901169,2026-09-21,S-02,SKU-4,Eggs,Dairy,9,0.35,EUR,C-0169,card
O-901170,2026-09-22,S-03,SKU-5,Coffee,Beverages,1,8.99,GBP,C-0170,cash
O-901171,2026-09-23,S-01,SKU-1,Apple,Produce,9,1.50,USD,C-0171,card
O-901172,2026-09-24,S-02,SKU-2,Bread,Bakery,7,3.00,USD,C-0172,cash
O-901173,2026-09-25,S-03,SKU-3,Milk,Dairy,2,2.20,USD,C-0173,card
O-901174,2026-09-26,S-01,SKU-4,Eggs,Dairy,4,0.35,EUR,C-0174,cash
O-901175,2026-09-27,S-02,SKU-5,Coffee,Beverages,2,8.99,GBP,C-0175,card
O-901176,2026-09-28,S-03,SKU-1,Apple,Produce,8,1.50,USD,C-0176,cash
O-901177,2026-09-01,S-01,SKU-2,Bread,Bakery,2,3.00,USD,C-0177,card
O-901178,2026-09-02,S-02,SKU-3,Milk,Dairy,11,2.20,USD,C-0178,cash
O-901179,2026-09-03,S-03,SKU-4,Eggs,Dairy,3,0.35,EUR,C-0179,card
O-901180,2026-09-04,S-01,SKU-999,Coffee,Beverages,8,8.99,GBP,C-0180,cash
O-901181,2026-09-05,S-02,SKU-1,Apple,Produce,12,1.50,USD,C-0181,card
O-901182,2026-09-06,S-03,SKU-2,Bread,Bakery,5,3.00,USD,C-0182,cash
O-901183,2026-09-07,S-01,SKU-3,Milk,Dairy,9,2.20,USD,C-0183,card
O-901184,2026-09-08,S-02,SKU-4,Eggs,Dairy,12,0.35,EUR,C-0184,cash
O-901185,2026-09-09,S-03,SKU-5,Coffee,Beverages,5,8.99,GBP,C-0185,card
O-901186,2026-09-10,S-01,SKU-1,Apple,Produce,7,1.50,USD,C-0186,cash
O-901187,2026-09-11,S-02,SKU-2,Bread,Bakery,8,3.00,USD,C-0187,card
O-901188,2026-09-12,S-03,SKU-3,Milk,Dairy,8,2.20,USD,C-0188,cash
O-901189,2026-09-13,S-01,SKU-4,Eggs,Dairy,4,0.35,EUR,C-0189,card
O-901190,2026-09-14,S-02,SKU-5,Coffee,Beverages,8,8.99,GBP,C-0190,cash
O-901191,2026-09-15,S-03,SKU-1,Apple,Produce,9,1.50,USD,C-0191,card
O-901192,2026-09-16,S-01,SKU-2,Bread,Bakery,3,3.00,USD,C-0192,cash
O-901193,2026-09-17,S-02,SKU-3,Milk,Dairy,7,2.20,USD,C-0193,card
O-901194,2026-09-18,S-03,SKU-4,Eggs,Dairy,4,0.35,EUR,C-0194,cash
O-901195,2026-09-19,S-01,SKU-5,Coffee,Beverages,10,8.99,GBP,C-0195,card
O-901196,2026-09-20,S-02,SKU-1,Apple,Produce,9,1.50,USD,C-0196,cash
O-901197,2026-09-21,S-03,SKU-2,Bread,Bakery,12,3.00,USD,C-0197,card
O-901198,2026-09-22,S-01,SKU-3,Milk,Dairy,3,2.20,USD,C-0198,cash
O-901199,2026-09-23,S-02,SKU-4,Eggs,Dairy,2,0.35,EUR,C-0199,card
O-901200,2026-09-24,S-03,SKU-5,Coffee,Beverages,5,,GBP,C-0200,cash
O-901201,2026-09-25,S-01,SKU-1,Apple,Produce,7,1.50,USD,C-0201,card
O-901202,2026-09-26,S-02,SKU-2,Bread,Bakery,6,3.00,USD,C-0202,cash
O-901203,2026-09-27,S-03,SKU-3,Milk,Dairy,9,2.20,USD,C-0203,card
O-901204,2026-09-28,S-01,SKU-4,Eggs,Dairy,5,0.35,EUR,C-0204,cash
O-901205,2026-09-01,S-02,SKU-5,Coffee,Beverages,1,8.99,GBP,C-0205,card
O-901206,2026-09-02,S-03,SKU-1,Apple,Produce,5,1.50,USD,C-0206,cash
O-901207,2026-09-03,S-01,SKU-2,Bread,Bakery,12,3.00,USD,C-0207,card
O-901208,2026-09-04,S-02,SKU-3,Milk,Dairy,5,2.20,USD,C-0208,cash
O-901209,2026-09-05,S-03,SKU-4,Eggs,Dairy,10,0.35,EUR,C-0209,card
O-901210,2026-09-06,S-01,SKU-5,Coffee,Beverages,10,8.99,GBP,C-0210,cash
O-901211,2026-09-07,S-02,SKU-1,Apple,Produce,11,1.50,USD,C-0211,card
O-901212,2026-09-08,S-03,SKU-2,Bread,Bakery,8,3.00,USD,C-0212,cash
O-901213,2026-09-09,S-01,SKU-3,Milk,Dairy,3,2.20,USD,C-0213,card
O-901214,2026-09-10,S-02,SKU-4,Eggs,Dairy,8,0.35,EUR,C-0214,cash
O-901215,2026-09-11,S-03,SKU-5,Coffee,Beverages,9,8.99,GBP,C-0215,card
O-901216,2026-09-12,S-01,SKU-1,Apple,Produce,8,1.50,USD,C-0216,cash
O-901217,2026-09-13,S-02,SKU-2,Bread,Bakery,6,3.00,USD,C-0217,card
O-901218,2026-09-14,S-03,SKU-3,Milk,Dairy,6,2.20,USD,C-0218,cash
O-901219,2026-09-15,S-01,SKU-4,Eggs,Dairy,9,0.35,EUR,C-0219,card
,2026-09-16,S-02,SKU-5,Coffee,Beverages,9,8.99,GBP,C-0220,cash
O-901221,2026-09-17,S-03,SKU-1,Apple,Produce,7,1.50,USD,C-0221,card
O-901222,2026-09-18,S-01,SKU-2,Bread,Bakery,8,3.00,USD,C-0222,cash
O-901223,2026-09-19,S-02,SKU-3,Milk,Dairy,6,2.20,USD,C-0223,card
O-901224,2026-09-20,S-03,SKU-4,Eggs,Dairy,4,0.35,EUR,C-0224,cash
O-901225,2026-09-21,S-01,SKU-5,Coffee,Beverages,12,8.99,GBP,C-0225,card
O-901226,2026-09-22,S-02,SKU-1,Apple,Produce,4,1.50,USD,C-0226,cash
O-901227,2026-09-23,S-03,SKU-2,Bread,Bakery,10,3.00,USD,C-0227,card
O-901228,2026-09-24,S-01,SKU-3,Milk,Dairy,7,2.20,USD,C-0228,cash
O-901229,2026-09-25,S-02,SKU-4,Eggs,Dairy,4,0.35,EUR,C-0229,card
O-901230,2026-09-26,S-03,SKU-5,Coffee,Beverages,7,8.99,GBP,C-0230,cash
O-901231,2026-09-27,S-01,SKU-1,Apple,Produce,1,1.50,USD,C-0231,card
O-901232,2026-09-28,S-02,SKU-2,Bread,Bakery,6,3.00,USD,C-0232,cash
O-901233,2026-09-01,S-03,SKU-3,Milk,Dairy,12,2.20,USD,C-0233,card
O-901234,2026-09-02,S-01,SKU-4,Eggs,Dairy,8,0.35,EUR,C-0234,cash
O-901235,2026-09-03,S-02,SKU-5,Coffee,Beverages,12,8.99,GBP,C-0235,card
O-901236,2026-09-04,S-03,SKU-1,Apple,Produce,7,1.50,USD,C-0236,cash
O-901237,2026-09-05,S-01,SKU-2,Bread,Bakery,7,3.00,USD,C-0237,card
O-901238,2026-09-06,S-02,SKU-3,Milk,Dairy,11,2.20,USD,C-0238,cash
O-901239,2026-09-07,S-03,SKU-4,Eggs,Dairy,11,0.35,EUR,C-0239,card
O-901240,2026-09-08,S-01,SKU-5,Coffee,Beverages,3,8.99,XYZ,C-0240,cash
O-901241,2026-09-09,S-02,SKU-1,Apple,Produce,8,1.50,USD,C-0241,card
O-901242,2026-09-10,S-03,SKU-2,Bread,Bakery,1,3.00,USD,C-0242,cash
O-901243,2026-09-11,S-01,SKU-3,Milk,Dairy,3,2.20,USD,C-0243,card
O-901244,2026-09-12,S-02,SKU-4,Eggs,Dairy,9,0.35,EUR,C-0244,cash
O-901245,2026-09-13,S-03,SKU-5,Coffee,Beverages,10,8.99,GBP,C-0245,card
O-901246,2026-09-14,S-01,SKU-1,Apple,Produce,6,1.50,USD,C-0246,cash
O-901247,2026-09-15,S-02,SKU-2,Bread,Bakery,2,3.00,USD,C-0247,card
O-901248,2026-09-16,S-03,SKU-3,Milk,Dairy,8,2.20,USD,C-0248,cash
O-901249,2026-09-17,S-01,SKU-4,Eggs,Dairy,2,0.35,EUR,C-0249,card
O-901250,2026-09-18,S-02,SKU-5,Coffee,Beverages,9,8.99,GBP,C-0250,cash
O-901251,2026-09-19,S-03,SKU-1,Apple,Produce,8,1.50,USD,C-0251,card
O-901252,2026-09-20,S-01,SKU-2,Bread,Bakery,1,3.00,USD,C-0252,cash
O-901253,2026-09-21,S-02,SKU-3,Milk,Dairy,12,2.20,USD,C-0253,card
O-901254,2026-09-22,S-03,SKU-4,Eggs,Dairy,3,0.35,EUR,C-0254,cash
O-901255,2026-09-23,S-01,SKU-5,Coffee,Beverages,7,8.99,GBP,C-0255,card
O-901256,2026-09-24,S-02,SKU-1,Apple,Produce,11,1.50,USD,C-0256,cash
O-901257,2026-09-25,S-03,SKU-2,Bread,Bakery,3,3.00,USD,C-0257,card
O-901258,2026-09-26,S-01,SKU-3,Milk,Dairy,2,2.20,USD,C-0258,cash
O-901259,2026-09-27,S-02,SKU-4,Eggs,Dairy,8,0.35,EUR,C-0259,card
O-901260,2026-09-28,S-03,SKU-5,Coffee,Beverages,5,8.99,GBP,C-0260,bitcoin
O-901261,2026-09-01,S-01,SKU-1,Apple,Produce,6,1.50,USD,C-0261,card
O-901262,2026-09-02,S-02,SKU-2,Bread,Bakery,10,3.00,USD,C-0262,cash
O-901263,2026-09-03,S-03,SKU-3,Milk,Dairy,12,2.20,USD,C-0263,card
O-901264,2026-09-04,S-01,SKU-4,Eggs,Dairy,7,0.35,EUR,C-0264,cash
O-901265,2026-09-05,S-02,SKU-5,Coffee,Beverages,11,8.99,GBP,C-0265,card
O-901266,2026-09-06,S-03,SKU-1,Apple,Produce,2,1.50,USD,C-0266,cash
O-901267,2026-09-07,S-01,SKU-2,Bread,Bakery,6,3.00,USD,C-0267,card
O-901268,2026-09-08,S-02,SKU-3,Milk,Dairy,11,2.20,USD,C-0268,cash
O-901269,2026-09-09,S-03,SKU-4,Eggs,Dairy,9,0.35,EUR,C-0269,card
O-901270,2026-09-10,S-01,SKU-5,Coffee,Beverages,7,8.99,GBP,C-0270,cash
O-901271,2026-09-11,S-02,SKU-1,Apple,Produce,6,1.50,USD,C-0271,card
O-901272,2026-09-12,S-03,SKU-2,Bread,Bakery,11,3.00,USD,C-0272,cash
O-901273,2026-09-13,S-01,SKU-3,Milk,Dairy,12,2.20,USD,C-0273,card
O-901274,2026-09-14,S-02,SKU-4,Eggs,Dairy,8,0.35,EUR,C-0274,cash
O-901275,2026-09-15,S-03,SKU-5,Coffee,Beverages,9,8.99,GBP,C-0275,card
O-901276,2026-09-16,S-01,SKU-1,Apple,Produce,1,1.50,USD,C-0276,cash
O-901277,2026-09-17,S-02,SKU-2,Bread,Bakery,10,3.00,USD,C-0277,card
O-901278,2026-09-18,S-03,SKU-3,Milk,Dairy,2,2.20,USD,C-0278,cash
O-901279,2026-09-19,S-01,SKU-4,Eggs,Dairy,4,0.35,EUR,C-0279,card
O-901280,2026-09-20,S-02,SKU-5,Coffee,Beverages,0,8.99,GBP,C-0280,cash
O-901281,2026-09-21,S-03,SKU-1,Apple,Produce,11,1.50,USD,C-0281,card
O-901282,2026-09-22,S-01,SKU-2,Bread,Bakery,5,3.00,USD,C-0282,cash
O-901283,2026-09-23,S-02,SKU-3,Milk,Dairy,4,2.20,USD,C-0283,card
O-901284,2026-09-24,S-03,SKU-4,Eggs,Dairy,12,0.35,EUR,C-0284,cash
O-901285,2026-09-25,S-01,SKU-5,Coffee,Beverages,2,8.99,GBP,C-0285,card
O-901286,2026-09-26,S-02,SKU-1,Apple,Produce,7,1.50,USD,C-0286,cash
O-901287,2026-09-27,S-03,SKU-2,Bread,Bakery,2,3.00,USD,C-0287,card
O-901288,2026-09-28,S-01,SKU-3,Milk,Dairy,11,2.20,USD,C-0288,cash
O-901289,2026-09-01,S-02,SKU-4,Eggs,Dairy,12,0.35,EUR,C-0289,card
O-901290,2026-09-02,S-03,SKU-5,Coffee,Beverages,2,8.99,GBP,C-0290,cash
O-901291,2026-09-03,S-01,SKU-1,Apple,Produce,8,1.50,USD,C-0291,card
O-901292,2026-09-04,S-02,SKU-2,Bread,Bakery,3,3.00,USD,C-0292,cash
O-901293,2026-09-05,S-03,SKU-3,Milk,Dairy,12,2.20,USD,C-0293,card
O-901294,2026-09-06,S-01,SKU-4,Eggs,Dairy,5,0.35,EUR,C-0294,cash
O-901295,2026-09-07,S-02,SKU-5,Coffee,Beverages,1,8.99,GBP,C-0295,card
O-901296,2026-09-08,S-03,SKU-1,Apple,Produce,1,1.50,USD,C-0296,cash
O-901297,2026-09-09,S-01,SKU-2,Bread,Bakery,6,3.00,USD,C-0297,card
O-901298,2026-09-10,S-02,SKU-3,Milk,Dairy,1,2.20,USD,C-0298,cash
O-901299,2026-09-11,S-03,SKU-4,Eggs,Dairy,5,0.35,EUR,C-0299,card
O-901300,bad-date,S-01,SKU-5,Coffee,Beverages,6,8.99,GBP,C-0300,cash
O-901301,2026-09-13,S-02,SKU-1,Apple,Produce,6,1.50,USD,C-0301,card
O-901302,2026-09-14,S-03,SKU-2,Bread,Bakery,7,3.00,USD,C-0302,cash
O-901303,2026-09-15,S-01,SKU-3,Milk,Dairy,3,2.20,USD,C-0303,card
O-901304,2026-09-16,S-02,SKU-4,Eggs,Dairy,4,0.35,EUR,C-0304,cash
O-901305,2026-09-17,S-03,SKU-5,Coffee,Beverages,9,8.99,GBP,C-0305,card
O-901306,2026-09-18,S-01,SKU-1,Apple,Produce,7,1.50,USD,C-0306,cash
O-901307,2026-09-19,S-02,SKU-2,Bread,Bakery,10,3.00,USD,C-0307,card
O-901308,2026-09-20,S-03,SKU-3,Milk,Dairy,11,2.20,USD,C-0308,cash
O-901309,2026-09-21,S-01,SKU-4,Eggs,Dairy,3,0.35,EUR,C-0309,card
O-901310,2026-09-22,S-02,SKU-5,Coffee,Beverages,3,8.99,GBP,C-0310,cash
O-901311,2026-09-23,S-03,SKU-1,Apple,Produce,3,1.50,USD,C-0311,card
O-901312,2026-09-24,S-01,SKU-2,Bread,Bakery,2,3.00,USD,C-0312,cash
O-901313,2026-09-25,S-02,SKU-3,Milk,Dairy,10,2.20,USD,C-0313,card
O-901314,2026-09-26,S-03,SKU-4,Eggs,Dairy,7,0.35,EUR,C-0314,cash
O-901315,2026-09-27,S-01,SKU-5,Coffee,Beverages,10,8.99,GBP,C-0315,card
O-901316,2026-09-28,S-02,SKU-1,Apple,Produce,11,1.50,USD,C-0316,cash
O-901317,2026-09-01,S-03,SKU-2,Bread,Bakery,4,3.00,USD,C-0317,card
O-901318,2026-09-02,S-01,SKU-3,Milk,Dairy,8,2.20,USD,C-0318,cash
O-901319,2026-09-03,S-02,SKU-4,Eggs,Dairy,10,0.35,EUR,C-0319,card
O-901320,2026-09-04,S-03,SKU-5,Coffee,Beverages,-3,8.99,GBP,C-0320,cash
O-901321,2026-09-05,S-01,SKU-1,Apple,Produce,4,1.50,USD,C-0321,card
O-901322,2026-09-06,S-02,SKU-2,Bread,Bakery,8,3.00,USD,C-0322,cash
O-901323,2026-09-07,S-03,SKU-3,Milk,Dairy,11,2.20,USD,C-0323,card
O-901324,2026-09-08,S-01,SKU-4,Eggs,Dairy,5,0.35,EUR,C-0324,cash
O-901325,2026-09-09,S-02,SKU-5,Coffee,Beverages,8,8.99,GBP,C-0325,card
O-901326,2026-09-10,S-03,SKU-1,Apple,Produce,5,1.50,USD,C-0326,cash
O-901327,2026-09-11,S-01,SKU-2,Bread,Bakery,11,3.00,USD,C-0327,card
O-901328,2026-09-12,S-02,SKU-3,Milk,Dairy,1,2.20,USD,C-0328,cash
O-901329,2026-09-13,S-03,SKU-4,Eggs,Dairy,8,0.35,EUR,C-0329,card
O-901330,2026-09-14,S-01,SKU-5,Coffee,Beverages,5,8.99,GBP,C-0330,cash
O-901331,2026-09-15,S-02,SKU-1,Apple,Produce,11,1.50,USD,C-0331,card
O-901332,2026-09-16,S-03,SKU-2,Bread,Bakery,9,3.00,USD,C-0332,cash
O-901333,2026-09-17,S-01,SKU-3,Milk,Dairy,3,2.20,USD,C-0333,card
O-901334,2026-09-18,S-02,SKU-4,Eggs,Dairy,2,0.35,EUR,C-0334,cash
O-901335,2026-09-19,S-03,SKU-5,Coffee,Beverages,8,8.99,GBP,C-0335,card
O-901336,2026-09-20,S-01,SKU-1,Apple,Produce,6,1.50,USD,C-0336,cash
O-901337,2026-09-21,S-02,SKU-2,Bread,Bakery,10,3.00,USD,C-0337,card
O-901338,2026-09-22,S-03,SKU-3,Milk,Dairy,5,2.20,USD,C-0338,cash
O-901339,2026-09-23,S-01,SKU-4,Eggs,Dairy,11,0.35,EUR,C-0339,card
O-901340,2026-09-24,S-02,SKU-999,Coffee,Beverages,7,8.99,GBP,C-0340,cash
O-901341,2026-09-25,S-03,SKU-1,Apple,Produce,12,1.50,USD,C-0341,card
O-901342,2026-09-26,S-01,SKU-2,Bread,Bakery,5,3.00,USD,C-0342,cash
O-901343,2026-09-27,S-02,SKU-3,Milk,Dairy,8,2.20,USD,C-0343,card
O-901344,2026-09-28,S-03,SKU-4,Eggs,Dairy,5,0.35,EUR,C-0344,cash
O-901345,2026-09-01,S-01,SKU-5,Coffee,Beverages,4,8.99,GBP,C-0345,card
O-901346,2026-09-02,S-02,SKU-1,Apple,Produce,7,1.50,USD,C-0346,cash
O-901347,2026-09-03,S-03,SKU-2,Bread,Bakery,8,3.00,USD,C-0347,card
O-901348,2026-09-04,S-01,SKU-3,Milk,Dairy,2,2.20,USD,C-0348,cash
O-901349,2026-09-05,S-02,SKU-4,Eggs,Dairy,4,0.35,EUR,C-0349,card
O-901350,2026-09-06,S-03,SKU-5,Coffee,Beverages,7,8.99,GBP,C-0350,cash
O-901351,2026-09-07,S-01,SKU-1,Apple,Produce,10,1.50,USD,C-0351,card
O-901352,2026-09-08,S-02,SKU-2,Bread,Bakery,6,3.00,USD,C-0352,cash
O-901353,2026-09-09,S-03,SKU-3,Milk,Dairy,10,2.20,USD,C-0353,card
O-901354,2026-09-10,S-01,SKU-4,Eggs,Dairy,5,0.35,EUR,C-0354,cash
O-901355,2026-09-11,S-02,SKU-5,Coffee,Beverages,12,8.99,GBP,C-0355,card
O-901356,2026-09-12,S-03,SKU-1,Apple,Produce,5,1.50,USD,C-0356,cash
O-901357,2026-09-13,S-01,SKU-2,Bread,Bakery,1,3.00,USD,C-0357,card
O-901358,2026-09-14,S-02,SKU-3,Milk,Dairy,11,2.20,USD,C-0358,cash
O-901359,2026-09-15,S-03,SKU-4,Eggs,Dairy,7,0.35,EUR,C-0359,card
O-901360,2026-09-16,S-01,SKU-5,Coffee,Beverages,5,,GBP,C-0360,cash
O-901361,2026-09-17,S-02,SKU-1,Apple,Produce,1,1.50,USD,C-0361,card
O-901362,2026-09-18,S-03,SKU-2,Bread,Bakery,10,3.00,USD,C-0362,cash
O-901363,2026-09-19,S-01,SKU-3,Milk,Dairy,11,2.20,USD,C-0363,card
O-901364,2026-09-20,S-02,SKU-4,Eggs,Dairy,12,0.35,EUR,C-0364,cash
O-901365,2026-09-21,S-03,SKU-5,Coffee,Beverages,1,8.99,GBP,C-0365,card
O-901366,2026-09-22,S-01,SKU-1,Apple,Produce,10,1.50,USD,C-0366,cash
O-901367,2026-09-23,S-02,SKU-2,Bread,Bakery,12,3.00,USD,C-0367,card
O-901368,2026-09-24,S-03,SKU-3,Milk,Dairy,8,2.20,USD,C-0368,cash
O-901369,2026-09-25,S-01,SKU-4,Eggs,Dairy,5,0.35,EUR,C-0369,card
O-901370,2026-09-26,S-02,SKU-5,Coffee,Beverages,4,8.99,GBP,C-0370,cash
O-901371,2026-09-27,S-03,SKU-1,Apple,Produce,10,1.50,USD,C-0371,card
O-901372,2026-09-28,S-01,SKU-2,Bread,Bakery,6,3.00,USD,C-0372,cash
O-901373,2026-09-01,S-02,SKU-3,Milk,Dairy,4,2.20,USD,C-0373,card
O-901374,2026-09-02,S-03,SKU-4,Eggs,Dairy,11,0.35,EUR,C-0374,cash
O-901375,2026-09-03,S-01,SKU-5,Coffee,Beverages,4,8.99,GBP,C-0375,card
O-901376,2026-09-04,S-02,SKU-1,Apple,Produce,10,1.50,USD,C-0376,cash
O-901377,2026-09-05,S-03,SKU-2,Bread,Bakery,5,3.00,USD,C-0377,card
O-901378,2026-09-06,S-01,SKU-3,Milk,Dairy,11,2.20,USD,C-0378,cash
O-901379,2026-09-07,S-02,SKU-4,Eggs,Dairy,12,0.35,EUR,C-0379,card
,2026-09-08,S-03,SKU-5,Coffee,Beverages,11,8.99,GBP,C-0380,cash
O-901381,2026-09-09,S-01,SKU-1,Apple,Produce,11,1.50,USD,C-0381,card
O-901382,2026-09-10,S-02,SKU-2,Bread,Bakery,3,3.00,USD,C-0382,cash
O-901383,2026-09-11,S-03,SKU-3,Milk,Dairy,11,2.20,USD,C-0383,card
O-901384,2026-09-12,S-01,SKU-4,Eggs,Dairy,2,0.35,EUR,C-0384,cash
O-901385,2026-09-13,S-02,SKU-5,Coffee,Beverages,11,8.99,GBP,C-0385,card
O-901386,2026-09-14,S-03,SKU-1,Apple,Produce,11,1.50,USD,C-0386,cash
O-901387,2026-09-15,S-01,SKU-2,Bread,Bakery,1,3.00,USD,C-0387,card
O-901388,2026-09-16,S-02,SKU-3,Milk,Dairy,5,2.20,USD,C-0388,cash
O-901389,2026-09-17,S-03,SKU-4,Eggs,Dairy,8,0.35,EUR,C-0389,card
O-901390,2026-09-18,S-01,SKU-5,Coffee,Beverages,1,8.99,GBP,C-0390,cash
O-901391,2026-09-19,S-02,SKU-1,Apple,Produce,10,1.50,USD,C-0391,card
O-901392,2026-09-20,S-03,SKU-2,Bread,Bakery,6,3.00,USD,C-0392,cash
O-901393,2026-09-21,S-01,SKU-3,Milk,Dairy,12,2.20,USD,C-0393,card
O-901394,2026-09-22,S-02,SKU-4,Eggs,Dairy,3,0.35,EUR,C-0394,cash
O-901395,2026-09-23,S-03,SKU-5,Coffee,Beverages,2,8.99,GBP,C-0395,card
O-901396,2026-09-24,S-01,SKU-1,Apple,Produce,5,1.50,USD,C-0396,cash
O-901397,2026-09-25,S-02,SKU-2,Bread,Bakery,6,3.00,USD,C-0397,card
O-901398,2026-09-26,S-03,SKU-3,Milk,Dairy,12,2.20,USD,C-0398,cash
O-901399,2026-09-27,S-01,SKU-4,Eggs,Dairy,7,0.35,EUR,C-0399,card
O-901400,2026-09-28,S-02,SKU-5,Coffee,Beverages,3,8.99,XYZ,C-0400,cash
O-901401,2026-09-01,S-03,SKU-1,Apple,Produce,4,1.50,USD,C-0401,card
O-901402,2026-09-02,S-01,SKU-2,Bread,Bakery,3,3.00,USD,C-0402,cash
O-901403,2026-09-03,S-02,SKU-3,Milk,Dairy,9,2.20,USD,C-0403,card
O-901404,2026-09-04,S-03,SKU-4,Eggs,Dairy,6,0.35,EUR,C-0404,cash
O-901405,2026-09-05,S-01,SKU-5,Coffee,Beverages,9,8.99,GBP,C-0405,card
O-901406,2026-09-06,S-02,SKU-1,Apple,Produce,9,1.50,USD,C-0406,cash
O-901407,2026-09-07,S-03,SKU-2,Bread,Bakery,5,3.00,USD,C-0407,card
O-901408,2026-09-08,S-01,SKU-3,Milk,Dairy,3,2.20,USD,C-0408,cash
O-901409,2026-09-09,S-02,SKU-4,Eggs,Dairy,5,0.35,EUR,C-0409,card
O-901410,2026-09-10,S-03,SKU-5,Coffee,Beverages,8,8.99,GBP,C-0410,cash
O-901411,2026-09-11,S-01,SKU-1,Apple,Produce,5,1.50,USD,C-0411,card
O-901412,2026-09-12,S-02,SKU-2,Bread,Bakery,12,3.00,USD,C-0412,cash
O-901413,2026-09-13,S-03,SKU-3,Milk,Dairy,6,2.20,USD,C-0413,card
O-901414,2026-09-14,S-01,SKU-4,Eggs,Dairy,2,0.35,EUR,C-0414,cash
O-901415,2026-09-15,S-02,SKU-5,Coffee,Beverages,8,8.99,GBP,C-0415,card
O-901416,2026-09-16,S-03,SKU-1,Apple,Produce,2,1.50,USD,C-0416,cash
O-901417,2026-09-17,S-01,SKU-2,Bread,Bakery,3,3.00,USD,C-0417,card
O-901418,2026-09-18,S-02,SKU-3,Milk,Dairy,4,2.20,USD,C-0418,cash
O-901419,2026-09-19,S-03,SKU-4,Eggs,Dairy,11,0.35,EUR,C-0419,card
O-901420,2026-09-20,S-01,SKU-5,Coffee,Beverages,12,8.99,GBP,C-0420,bitcoin
O-901421,2026-09-21,S-02,SKU-1,Apple,Produce,11,1.50,USD,C-0421,card
O-901422,2026-09-22,S-03,SKU-2,Bread,Bakery,7,3.00,USD,C-0422,cash
O-901423,2026-09-23,S-01,SKU-3,Milk,Dairy,9,2.20,USD,C-0423,card
O-901424,2026-09-24,S-02,SKU-4,Eggs,Dairy,6,0.35,EUR,C-0424,cash
O-901425,2026-09-25,S-03,SKU-5,Coffee,Beverages,2,8.99,GBP,C-0425,card
O-901426,2026-09-26,S-01,SKU-1,Apple,Produce,7,1.50,USD,C-0426,cash
O-901427,2026-09-27,S-02,SKU-2,Bread,Bakery,1,3.00,USD,C-0427,card
O-901428,2026-09-28,S-03,SKU-3,Milk,Dairy,5,2.20,USD,C-0428,cash
O-901429,2026-09-01,S-01,SKU-4,Eggs,Dairy,9,0.35,EUR,C-0429,card
O-901430,2026-09-02,S-02,SKU-5,Coffee,Beverages,2,8.99,GBP,C-0430,cash
O-901431,2026-09-03,S-03,SKU-1,Apple,Produce,8,1.50,USD,C-0431,card
O-901432,2026-09-04,S-01,SKU-2,Bread,Bakery,6,3.00,USD,C-0432,cash
O-901433,2026-09-05,S-02,SKU-3,Milk,Dairy,11,2.20,USD,C-0433,card
O-901434,2026-09-06,S-03,SKU-4,Eggs,Dairy,12,0.35,EUR,C-0434,cash
O-901435,2026-09-07,S-01,SKU-5,Coffee,Beverages,11,8.99,GBP,C-0435,card
O-901436,2026-09-08,S-02,SKU-1,Apple,Produce,5,1.50,USD,C-0436,cash
O-901437,2026-09-09,S-03,SKU-2,Bread,Bakery,10,3.00,USD,C-0437,card
O-901438,2026-09-10,S-01,SKU-3,Milk,Dairy,7,2.20,USD,C-0438,cash
O-901439,2026-09-11,S-02,SKU-4,Eggs,Dairy,11,0.35,EUR,C-0439,card
O-901440,2026-09-12,S-03,SKU-5,Coffee,Beverages,0,8.99,GBP,C-0440,cash
O-901441,2026-09-13,S-01,SKU-1,Apple,Produce,2,1.50,USD,C-0441,card
O-901442,2026-09-14,S-02,SKU-2,Bread,Bakery,11,3.00,USD,C-0442,cash
O-901443,2026-09-15,S-03,SKU-3,Milk,Dairy,4,2.20,USD,C-0443,card
O-901444,2026-09-16,S-01,SKU-4,Eggs,Dairy,8,0.35,EUR,C-0444,cash
O-901445,2026-09-17,S-02,SKU-5,Coffee,Beverages,1,8.99,GBP,C-0445,card
O-901446,2026-09-18,S-03,SKU-1,Apple,Produce,10,1.50,USD,C-0446,cash
O-901447,2026-09-19,S-01,SKU-2,Bread,Bakery,9,3.00,USD,C-0447,card
O-901448,2026-09-20,S-02,SKU-3,Milk,Dairy,6,2.20,USD,C-0448,cash
O-901449,2026-09-21,S-03,SKU-4,Eggs,Dairy,10,0.35,EUR,C-0449,card
O-901450,2026-09-22,S-01,SKU-5,Coffee,Beverages,4,8.99,GBP,C-0450,cash
O-901451,2026-09-23,S-02,SKU-1,Apple,Produce,11,1.50,USD,C-0451,card
O-901452,2026-09-24,S-03,SKU-2,Bread,Bakery,2,3.00,USD,C-0452,cash
O-901453,2026-09-25,S-01,SKU-3,Milk,Dairy,11,2.20,USD,C-0453,card
O-901454,2026-09-26,S-02,SKU-4,Eggs,Dairy,8,0.35,EUR,C-0454,cash
O-901455,2026-09-27,S-03,SKU-5,Coffee,Beverages,12,8.99,GBP,C-0455,card
O-901456,2026-09-28,S-01,SKU-1,Apple,Produce,5,1.50,USD,C-0456,cash
O-901457,2026-09-01,S-02,SKU-2,Bread,Bakery,11,3.00,USD,C-0457,card
O-901458,2026-09-02,S-03,SKU-3,Milk,Dairy,7,2.20,USD,C-0458,cash
O-901459,2026-09-03,S-01,SKU-4,Eggs,Dairy,2,0.35,EUR,C-0459,card
O-901460,bad-date,S-02,SKU-5,Coffee,Beverages,3,8.99,GBP,C-0460,cash
O-901461,2026-09-05,S-03,SKU-1,Apple,Produce,1,1.50,USD,C-0461,card
O-901462,2026-09-06,S-01,SKU-2,Bread,Bakery,1,3.00,USD,C-0462,cash
O-901463,2026-09-07,S-02,SKU-3,Milk,Dairy,5,2.20,USD,C-0463,card
O-901464,2026-09-08,S-03,SKU-4,Eggs,Dairy,8,0.35,EUR,C-0464,cash
O-901465,2026-09-09,S-01,SKU-5,Coffee,Beverages,2,8.99,GBP,C-0465,card
O-901466,2026-09-10,S-02,SKU-1,Apple,Produce,2,1.50,USD,C-0466,cash
O-901467,2026-09-11,S-03,SKU-2,Bread,Bakery,4,3.00,USD,C-0467,card
O-901468,2026-09-12,S-01,SKU-3,Milk,Dairy,9,2.20,USD,C-0468,cash
O-901469,2026-09-13,S-02,SKU-4,Eggs,Dairy,3,0.35,EUR,C-0469,card
O-901470,2026-09-14,S-03,SKU-5,Coffee,Beverages,7,8.99,GBP,C-0470,cash
O-901471,2026-09-15,S-01,SKU-1,Apple,Produce,8,1.50,USD,C-0471,card
O-901472,2026-09-16,S-02,SKU-2,Bread,Bakery,6,3.00,USD,C-0472,cash
O-901473,2026-09-17,S-03,SKU-3,Milk,Dairy,11,2.20,USD,C-0473,card
O-901474,2026-09-18,S-01,SKU-4,Eggs,Dairy,12,0.35,EUR,C-0474,cash
O-901475,2026-09-19,S-02,SKU-5,Coffee,Beverages,12,8.99,GBP,C-0475,card
O-901476,2026-09-20,S-03,SKU-1,Apple,Produce,9,1.50,USD,C-0476,cash
O-901477,2026-09-21,S-01,SKU-2,Bread,Bakery,7,3.00,USD,C-0477,card
O-901478,2026-09-22,S-02,SKU-3,Milk,Dairy,10,2.20,USD,C-0478,cash
O-901479,2026-09-23,S-03,SKU-4,Eggs,Dairy,12,0.35,EUR,C-0479,card
O-901480,2026-09-24,S-01,SKU-5,Coffee,Beverages,-3,8.99,GBP,C-0480,cash
O-901481,2026-09-25,S-02,SKU-1,Apple,Produce,3,1.50,USD,C-0481,card
O-901482,2026-09-26,S-03,SKU-2,Bread,Bakery,7,3.00,USD,C-0482,cash
O-901483,2026-09-27,S-01,SKU-3,Milk,Dairy,11,2.20,USD,C-0483,card
O-901484,2026-09-28,S-02,SKU-4,Eggs,Dairy,2,0.35,EUR,C-0484,cash
O-901485,2026-09-01,S-03,SKU-5,Coffee,Beverages,8,8.99,GBP,C-0485,card
O-901486,2026-09-02,S-01,SKU-1,Apple,Produce,10,1.50,USD,C-0486,cash
O-901487,2026-09-03,S-02,SKU-2,Bread,Bakery,7,3.00,USD,C-0487,card
O-901488,2026-09-04,S-03,SKU-3,Milk,Dairy,5,2.20,USD,C-0488,cash
O-901489,2026-09-05,S-01,SKU-4,Eggs,Dairy,1,0.35,EUR,C-0489,card
O-901490,2026-09-06,S-02,SKU-5,Coffee,Beverages,12,8.99,GBP,C-0490,cash
O-901491,2026-09-07,S-03,SKU-1,Apple,Produce,6,1.50,USD,C-0491,card
O-901492,2026-09-08,S-01,SKU-2,Bread,Bakery,4,3.00,USD,C-0492,cash
O-901493,2026-09-09,S-02,SKU-3,Milk,Dairy,8,2.20,USD,C-0493,card
O-901494,2026-09-10,S-03,SKU-4,Eggs,Dairy,8,0.35,EUR,C-0494,cash
O-901495,2026-09-11,S-01,SKU-5,Coffee,Beverages,4,8.99,GBP,C-0495,card
O-901496,2026-09-12,S-02,SKU-1,Apple,Produce,6,1.50,USD,C-0496,cash
O-901497,2026-09-13,S-03,SKU-2,Bread,Bakery,2,3.00,USD,C-0497,card
O-901498,2026-09-14,S-01,SKU-3,Milk,Dairy,11,2.20,USD,C-0498,cash
O-901499,2026-09-15,S-02,SKU-4,Eggs,Dairy,6,0.35,EUR,C-0499,card
O-901500,2026-09-16,S-03,SKU-999,Coffee,Beverages,9,8.99,GBP,C-0500,cash
O-901501,2026-09-17,S-01,SKU-1,Apple,Produce,11,1.50,USD,C-0001,card
O-901502,2026-09-18,S-02,SKU-2,Bread,Bakery,6,3.00,USD,C-0002,cash
O-901503,2026-09-19,S-03,SKU-3,Milk,Dairy,1,2.20,USD,C-0003,card
O-901504,2026-09-20,S-01,SKU-4,Eggs,Dairy,7,0.35,EUR,C-0004,cash
O-901505,2026-09-21,S-02,SKU-5,Coffee,Beverages,5,8.99,GBP,C-0005,card
O-901506,2026-09-22,S-03,SKU-1,Apple,Produce,4,1.50,USD,C-0006,cash
O-901507,2026-09-23,S-01,SKU-2,Bread,Bakery,2,3.00,USD,C-0007,card
O-901508,2026-09-24,S-02,SKU-3,Milk,Dairy,8,2.20,USD,C-0008,cash
O-901509,2026-09-25,S-03,SKU-4,Eggs,Dairy,2,0.35,EUR,C-0009,card
O-901510,2026-09-26,S-01,SKU-5,Coffee,Beverages,11,8.99,GBP,C-0010,cash
O-901511,2026-09-27,S-02,SKU-1,Apple,Produce,4,1.50,USD,C-0011,card
O-901512,2026-09-28,S-03,SKU-2,Bread,Bakery,11,3.00,USD,C-0012,cash
O-901513,2026-09-01,S-01,SKU-3,Milk,Dairy,11,2.20,USD,C-0013,card
O-901514,2026-09-02,S-02,SKU-4,Eggs,Dairy,10,0.35,EUR,C-0014,cash
O-901515,2026-09-03,S-03,SKU-5,Coffee,Beverages,1,8.99,GBP,C-0015,card
O-901516,2026-09-04,S-01,SKU-1,Apple,Produce,1,1.50,USD,C-0016,cash
O-901517,2026-09-05,S-02,SKU-2,Bread,Bakery,6,3.00,USD,C-0017,card
O-901518,2026-09-06,S-03,SKU-3,Milk,Dairy,4,2.20,USD,C-0018,cash
O-901519,2026-09-07,S-01,SKU-4,Eggs,Dairy,3,0.35,EUR,C-0019,card
O-901520,2026-09-08,S-02,SKU-5,Coffee,Beverages,10,,GBP,C-0020,cash
O-901521,2026-09-09,S-03,SKU-1,Apple,Produce,4,1.50,USD,C-0021,card
O-901522,2026-09-10,S-01,SKU-2,Bread,Bakery,2,3.00,USD,C-0022,cash
O-901523,2026-09-11,S-02,SKU-3,Milk,Dairy,9,2.20,USD,C-0023,card
O-901524,2026-09-12,S-03,SKU-4,Eggs,Dairy,4,0.35,EUR,C-0024,cash
O-901525,2026-09-13,S-01,SKU-5,Coffee,Beverages,10,8.99,GBP,C-0025,card
O-901526,2026-09-14,S-02,SKU-1,Apple,Produce,4,1.50,USD,C-0026,cash
O-901527,2026-09-15,S-03,SKU-2,Bread,Bakery,4,3.00,USD,C-0027,card
O-901528,2026-09-16,S-01,SKU-3,Milk,Dairy,6,2.20,USD,C-0028,cash
O-901529,2026-09-17,S-02,SKU-4,Eggs,Dairy,3,0.35,EUR,C-0029,card
O-901530,2026-09-18,S-03,SKU-5,Coffee,Beverages,10,8.99,GBP,C-0030,cash
O-901531,2026-09-19,S-01,SKU-1,Apple,Produce,1,1.50,USD,C-0031,card
O-901532,2026-09-20,S-02,SKU-2,Bread,Bakery,5,3.00,USD,C-0032,cash
O-901533,2026-09-21,S-03,SKU-3,Milk,Dairy,3,2.20,USD,C-0033,card
O-901534,2026-09-22,S-01,SKU-4,Eggs,Dairy,3,0.35,EUR,C-0034,cash
O-901535,2026-09-23,S-02,SKU-5,Coffee,Beverages,9,8.99,GBP,C-0035,card
O-901536,2026-09-24,S-03,SKU-1,Apple,Produce,5,1.50,USD,C-0036,cash
O-901537,2026-09-25,S-01,SKU-2,Bread,Bakery,3,3.00,USD,C-0037,card
O-901538,2026-09-26,S-02,SKU-3,Milk,Dairy,2,2.20,USD,C-0038,cash
O-901539,2026-09-27,S-03,SKU-4,Eggs,Dairy,11,0.35,EUR,C-0039,card
,2026-09-28,S-01,SKU-5,Coffee,Beverages,1,8.99,GBP,C-0040,cash
O-901541,2026-09-01,S-02,SKU-1,Apple,Produce,3,1.50,USD,C-0041,card
O-901542,2026-09-02,S-03,SKU-2,Bread,Bakery,1,3.00,USD,C-0042,cash
O-901543,2026-09-03,S-01,SKU-3,Milk,Dairy,6,2.20,USD,C-0043,card
O-901544,2026-09-04,S-02,SKU-4,Eggs,Dairy,4,0.35,EUR,C-0044,cash
O-901545,2026-09-05,S-03,SKU-5,Coffee,Beverages,10,8.99,GBP,C-0045,card
O-901546,2026-09-06,S-01,SKU-1,Apple,Produce,6,1.50,USD,C-0046,cash
O-901547,2026-09-07,S-02,SKU-2,Bread,Bakery,1,3.00,USD,C-0047,card
O-901548,2026-09-08,S-03,SKU-3,Milk,Dairy,3,2.20,USD,C-0048,cash
O-901549,2026-09-09,S-01,SKU-4,Eggs,Dairy,5,0.35,EUR,C-0049,card
O-901550,2026-09-10,S-02,SKU-5,Coffee,Beverages,1,8.99,GBP,C-0050,cash
O-901551,2026-09-11,S-03,SKU-1,Apple,Produce,3,1.50,USD,C-0051,card
O-901552,2026-09-12,S-01,SKU-2,Bread,Bakery,12,3.00,USD,C-0052,cash
O-901553,2026-09-13,S-02,SKU-3,Milk,Dairy,7,2.20,USD,C-0053,card
O-901554,2026-09-14,S-03,SKU-4,Eggs,Dairy,9,0.35,EUR,C-0054,cash
O-901555,2026-09-15,S-01,SKU-5,Coffee,Beverages,2,8.99,GBP,C-0055,card
O-901556,2026-09-16,S-02,SKU-1,Apple,Produce,12,1.50,USD,C-0056,cash
O-901557,2026-09-17,S-03,SKU-2,Bread,Bakery,2,3.00,USD,C-0057,card
O-901558,2026-09-18,S-01,SKU-3,Milk,Dairy,8,2.20,USD,C-0058,cash
O-901559,2026-09-19,S-02,SKU-4,Eggs,Dairy,8,0.35,EUR,C-0059,card
O-901560,2026-09-20,S-03,SKU-5,Coffee,Beverages,6,8.99,XYZ,C-0060,cash
O-901561,2026-09-21,S-01,SKU-1,Apple,Produce,9,1.50,USD,C-0061,card
O-901562,2026-09-22,S-02,SKU-2,Bread,Bakery,10,3.00,USD,C-0062,cash
O-901563,2026-09-23,S-03,SKU-3,Milk,Dairy,2,2.20,USD,C-0063,card
O-901564,2026-09-24,S-01,SKU-4,Eggs,Dairy,8,0.35,EUR,C-0064,cash
O-901565,2026-09-25,S-02,SKU-5,Coffee,Beverages,9,8.99,GBP,C-0065,card
O-901566,2026-09-26,S-03,SKU-1,Apple,Produce,4,1.50,USD,C-0066,cash
O-901567,2026-09-27,S-01,SKU-2,Bread,Bakery,10,3.00,USD,C-0067,card
O-901568,2026-09-28,S-02,SKU-3,Milk,Dairy,1,2.20,USD,C-0068,cash
O-901569,2026-09-01,S-03,SKU-4,Eggs,Dairy,12,0.35,EUR,C-0069,card
O-901570,2026-09-02,S-01,SKU-5,Coffee,Beverages,11,8.99,GBP,C-0070,cash
O-901571,2026-09-03,S-02,SKU-1,Apple,Produce,9,1.50,USD,C-0071,card
O-901572,2026-09-04,S-03,SKU-2,Bread,Bakery,5,3.00,USD,C-0072,cash
O-901573,2026-09-05,S-01,SKU-3,Milk,Dairy,8,2.20,USD,C-0073,card
O-901574,2026-09-06,S-02,SKU-4,Eggs,Dairy,11,0.35,EUR,C-0074,cash
O-901575,2026-09-07,S-03,SKU-5,Coffee,Beverages,1,8.99,GBP,C-0075,card
O-901576,2026-09-08,S-01,SKU-1,Apple,Produce,1,1.50,USD,C-0076,cash
O-901577,2026-09-09,S-02,SKU-2,Bread,Bakery,8,3.00,USD,C-0077,card
O-901578,2026-09-10,S-03,SKU-3,Milk,Dairy,7,2.20,USD,C-0078,cash
O-901579,2026-09-11,S-01,SKU-4,Eggs,Dairy,7,0.35,EUR,C-0079,card
O-901580,2026-09-12,S-02,SKU-5,Coffee,Beverages,11,8.99,GBP,C-0080,bitcoin
O-901581,2026-09-13,S-03,SKU-1,Apple,Produce,2,1.50,USD,C-0081,card
O-901582,2026-09-14,S-01,SKU-2,Bread,Bakery,8,3.00,USD,C-0082,cash
O-901583,2026-09-15,S-02,SKU-3,Milk,Dairy,12,2.20,USD,C-0083,card
O-901584,2026-09-16,S-03,SKU-4,Eggs,Dairy,8,0.35,EUR,C-0084,cash
O-901585,2026-09-17,S-01,SKU-5,Coffee,Beverages,2,8.99,GBP,C-0085,card
O-901586,2026-09-18,S-02,SKU-1,Apple,Produce,2,1.50,USD,C-0086,cash
O-901587,2026-09-19,S-03,SKU-2,Bread,Bakery,6,3.00,USD,C-0087,card
O-901588,2026-09-20,S-01,SKU-3,Milk,Dairy,10,2.20,USD,C-0088,cash
O-901589,2026-09-21,S-02,SKU-4,Eggs,Dairy,3,0.35,EUR,C-0089,card
O-901590,2026-09-22,S-03,SKU-5,Coffee,Beverages,2,8.99,GBP,C-0090,cash
O-901591,2026-09-23,S-01,SKU-1,Apple,Produce,3,1.50,USD,C-0091,card
O-901592,2026-09-24,S-02,SKU-2,Bread,Bakery,5,3.00,USD,C-0092,cash
O-901593,2026-09-25,S-03,SKU-3,Milk,Dairy,10,2.20,USD,C-0093,card
O-901594,2026-09-26,S-01,SKU-4,Eggs,Dairy,11,0.35,EUR,C-0094,cash
O-901595,2026-09-27,S-02,SKU-5,Coffee,Beverages,10,8.99,GBP,C-0095,card
O-901596,2026-09-28,S-03,SKU-1,Apple,Produce,9,1.50,USD,C-0096,cash
O-901597,2026-09-01,S-01,SKU-2,Bread,Bakery,12,3.00,USD,C-0097,card
O-901598,2026-09-02,S-02,SKU-3,Milk,Dairy,6,2.20,USD,C-0098,cash
O-901599,2026-09-03,S-03,SKU-4,Eggs,Dairy,7,0.35,EUR,C-0099,card
O-901600,2026-09-04,S-01,SKU-5,Coffee,Beverages,0,8.99,GBP,C-0100,cash
O-901601,2026-09-05,S-02,SKU-1,Apple,Produce,9,1.50,USD,C-0101,card
O-901602,2026-09-06,S-03,SKU-2,Bread,Bakery,5,3.00,USD,C-0102,cash
O-901603,2026-09-07,S-01,SKU-3,Milk,Dairy,8,2.20,USD,C-0103,card
O-901604,2026-09-08,S-02,SKU-4,Eggs,Dairy,9,0.35,EUR,C-0104,cash
O-901605,2026-09-09,S-03,SKU-5,Coffee,Beverages,10,8.99,GBP,C-0105,card
O-901606,2026-09-10,S-01,SKU-1,Apple,Produce,7,1.50,USD,C-0106,cash
O-901607,2026-09-11,S-02,SKU-2,Bread,Bakery,2,3.00,USD,C-0107,card
O-901608,2026-09-12,S-03,SKU-3,Milk,Dairy,12,2.20,USD,C-0108,cash
O-901609,2026-09-13,S-01,SKU-4,Eggs,Dairy,2,0.35,EUR,C-0109,card
O-901610,2026-09-14,S-02,SKU-5,Coffee,Beverages,11,8.99,GBP,C-0110,cash
O-901611,2026-09-15,S-03,SKU-1,Apple,Produce,11,1.50,USD,C-0111,card
O-901612,2026-09-16,S-01,SKU-2,Bread,Bakery,9,3.00,USD,C-0112,cash
O-901613,2026-09-17,S-02,SKU-3,Milk,Dairy,12,2.20,USD,C-0113,card
O-901614,2026-09-18,S-03,SKU-4,Eggs,Dairy,4,0.35,EUR,C-0114,cash
O-901615,2026-09-19,S-01,SKU-5,Coffee,Beverages,7,8.99,GBP,C-0115,card
O-901616,2026-09-20,S-02,SKU-1,Apple,Produce,8,1.50,USD,C-0116,cash
O-901617,2026-09-21,S-03,SKU-2,Bread,Bakery,4,3.00,USD,C-0117,card
O-901618,2026-09-22,S-01,SKU-3,Milk,Dairy,7,2.20,USD,C-0118,cash
O-901619,2026-09-23,S-02,SKU-4,Eggs,Dairy,6,0.35,EUR,C-0119,card
O-901620,bad-date,S-03,SKU-5,Coffee,Beverages,8,8.99,GBP,C-0120,cash
O-901621,2026-09-25,S-01,SKU-1,Apple,Produce,7,1.50,USD,C-0121,card
O-901622,2026-09-26,S-02,SKU-2,Bread,Bakery,7,3.00,USD,C-0122,cash
O-901623,2026-09-27,S-03,SKU-3,Milk,Dairy,12,2.20,USD,C-0123,card
O-901624,2026-09-28,S-01,SKU-4,Eggs,Dairy,2,0.35,EUR,C-0124,cash
O-901625,2026-09-01,S-02,SKU-5,Coffee,Beverages,6,8.99,GBP,C-0125,card
O-901626,2026-09-02,S-03,SKU-1,Apple,Produce,7,1.50,USD,C-0126,cash
O-901627,2026-09-03,S-01,SKU-2,Bread,Bakery,6,3.00,USD,C-0127,card
O-901628,2026-09-04,S-02,SKU-3,Milk,Dairy,11,2.20,USD,C-0128,cash
O-901629,2026-09-05,S-03,SKU-4,Eggs,Dairy,5,0.35,EUR,C-0129,card
O-901630,2026-09-06,S-01,SKU-5,Coffee,Beverages,6,8.99,GBP,C-0130,cash
O-901631,2026-09-07,S-02,SKU-1,Apple,Produce,3,1.50,USD,C-0131,card
O-901632,2026-09-08,S-03,SKU-2,Bread,Bakery,11,3.00,USD,C-0132,cash
O-901633,2026-09-09,S-01,SKU-3,Milk,Dairy,8,2.20,USD,C-0133,card
O-901634,2026-09-10,S-02,SKU-4,Eggs,Dairy,2,0.35,EUR,C-0134,cash
O-901635,2026-09-11,S-03,SKU-5,Coffee,Beverages,2,8.99,GBP,C-0135,card
O-901636,2026-09-12,S-01,SKU-1,Apple,Produce,2,1.50,USD,C-0136,cash
O-901637,2026-09-13,S-02,SKU-2,Bread,Bakery,2,3.00,USD,C-0137,card
O-901638,2026-09-14,S-03,SKU-3,Milk,Dairy,7,2.20,USD,C-0138,cash
O-901639,2026-09-15,S-01,SKU-4,Eggs,Dairy,2,0.35,EUR,C-0139,card
O-901640,2026-09-16,S-02,SKU-5,Coffee,Beverages,-3,8.99,GBP,C-0140,cash
O-901641,2026-09-17,S-03,SKU-1,Apple,Produce,12,1.50,USD,C-0141,card
O-901642,2026-09-18,S-01,SKU-2,Bread,Bakery,6,3.00,USD,C-0142,cash
O-901643,2026-09-19,S-02,SKU-3,Milk,Dairy,3,2.20,USD,C-0143,card
O-901644,2026-09-20,S-03,SKU-4,Eggs,Dairy,9,0.35,EUR,C-0144,cash
O-901645,2026-09-21,S-01,SKU-5,Coffee,Beverages,1,8.99,GBP,C-0145,card
O-901646,2026-09-22,S-02,SKU-1,Apple,Produce,10,1.50,USD,C-0146,cash
O-901647,2026-09-23,S-03,SKU-2,Bread,Bakery,9,3.00,USD,C-0147,card
O-901648,2026-09-24,S-01,SKU-3,Milk,Dairy,9,2.20,USD,C-0148,cash
O-901649,2026-09-25,S-02,SKU-4,Eggs,Dairy,6,0.35,EUR,C-0149,card
O-901650,2026-09-26,S-03,SKU-5,Coffee,Beverages,11,8.99,GBP,C-0150,cash
O-901651,2026-09-27,S-01,SKU-1,Apple,Produce,2,1.50,USD,C-0151,card
O-901652,2026-09-28,S-02,SKU-2,Bread,Bakery,7,3.00,USD,C-0152,cash
O-901653,2026-09-01,S-03,SKU-3,Milk,Dairy,6,2.20,USD,C-0153,card
O-901654,2026-09-02,S-01,SKU-4,Eggs,Dairy,11,0.35,EUR,C-0154,cash
O-901655,2026-09-03,S-02,SKU-5,Coffee,Beverages,7,8.99,GBP,C-0155,card
O-901656,2026-09-04,S-03,SKU-1,Apple,Produce,12,1.50,USD,C-0156,cash
O-901657,2026-09-05,S-01,SKU-2,Bread,Bakery,1,3.00,USD,C-0157,card
O-901658,2026-09-06,S-02,SKU-3,Milk,Dairy,5,2.20,USD,C-0158,cash
O-901659,2026-09-07,S-03,SKU-4,Eggs,Dairy,10,0.35,EUR,C-0159,card
O-901660,2026-09-08,S-01,SKU-999,Coffee,Beverages,5,8.99,GBP,C-0160,cash
O-901661,2026-09-09,S-02,SKU-1,Apple,Produce,6,1.50,USD,C-0161,card
O-901662,2026-09-10,S-03,SKU-2,Bread,Bakery,2,3.00,USD,C-0162,cash
O-901663,2026-09-11,S-01,SKU-3,Milk,Dairy,10,2.20,USD,C-0163,card
O-901664,2026-09-12,S-02,SKU-4,Eggs,Dairy,9,0.35,EUR,C-0164,cash
O-901665,2026-09-13,S-03,SKU-5,Coffee,Beverages,4,8.99,GBP,C-0165,card
O-901666,2026-09-14,S-01,SKU-1,Apple,Produce,3,1.50,USD,C-0166,cash
O-901667,2026-09-15,S-02,SKU-2,Bread,Bakery,11,3.00,USD,C-0167,card
O-901668,2026-09-16,S-03,SKU-3,Milk,Dairy,8,2.20,USD,C-0168,cash
O-901669,2026-09-17,S-01,SKU-4,Eggs,Dairy,4,0.35,EUR,C-0169,card
O-901670,2026-09-18,S-02,SKU-5,Coffee,Beverages,2,8.99,GBP,C-0170,cash
O-901671,2026-09-19,S-03,SKU-1,Apple,Produce,6,1.50,USD,C-0171,card
O-901672,2026-09-20,S-01,SKU-2,Bread,Bakery,9,3.00,USD,C-0172,cash
O-901673,2026-09-21,S-02,SKU-3,Milk,Dairy,6,2.20,USD,C-0173,card
O-901674,2026-09-22,S-03,SKU-4,Eggs,Dairy,2,0.35,EUR,C-0174,cash
O-901675,2026-09-23,S-01,SKU-5,Coffee,Beverages,5,8.99,GBP,C-0175,card
O-901676,2026-09-24,S-02,SKU-1,Apple,Produce,10,1.50,USD,C-0176,cash
O-901677,2026-09-25,S-03,SKU-2,Bread,Bakery,4,3.00,USD,C-0177,card
O-901678,2026-09-26,S-01,SKU-3,Milk,Dairy,7,2.20,USD,C-0178,cash
O-901679,2026-09-27,S-02,SKU-4,Eggs,Dairy,9,0.35,EUR,C-0179,card
O-901680,2026-09-28,S-03,SKU-5,Coffee,Beverages,10,,GBP,C-0180,cash
O-901681,2026-09-01,S-01,SKU-1,Apple,Produce,10,1.50,USD,C-0181,card
O-901682,2026-09-02,S-02,SKU-2,Bread,Bakery,11,3.00,USD,C-0182,cash
O-901683,2026-09-03,S-03,SKU-3,Milk,Dairy,11,2.20,USD,C-0183,card
O-901684,2026-09-04,S-01,SKU-4,Eggs,Dairy,9,0.35,EUR,C-0184,cash
O-901685,2026-09-05,S-02,SKU-5,Coffee,Beverages,1,8.99,GBP,C-0185,card
O-901686,2026-09-06,S-03,SKU-1,Apple,Produce,10,1.50,USD,C-0186,cash
O-901687,2026-09-07,S-01,SKU-2,Bread,Bakery,11,3.00,USD,C-0187,card
O-901688,2026-09-08,S-02,SKU-3,Milk,Dairy,12,2.20,USD,C-0188,cash
O-901689,2026-09-09,S-03,SKU-4,Eggs,Dairy,5,0.35,EUR,C-0189,card
O-901690,2026-09-10,S-01,SKU-5,Coffee,Beverages,1,8.99,GBP,C-0190,cash
O-901691,2026-09-11,S-02,SKU-1,Apple,Produce,3,1.50,USD,C-0191,card
O-901692,2026-09-12,S-03,SKU-2,Bread,Bakery,5,3.00,USD,C-0192,cash
O-901693,2026-09-13,S-01,SKU-3,Milk,Dairy,12,2.20,USD,C-0193,card
O-901694,2026-09-14,S-02,SKU-4,Eggs,Dairy,5,0.35,EUR,C-0194,cash
O-901695,2026-09-15,S-03,SKU-5,Coffee,Beverages,6,8.99,GBP,C-0195,card
O-901696,2026-09-16,S-01,SKU-1,Apple,Produce,6,1.50,USD,C-0196,cash
O-901697,2026-09-17,S-02,SKU-2,Bread,Bakery,1,3.00,USD,C-0197,card
O-901698,2026-09-18,S-03,SKU-3,Milk,Dairy,3,2.20,USD,C-0198,cash
O-901699,2026-09-19,S-01,SKU-4,Eggs,Dairy,3,0.35,EUR,C-0199,card
,2026-09-20,S-02,SKU-5,Coffee,Beverages,10,8.99,GBP,C-0200,cash
O-901701,2026-09-21,S-03,SKU-1,Apple,Produce,11,1.50,USD,C-0201,card
O-901702,2026-09-22,S-01,SKU-2,Bread,Bakery,7,3.00,USD,C-0202,cash
O-901703,2026-09-23,S-02,SKU-3,Milk,Dairy,2,2.20,USD,C-0203,card
O-901704,2026-09-24,S-03,SKU-4,Eggs,Dairy,3,0.35,EUR,C-0204,cash
O-901705,2026-09-25,S-01,SKU-5,Coffee,Beverages,12,8.99,GBP,C-0205,card
O-901706,2026-09-26,S-02,SKU-1,Apple,Produce,11,1.50,USD,C-0206,cash
O-901707,2026-09-27,S-03,SKU-2,Bread,Bakery,1,3.00,USD,C-0207,card
O-901708,2026-09-28,S-01,SKU-3,Milk,Dairy,2,2.20,USD,C-0208,cash
O-901709,2026-09-01,S-02,SKU-4,Eggs,Dairy,12,0.35,EUR,C-0209,card
O-901710,2026-09-02,S-03,SKU-5,Coffee,Beverages,9,8.99,GBP,C-0210,cash
O-901711,2026-09-03,S-01,SKU-1,Apple,Produce,4,1.50,USD,C-0211,card
O-901712,2026-09-04,S-02,SKU-2,Bread,Bakery,7,3.00,USD,C-0212,cash
O-901713,2026-09-05,S-03,SKU-3,Milk,Dairy,7,2.20,USD,C-0213,card
O-901714,2026-09-06,S-01,SKU-4,Eggs,Dairy,8,0.35,EUR,C-0214,cash
O-901715,2026-09-07,S-02,SKU-5,Coffee,Beverages,6,8.99,GBP,C-0215,card
O-901716,2026-09-08,S-03,SKU-1,Apple,Produce,3,1.50,USD,C-0216,cash
O-901717,2026-09-09,S-01,SKU-2,Bread,Bakery,6,3.00,USD,C-0217,card
O-901718,2026-09-10,S-02,SKU-3,Milk,Dairy,5,2.20,USD,C-0218,cash
O-901719,2026-09-11,S-03,SKU-4,Eggs,Dairy,12,0.35,EUR,C-0219,card
O-901720,2026-09-12,S-01,SKU-5,Coffee,Beverages,6,8.99,XYZ,C-0220,cash
O-901721,2026-09-13,S-02,SKU-1,Apple,Produce,10,1.50,USD,C-0221,card
O-901722,2026-09-14,S-03,SKU-2,Bread,Bakery,10,3.00,USD,C-0222,cash
O-901723,2026-09-15,S-01,SKU-3,Milk,Dairy,2,2.20,USD,C-0223,card
O-901724,2026-09-16,S-02,SKU-4,Eggs,Dairy,1,0.35,EUR,C-0224,cash
O-901725,2026-09-17,S-03,SKU-5,Coffee,Beverages,3,8.99,GBP,C-0225,card
O-901726,2026-09-18,S-01,SKU-1,Apple,Produce,3,1.50,USD,C-0226,cash
O-901727,2026-09-19,S-02,SKU-2,Bread,Bakery,10,3.00,USD,C-0227,card
O-901728,2026-09-20,S-03,SKU-3,Milk,Dairy,1,2.20,USD,C-0228,cash
O-901729,2026-09-21,S-01,SKU-4,Eggs,Dairy,11,0.35,EUR,C-0229,card
O-901730,2026-09-22,S-02,SKU-5,Coffee,Beverages,2,8.99,GBP,C-0230,cash
O-901731,2026-09-23,S-03,SKU-1,Apple,Produce,5,1.50,USD,C-0231,card
O-901732,2026-09-24,S-01,SKU-2,Bread,Bakery,8,3.00,USD,C-0232,cash
O-901733,2026-09-25,S-02,SKU-3,Milk,Dairy,11,2.20,USD,C-0233,card
O-901734,2026-09-26,S-03,SKU-4,Eggs,Dairy,7,0.35,EUR,C-0234,cash
O-901735,2026-09-27,S-01,SKU-5,Coffee,Beverages,8,8.99,GBP,C-0235,card
O-901736,2026-09-28,S-02,SKU-1,Apple,Produce,10,1.50,USD,C-0236,cash
O-901737,2026-09-01,S-03,SKU-2,Bread,Bakery,8,3.00,USD,C-0237,card
O-901738,2026-09-02,S-01,SKU-3,Milk,Dairy,7,2.20,USD,C-0238,cash
O-901739,2026-09-03,S-02,SKU-4,Eggs,Dairy,5,0.35,EUR,C-0239,card
O-901740,2026-09-04,S-03,SKU-5,Coffee,Beverages,4,8.99,GBP,C-0240,bitcoin
O-901741,2026-09-05,S-01,SKU-1,Apple,Produce,9,1.50,USD,C-0241,card
O-901742,2026-09-06,S-02,SKU-2,Bread,Bakery,2,3.00,USD,C-0242,cash
O-901743,2026-09-07,S-03,SKU-3,Milk,Dairy,6,2.20,USD,C-0243,card
O-901744,2026-09-08,S-01,SKU-4,Eggs,Dairy,7,0.35,EUR,C-0244,cash
O-901745,2026-09-09,S-02,SKU-5,Coffee,Beverages,2,8.99,GBP,C-0245,card
O-901746,2026-09-10,S-03,SKU-1,Apple,Produce,5,1.50,USD,C-0246,cash
O-901747,2026-09-11,S-01,SKU-2,Bread,Bakery,11,3.00,USD,C-0247,card
O-901748,2026-09-12,S-02,SKU-3,Milk,Dairy,11,2.20,USD,C-0248,cash
O-901749,2026-09-13,S-03,SKU-4,Eggs,Dairy,10,0.35,EUR,C-0249,card
O-901750,2026-09-14,S-01,SKU-5,Coffee,Beverages,8,8.99,GBP,C-0250,cash
O-901751,2026-09-15,S-02,SKU-1,Apple,Produce,9,1.50,USD,C-0251,card
O-901752,2026-09-16,S-03,SKU-2,Bread,Bakery,11,3.00,USD,C-0252,cash
O-901753,2026-09-17,S-01,SKU-3,Milk,Dairy,5,2.20,USD,C-0253,card
O-901754,2026-09-18,S-02,SKU-4,Eggs,Dairy,1,0.35,EUR,C-0254,cash
O-901755,2026-09-19,S-03,SKU-5,Coffee,Beverages,4,8.99,GBP,C-0255,card
O-901756,2026-09-20,S-01,SKU-1,Apple,Produce,7,1.50,USD,C-0256,cash
O-901757,2026-09-21,S-02,SKU-2,Bread,Bakery,10,3.00,USD,C-0257,card
O-901758,2026-09-22,S-03,SKU-3,Milk,Dairy,1,2.20,USD,C-0258,cash
O-901759,2026-09-23,S-01,SKU-4,Eggs,Dairy,1,0.35,EUR,C-0259,card
O-901760,2026-09-24,S-02,SKU-5,Coffee,Beverages,0,8.99,GBP,C-0260,cash
O-901761,2026-09-25,S-03,SKU-1,Apple,Produce,5,1.50,USD,C-0261,card
O-901762,2026-09-26,S-01,SKU-2,Bread,Bakery,4,3.00,USD,C-0262,cash
O-901763,2026-09-27,S-02,SKU-3,Milk,Dairy,3,2.20,USD,C-0263,card
O-901764,2026-09-28,S-03,SKU-4,Eggs,Dairy,5,0.35,EUR,C-0264,cash
O-901765,2026-09-01,S-01,SKU-5,Coffee,Beverages,5,8.99,GBP,C-0265,card
O-901766,2026-09-02,S-02,SKU-1,Apple,Produce,6,1.50,USD,C-0266,cash
O-901767,2026-09-03,S-03,SKU-2,Bread,Bakery,2,3.00,USD,C-0267,card
O-901768,2026-09-04,S-01,SKU-3,Milk,Dairy,1,2.20,USD,C-0268,cash
O-901769,2026-09-05,S-02,SKU-4,Eggs,Dairy,8,0.35,EUR,C-0269,card
O-901770,2026-09-06,S-03,SKU-5,Coffee,Beverages,12,8.99,GBP,C-0270,cash
O-901771,2026-09-07,S-01,SKU-1,Apple,Produce,7,1.50,USD,C-0271,card
O-901772,2026-09-08,S-02,SKU-2,Bread,Bakery,3,3.00,USD,C-0272,cash
O-901773,2026-09-09,S-03,SKU-3,Milk,Dairy,3,2.20,USD,C-0273,card
O-901774,2026-09-10,S-01,SKU-4,Eggs,Dairy,7,0.35,EUR,C-0274,cash
O-901775,2026-09-11,S-02,SKU-5,Coffee,Beverages,9,8.99,GBP,C-0275,card
O-901776,2026-09-12,S-03,SKU-1,Apple,Produce,12,1.50,USD,C-0276,cash
O-901777,2026-09-13,S-01,SKU-2,Bread,Bakery,4,3.00,USD,C-0277,card
O-901778,2026-09-14,S-02,SKU-3,Milk,Dairy,9,2.20,USD,C-0278,cash
O-901779,2026-09-15,S-03,SKU-4,Eggs,Dairy,9,0.35,EUR,C-0279,card
O-901780,bad-date,S-01,SKU-5,Coffee,Beverages,11,8.99,GBP,C-0280,cash
O-901781,2026-09-17,S-02,SKU-1,Apple,Produce,6,1.50,USD,C-0281,card
O-901782,2026-09-18,S-03,SKU-2,Bread,Bakery,2,3.00,USD,C-0282,cash
O-901783,2026-09-19,S-01,SKU-3,Milk,Dairy,7,2.20,USD,C-0283,card
O-901784,2026-09-20,S-02,SKU-4,Eggs,Dairy,12,0.35,EUR,C-0284,cash
O-901785,2026-09-21,S-03,SKU-5,Coffee,Beverages,1,8.99,GBP,C-0285,card
O-901786,2026-09-22,S-01,SKU-1,Apple,Produce,7,1.50,USD,C-0286,cash
O-901787,2026-09-23,S-02,SKU-2,Bread,Bakery,1,3.00,USD,C-0287,card
O-901788,2026-09-24,S-03,SKU-3,Milk,Dairy,8,2.20,USD,C-0288,cash
O-901789,2026-09-25,S-01,SKU-4,Eggs,Dairy,2,0.35,EUR,C-0289,card
O-901790,2026-09-26,S-02,SKU-5,Coffee,Beverages,6,8.99,GBP,C-0290,cash
O-901791,2026-09-27,S-03,SKU-1,Apple,Produce,10,1.50,USD,C-0291,card
O-901792,2026-09-28,S-01,SKU-2,Bread,Bakery,7,3.00,USD,C-0292,cash
O-901793,2026-09-01,S-02,SKU-3,Milk,Dairy,10,2.20,USD,C-0293,card
O-901794,2026-09-02,S-03,SKU-4,Eggs,Dairy,7,0.35,EUR,C-0294,cash
O-901795,2026-09-03,S-01,SKU-5,Coffee,Beverages,12,8.99,GBP,C-0295,card
O-901796,2026-09-04,S-02,SKU-1,Apple,Produce,11,1.50,USD,C-0296,cash
O-901797,2026-09-05,S-03,SKU-2,Bread,Bakery,7,3.00,USD,C-0297,card
O-901798,2026-09-06,S-01,SKU-3,Milk,Dairy,5,2.20,USD,C-0298,cash
O-901799,2026-09-07,S-02,SKU-4,Eggs,Dairy,2,0.35,EUR,C-0299,card
O-901800,2026-09-08,S-03,SKU-5,Coffee,Beverages,-3,8.99,GBP,C-0300,cash
O-901801,2026-09-09,S-01,SKU-1,Apple,Produce,1,1.50,USD,C-0301,card
O-901802,2026-09-10,S-02,SKU-2,Bread,Bakery,6,3.00,USD,C-0302,cash
O-901803,2026-09-11,S-03,SKU-3,Milk,Dairy,3,2.20,USD,C-0303,card
O-901804,2026-09-12,S-01,SKU-4,Eggs,Dairy,10,0.35,EUR,C-0304,cash
O-901805,2026-09-13,S-02,SKU-5,Coffee,Beverages,8,8.99,GBP,C-0305,card
O-901806,2026-09-14,S-03,SKU-1,Apple,Produce,12,1.50,USD,C-0306,cash
O-901807,2026-09-15,S-01,SKU-2,Bread,Bakery,6,3.00,USD,C-0307,card
O-901808,2026-09-16,S-02,SKU-3,Milk,Dairy,2,2.20,USD,C-0308,cash
O-901809,2026-09-17,S-03,SKU-4,Eggs,Dairy,7,0.35,EUR,C-0309,card
O-901810,2026-09-18,S-01,SKU-5,Coffee,Beverages,2,8.99,GBP,C-0310,cash
O-901811,2026-09-19,S-02,SKU-1,Apple,Produce,4,1.50,USD,C-0311,card
O-901812,2026-09-20,S-03,SKU-2,Bread,Bakery,7,3.00,USD,C-0312,cash
O-901813,2026-09-21,S-01,SKU-3,Milk,Dairy,10,2.20,USD,C-0313,card
O-901814,2026-09-22,S-02,SKU-4,Eggs,Dairy,7,0.35,EUR,C-0314,cash
O-901815,2026-09-23,S-03,SKU-5,Coffee,Beverages,9,8.99,GBP,C-0315,card
O-901816,2026-09-24,S-01,SKU-1,Apple,Produce,2,1.50,USD,C-0316,cash
O-901817,2026-09-25,S-02,SKU-2,Bread,Bakery,7,3.00,USD,C-0317,card
O-901818,2026-09-26,S-03,SKU-3,Milk,Dairy,5,2.20,USD,C-0318,cash
O-901819,2026-09-27,S-01,SKU-4,Eggs,Dairy,12,0.35,EUR,C-0319,card
O-901820,2026-09-28,S-02,SKU-999,Coffee,Beverages,6,8.99,GBP,C-0320,cash
O-901821,2026-09-01,S-03,SKU-1,Apple,Produce,4,1.50,USD,C-0321,card
O-901822,2026-09-02,S-01,SKU-2,Bread,Bakery,6,3.00,USD,C-0322,cash
O-901823,2026-09-03,S-02,SKU-3,Milk,Dairy,3,2.20,USD,C-0323,card
O-901824,2026-09-04,S-03,SKU-4,Eggs,Dairy,2,0.35,EUR,C-0324,cash
O-901825,2026-09-05,S-01,SKU-5,Coffee,Beverages,9,8.99,GBP,C-0325,card
O-901826,2026-09-06,S-02,SKU-1,Apple,Produce,11,1.50,USD,C-0326,cash
O-901827,2026-09-07,S-03,SKU-2,Bread,Bakery,2,3.00,USD,C-0327,card
O-901828,2026-09-08,S-01,SKU-3,Milk,Dairy,9,2.20,USD,C-0328,cash
O-901829,2026-09-09,S-02,SKU-4,Eggs,Dairy,9,0.35,EUR,C-0329,card
O-901830,2026-09-10,S-03,SKU-5,Coffee,Beverages,4,8.99,GBP,C-0330,cash
O-901831,2026-09-11,S-01,SKU-1,Apple,Produce,6,1.50,USD,C-0331,card
O-901832,2026-09-12,S-02,SKU-2,Bread,Bakery,6,3.00,USD,C-0332,cash
O-901833,2026-09-13,S-03,SKU-3,Milk,Dairy,12,2.20,USD,C-0333,card
O-901834,2026-09-14,S-01,SKU-4,Eggs,Dairy,11,0.35,EUR,C-0334,cash
O-901835,2026-09-15,S-02,SKU-5,Coffee,Beverages,3,8.99,GBP,C-0335,card
O-901836,2026-09-16,S-03,SKU-1,Apple,Produce,4,1.50,USD,C-0336,cash
O-901837,2026-09-17,S-01,SKU-2,Bread,Bakery,2,3.00,USD,C-0337,card
O-901838,2026-09-18,S-02,SKU-3,Milk,Dairy,3,2.20,USD,C-0338,cash
O-901839,2026-09-19,S-03,SKU-4,Eggs,Dairy,5,0.35,EUR,C-0339,card
O-901840,2026-09-20,S-01,SKU-5,Coffee,Beverages,4,,GBP,C-0340,cash
O-901841,2026-09-21,S-02,SKU-1,Apple,Produce,3,1.50,USD,C-0341,card
O-901842,2026-09-22,S-03,SKU-2,Bread,Bakery,10,3.00,USD,C-0342,cash
O-901843,2026-09-23,S-01,SKU-3,Milk,Dairy,3,2.20,USD,C-0343,card
O-901844,2026-09-24,S-02,SKU-4,Eggs,Dairy,11,0.35,EUR,C-0344,cash
O-901845,2026-09-25,S-03,SKU-5,Coffee,Beverages,2,8.99,GBP,C-0345,card
O-901846,2026-09-26,S-01,SKU-1,Apple,Produce,3,1.50,USD,C-0346,cash
O-901847,2026-09-27,S-02,SKU-2,Bread,Bakery,11,3.00,USD,C-0347,card
O-901848,2026-09-28,S-03,SKU-3,Milk,Dairy,8,2.20,USD,C-0348,cash
O-901849,2026-09-01,S-01,SKU-4,Eggs,Dairy,8,0.35,EUR,C-0349,card
O-901850,2026-09-02,S-02,SKU-5,Coffee,Beverages,10,8.99,GBP,C-0350,cash
O-901851,2026-09-03,S-03,SKU-1,Apple,Produce,10,1.50,USD,C-0351,card
O-901852,2026-09-04,S-01,SKU-2,Bread,Bakery,8,3.00,USD,C-0352,cash
O-901853,2026-09-05,S-02,SKU-3,Milk,Dairy,11,2.20,USD,C-0353,card
O-901854,2026-09-06,S-03,SKU-4,Eggs,Dairy,10,0.35,EUR,C-0354,cash
O-901855,2026-09-07,S-01,SKU-5,Coffee,Beverages,11,8.99,GBP,C-0355,card
O-901856,2026-09-08,S-02,SKU-1,Apple,Produce,11,1.50,USD,C-0356,cash
O-901857,2026-09-09,S-03,SKU-2,Bread,Bakery,10,3.00,USD,C-0357,card
O-901858,2026-09-10,S-01,SKU-3,Milk,Dairy,6,2.20,USD,C-0358,cash
O-901859,2026-09-11,S-02,SKU-4,Eggs,Dairy,11,0.35,EUR,C-0359,card
,2026-09-12,S-03,SKU-5,Coffee,Beverages,6,8.99,GBP,C-0360,cash
O-901861,2026-09-13,S-01,SKU-1,Apple,Produce,3,1.50,USD,C-0361,card
O-901862,2026-09-14,S-02,SKU-2,Bread,Bakery,8,3.00,USD,C-0362,cash
O-901863,2026-09-15,S-03,SKU-3,Milk,Dairy,2,2.20,USD,C-0363,card
O-901864,2026-09-16,S-01,SKU-4,Eggs,Dairy,8,0.35,EUR,C-0364,cash
O-901865,2026-09-17,S-02,SKU-5,Coffee,Beverages,8,8.99,GBP,C-0365,card
O-901866,2026-09-18,S-03,SKU-1,Apple,Produce,11,1.50,USD,C-0366,cash
O-901867,2026-09-19,S-01,SKU-2,Bread,Bakery,5,3.00,USD,C-0367,card
O-901868,2026-09-20,S-02,SKU-3,Milk,Dairy,5,2.20,USD,C-0368,cash
O-901869,2026-09-21,S-03,SKU-4,Eggs,Dairy,10,0.35,EUR,C-0369,card
O-901870,2026-09-22,S-01,SKU-5,Coffee,Beverages,1,8.99,GBP,C-0370,cash
O-901871,2026-09-23,S-02,SKU-1,Apple,Produce,6,1.50,USD,C-0371,card
O-901872,2026-09-24,S-03,SKU-2,Bread,Bakery,9,3.00,USD,C-0372,cash
O-901873,2026-09-25,S-01,SKU-3,Milk,Dairy,2,2.20,USD,C-0373,card
O-901874,2026-09-26,S-02,SKU-4,Eggs,Dairy,5,0.35,EUR,C-0374,cash
O-901875,2026-09-27,S-03,SKU-5,Coffee,Beverages,8,8.99,GBP,C-0375,card
O-901876,2026-09-28,S-01,SKU-1,Apple,Produce,8,1.50,USD,C-0376,cash
O-901877,2026-09-01,S-02,SKU-2,Bread,Bakery,1,3.00,USD,C-0377,card
O-901878,2026-09-02,S-03,SKU-3,Milk,Dairy,1,2.20,USD,C-0378,cash
O-901879,2026-09-03,S-01,SKU-4,Eggs,Dairy,6,0.35,EUR,C-0379,card
O-901880,2026-09-04,S-02,SKU-5,Coffee,Beverages,5,8.99,XYZ,C-0380,cash
O-901881,2026-09-05,S-03,SKU-1,Apple,Produce,2,1.50,USD,C-0381,card
O-901882,2026-09-06,S-01,SKU-2,Bread,Bakery,11,3.00,USD,C-0382,cash
O-901883,2026-09-07,S-02,SKU-3,Milk,Dairy,2,2.20,USD,C-0383,card
O-901884,2026-09-08,S-03,SKU-4,Eggs,Dairy,10,0.35,EUR,C-0384,cash
O-901885,2026-09-09,S-01,SKU-5,Coffee,Beverages,10,8.99,GBP,C-0385,card
O-901886,2026-09-10,S-02,SKU-1,Apple,Produce,9,1.50,USD,C-0386,cash
O-901887,2026-09-11,S-03,SKU-2,Bread,Bakery,7,3.00,USD,C-0387,card
O-901888,2026-09-12,S-01,SKU-3,Milk,Dairy,8,2.20,USD,C-0388,cash
O-901889,2026-09-13,S-02,SKU-4,Eggs,Dairy,10,0.35,EUR,C-0389,card
O-901890,2026-09-14,S-03,SKU-5,Coffee,Beverages,9,8.99,GBP,C-0390,cash
O-901891,2026-09-15,S-01,SKU-1,Apple,Produce,12,1.50,USD,C-0391,card
O-901892,2026-09-16,S-02,SKU-2,Bread,Bakery,1,3.00,USD,C-0392,cash
O-901893,2026-09-17,S-03,SKU-3,Milk,Dairy,8,2.20,USD,C-0393,card
O-901894,2026-09-18,S-01,SKU-4,Eggs,Dairy,10,0.35,EUR,C-0394,cash
O-901895,2026-09-19,S-02,SKU-5,Coffee,Beverages,11,8.99,GBP,C-0395,card
O-901896,2026-09-20,S-03,SKU-1,Apple,Produce,4,1.50,USD,C-0396,cash
O-901897,2026-09-21,S-01,SKU-2,Bread,Bakery,6,3.00,USD,C-0397,card
O-901898,2026-09-22,S-02,SKU-3,Milk,Dairy,10,2.20,USD,C-0398,cash
O-901899,2026-09-23,S-03,SKU-4,Eggs,Dairy,8,0.35,EUR,C-0399,card
O-901900,2026-09-24,S-01,SKU-5,Coffee,Beverages,9,8.99,GBP,C-0400,bitcoin
O-901901,2026-09-25,S-02,SKU-1,Apple,Produce,3,1.50,USD,C-0401,card
O-901902,2026-09-26,S-03,SKU-2,Bread,Bakery,1,3.00,USD,C-0402,cash
O-901903,2026-09-27,S-01,SKU-3,Milk,Dairy,8,2.20,USD,C-0403,card
O-901904,2026-09-28,S-02,SKU-4,Eggs,Dairy,2,0.35,EUR,C-0404,cash
O-901905,2026-09-01,S-03,SKU-5,Coffee,Beverages,6,8.99,GBP,C-0405,card
O-901906,2026-09-02,S-01,SKU-1,Apple,Produce,12,1.50,USD,C-0406,cash
O-901907,2026-09-03,S-02,SKU-2,Bread,Bakery,2,3.00,USD,C-0407,card
O-901908,2026-09-04,S-03,SKU-3,Milk,Dairy,9,2.20,USD,C-0408,cash
O-901909,2026-09-05,S-01,SKU-4,Eggs,Dairy,11,0.35,EUR,C-0409,card
O-901910,2026-09-06,S-02,SKU-5,Coffee,Beverages,3,8.99,GBP,C-0410,cash
O-901911,2026-09-07,S-03,SKU-1,Apple,Produce,1,1.50,USD,C-0411,card
O-901912,2026-09-08,S-01,SKU-2,Bread,Bakery,4,3.00,USD,C-0412,cash
O-901913,2026-09-09,S-02,SKU-3,Milk,Dairy,12,2.20,USD,C-0413,card
O-901914,2026-09-10,S-03,SKU-4,Eggs,Dairy,8,0.35,EUR,C-0414,cash
O-901915,2026-09-11,S-01,SKU-5,Coffee,Beverages,8,8.99,GBP,C-0415,card
O-901916,2026-09-12,S-02,SKU-1,Apple,Produce,9,1.50,USD,C-0416,cash
O-901917,2026-09-13,S-03,SKU-2,Bread,Bakery,9,3.00,USD,C-0417,card
O-901918,2026-09-14,S-01,SKU-3,Milk,Dairy,10,2.20,USD,C-0418,cash
O-901919,2026-09-15,S-02,SKU-4,Eggs,Dairy,3,0.35,EUR,C-0419,card
O-901920,2026-09-16,S-03,SKU-5,Coffee,Beverages,0,8.99,GBP,C-0420,cash
O-901921,2026-09-17,S-01,SKU-1,Apple,Produce,6,1.50,USD,C-0421,card
O-901922,2026-09-18,S-02,SKU-2,Bread,Bakery,5,3.00,USD,C-0422,cash
O-901923,2026-09-19,S-03,SKU-3,Milk,Dairy,7,2.20,USD,C-0423,card
O-901924,2026-09-20,S-01,SKU-4,Eggs,Dairy,7,0.35,EUR,C-0424,cash
O-901925,2026-09-21,S-02,SKU-5,Coffee,Beverages,6,8.99,GBP,C-0425,card
O-901926,2026-09-22,S-03,SKU-1,Apple,Produce,11,1.50,USD,C-0426,cash
O-901927,2026-09-23,S-01,SKU-2,Bread,Bakery,10,3.00,USD,C-0427,card
O-901928,2026-09-24,S-02,SKU-3,Milk,Dairy,1,2.20,USD,C-0428,cash
O-901929,2026-09-25,S-03,SKU-4,Eggs,Dairy,11,0.35,EUR,C-0429,card
O-901930,2026-09-26,S-01,SKU-5,Coffee,Beverages,11,8.99,GBP,C-0430,cash
O-901931,2026-09-27,S-02,SKU-1,Apple,Produce,6,1.50,USD,C-0431,card
O-901932,2026-09-28,S-03,SKU-2,Bread,Bakery,2,3.00,USD,C-0432,cash
O-901933,2026-09-01,S-01,SKU-3,Milk,Dairy,6,2.20,USD,C-0433,card
O-901934,2026-09-02,S-02,SKU-4,Eggs,Dairy,2,0.35,EUR,C-0434,cash
O-901935,2026-09-03,S-03,SKU-5,Coffee,Beverages,9,8.99,GBP,C-0435,card
O-901936,2026-09-04,S-01,SKU-1,Apple,Produce,11,1.50,USD,C-0436,cash
O-901937,2026-09-05,S-02,SKU-2,Bread,Bakery,7,3.00,USD,C-0437,card
O-901938,2026-09-06,S-03,SKU-3,Milk,Dairy,5,2.20,USD,C-0438,cash
O-901939,2026-09-07,S-01,SKU-4,Eggs,Dairy,5,0.35,EUR,C-0439,card
O-901940,bad-date,S-02,SKU-5,Coffee,Beverages,12,8.99,GBP,C-0440,cash
O-901941,2026-09-09,S-03,SKU-1,Apple,Produce,11,1.50,USD,C-0441,card
O-901942,2026-09-10,S-01,SKU-2,Bread,Bakery,10,3.00,USD,C-0442,cash
O-901943,2026-09-11,S-02,SKU-3,Milk,Dairy,3,2.20,USD,C-0443,card
O-901944,2026-09-12,S-03,SKU-4,Eggs,Dairy,6,0.35,EUR,C-0444,cash
O-901945,2026-09-13,S-01,SKU-5,Coffee,Beverages,2,8.99,GBP,C-0445,card
O-901946,2026-09-14,S-02,SKU-1,Apple,Produce,10,1.50,USD,C-0446,cash
O-901947,2026-09-15,S-03,SKU-2,Bread,Bakery,11,3.00,USD,C-0447,card
O-901948,2026-09-16,S-01,SKU-3,Milk,Dairy,3,2.20,USD,C-0448,cash
O-901949,2026-09-17,S-02,SKU-4,Eggs,Dairy,6,0.35,EUR,C-0449,card
O-901950,2026-09-18,S-03,SKU-5,Coffee,Beverages,5,8.99,GBP,C-0450,cash
O-901951,2026-09-19,S-01,SKU-1,Apple,Produce,11,1.50,USD,C-0451,card
O-901952,2026-09-20,S-02,SKU-2,Bread,Bakery,12,3.00,USD,C-0452,cash
O-901953,2026-09-21,S-03,SKU-3,Milk,Dairy,11,2.20,USD,C-0453,card
O-901954,2026-09-22,S-01,SKU-4,Eggs,Dairy,7,0.35,EUR,C-0454,cash
O-901955,2026-09-23,S-02,SKU-5,Coffee,Beverages,3,8.99,GBP,C-0455,card
O-901956,2026-09-24,S-03,SKU-1,Apple,Produce,10,1.50,USD,C-0456,cash
O-901957,2026-09-25,S-01,SKU-2,Bread,Bakery,12,3.00,USD,C-0457,card
O-901958,2026-09-26,S-02,SKU-3,Milk,Dairy,2,2.20,USD,C-0458,cash
O-901959,2026-09-27,S-03,SKU-4,Eggs,Dairy,5,0.35,EUR,C-0459,card
O-901960,2026-09-28,S-01,SKU-5,Coffee,Beverages,-3,8.99,GBP,C-0460,cash
O-901961,2026-09-01,S-02,SKU-1,Apple,Produce,7,1.50,USD,C-0461,card
O-901962,2026-09-02,S-03,SKU-2,Bread,Bakery,11,3.00,USD,C-0462,cash
O-901963,2026-09-03,S-01,SKU-3,Milk,Dairy,6,2.20,USD,C-0463,card
O-901964,2026-09-04,S-02,SKU-4,Eggs,Dairy,3,0.35,EUR,C-0464,cash
O-901965,2026-09-05,S-03,SKU-5,Coffee,Beverages,11,8.99,GBP,C-0465,card
O-901966,2026-09-06,S-01,SKU-1,Apple,Produce,12,1.50,USD,C-0466,cash
O-901967,2026-09-07,S-02,SKU-2,Bread,Bakery,12,3.00,USD,C-0467,card
O-901968,2026-09-08,S-03,SKU-3,Milk,Dairy,11,2.20,USD,C-0468,cash
O-901969,2026-09-09,S-01,SKU-4,Eggs,Dairy,9,0.35,EUR,C-0469,card
O-901970,2026-09-10,S-02,SKU-5,Coffee,Beverages,2,8.99,GBP,C-0470,cash
O-901971,2026-09-11,S-03,SKU-1,Apple,Produce,11,1.50,USD,C-0471,card
O-901972,2026-09-12,S-01,SKU-2,Bread,Bakery,11,3.00,USD,C-0472,cash
O-901973,2026-09-13,S-02,SKU-3,Milk,Dairy,7,2.20,USD,C-0473,card
O-901974,2026-09-14,S-03,SKU-4,Eggs,Dairy,9,0.35,EUR,C-0474,cash
O-901975,2026-09-15,S-01,SKU-5,Coffee,Beverages,6,8.99,GBP,C-0475,card
O-901976,2026-09-16,S-02,SKU-1,Apple,Produce,1,1.50,USD,C-0476,cash
O-901977,2026-09-17,S-03,SKU-2,Bread,Bakery,6,3.00,USD,C-0477,card
O-901978,2026-09-18,S-01,SKU-3,Milk,Dairy,5,2.20,USD,C-0478,cash
O-901979,2026-09-19,S-02,SKU-4,Eggs,Dairy,3,0.35,EUR,C-0479,card
O-901980,2026-09-20,S-03,SKU-999,Coffee,Beverages,4,8.99,GBP,C-0480,cash
O-901981,2026-09-21,S-01,SKU-1,Apple,Produce,6,1.50,USD,C-0481,card
O-901982,2026-09-22,S-02,SKU-2,Bread,Bakery,8,3.00,USD,C-0482,cash
O-901983,2026-09-23,S-03,SKU-3,Milk,Dairy,4,2.20,USD,C-0483,card
O-901984,2026-09-24,S-01,SKU-4,Eggs,Dairy,4,0.35,EUR,C-0484,cash
O-901985,2026-09-25,S-02,SKU-5,Coffee,Beverages,3,8.99,GBP,C-0485,card
O-901986,2026-09-26,S-03,SKU-1,Apple,Produce,3,1.50,USD,C-0486,cash
O-901987,2026-09-27,S-01,SKU-2,Bread,Bakery,2,3.00,USD,C-0487,card
O-901988,2026-09-28,S-02,SKU-3,Milk,Dairy,5,2.20,USD,C-0488,cash
O-901989,2026-09-01,S-03,SKU-4,Eggs,Dairy,2,0.35,EUR,C-0489,card
O-901990,2026-09-02,S-01,SKU-5,Coffee,Beverages,9,8.99,GBP,C-0490,cash
O-901991,2026-09-03,S-02,SKU-1,Apple,Produce,9,1.50,USD,C-0491,card
O-901992,2026-09-04,S-03,SKU-2,Bread,Bakery,12,3.00,USD,C-0492,cash
O-901993,2026-09-05,S-01,SKU-3,Milk,Dairy,9,2.20,USD,C-0493,card
O-901994,2026-09-06,S-02,SKU-4,Eggs,Dairy,1,0.35,EUR,C-0494,cash
O-901995,2026-09-07,S-03,SKU-5,Coffee,Beverages,11,8.99,GBP,C-0495,card
O-901996,2026-09-08,S-01,SKU-1,Apple,Produce,6,1.50,USD,C-0496,cash
O-901997,2026-09-09,S-02,SKU-2,Bread,Bakery,10,3.00,USD,C-0497,card
O-901998,2026-09-10,S-03,SKU-3,Milk,Dairy,3,2.20,USD,C-0498,cash
O-901999,2026-09-11,S-01,SKU-4,Eggs,Dairy,10,0.35,EUR,C-0499,card
O-902000,2026-09-12,S-02,SKU-5,Coffee,Beverages,7,,GBP,C-0500,cash
O-902001,2026-09-13,S-03,SKU-1,Apple,Produce,3,1.50,USD,C-0001,card
O-902002,2026-09-14,S-01,SKU-2,Bread,Bakery,3,3.00,USD,C-0002,cash
O-902003,2026-09-15,S-02,SKU-3,Milk,Dairy,3,2.20,USD,C-0003,card
O-902004,2026-09-16,S-03,SKU-4,Eggs,Dairy,12,0.35,EUR,C-0004,cash
O-902005,2026-09-17,S-01,SKU-5,Coffee,Beverages,10,8.99,GBP,C-0005,card
O-902006,2026-09-18,S-02,SKU-1,Apple,Produce,3,1.50,USD,C-0006,cash
O-902007,2026-09-19,S-03,SKU-2,Bread,Bakery,12,3.00,USD,C-0007,card
O-902008,2026-09-20,S-01,SKU-3,Milk,Dairy,8,2.20,USD,C-0008,cash
O-902009,2026-09-21,S-02,SKU-4,Eggs,Dairy,1,0.35,EUR,C-0009,card
O-902010,2026-09-22,S-03,SKU-5,Coffee,Beverages,7,8.99,GBP,C-0010,cash
O-902011,2026-09-23,S-01,SKU-1,Apple,Produce,6,1.50,USD,C-0011,card
O-902012,2026-09-24,S-02,SKU-2,Bread,Bakery,11,3.00,USD,C-0012,cash
O-902013,2026-09-25,S-03,SKU-3,Milk,Dairy,12,2.20,USD,C-0013,card
O-902014,2026-09-26,S-01,SKU-4,Eggs,Dairy,4,0.35,EUR,C-0014,cash
O-902015,2026-09-27,S-02,SKU-5,Coffee,Beverages,8,8.99,GBP,C-0015,card
O-902016,2026-09-28,S-03,SKU-1,Apple,Produce,10,1.50,USD,C-0016,cash
O-902017,2026-09-01,S-01,SKU-2,Bread,Bakery,5,3.00,USD,C-0017,card
O-902018,2026-09-02,S-02,SKU-3,Milk,Dairy,12,2.20,USD,C-0018,cash
O-902019,2026-09-03,S-03,SKU-4,Eggs,Dairy,8,0.35,EUR,C-0019,card
,2026-09-04,S-01,SKU-5,Coffee,Beverages,4,8.99,GBP,C-0020,cash
O-902021,2026-09-05,S-02,SKU-1,Apple,Produce,9,1.50,USD,C-0021,card
O-902022,2026-09-06,S-03,SKU-2,Bread,Bakery,4,3.00,USD,C-0022,cash
O-902023,2026-09-07,S-01,SKU-3,Milk,Dairy,5,2.20,USD,C-0023,card
O-902024,2026-09-08,S-02,SKU-4,Eggs,Dairy,8,0.35,EUR,C-0024,cash
O-902025,2026-09-09,S-03,SKU-5,Coffee,Beverages,4,8.99,GBP,C-0025,card
O-902026,2026-09-10,S-01,SKU-1,Apple,Produce,6,1.50,USD,C-0026,cash
O-902027,2026-09-11,S-02,SKU-2,Bread,Bakery,11,3.00,USD,C-0027,card
O-902028,2026-09-12,S-03,SKU-3,Milk,Dairy,10,2.20,USD,C-0028,cash
O-902029,2026-09-13,S-01,SKU-4,Eggs,Dairy,8,0.35,EUR,C-0029,card
O-902030,2026-09-14,S-02,SKU-5,Coffee,Beverages,8,8.99,GBP,C-0030,cash
O-902031,2026-09-15,S-03,SKU-1,Apple,Produce,5,1.50,USD,C-0031,card
O-902032,2026-09-16,S-01,SKU-2,Bread,Bakery,7,3.00,USD,C-0032,cash
O-902033,2026-09-17,S-02,SKU-3,Milk,Dairy,9,2.20,USD,C-0033,card
O-902034,2026-09-18,S-03,SKU-4,Eggs,Dairy,9,0.35,EUR,C-0034,cash
O-902035,2026-09-19,S-01,SKU-5,Coffee,Beverages,7,8.99,GBP,C-0035,card
O-902036,2026-09-20,S-02,SKU-1,Apple,Produce,3,1.50,USD,C-0036,cash
O-902037,2026-09-21,S-03,SKU-2,Bread,Bakery,4,3.00,USD,C-0037,card
O-902038,2026-09-22,S-01,SKU-3,Milk,Dairy,10,2.20,USD,C-0038,cash
O-902039,2026-09-23,S-02,SKU-4,Eggs,Dairy,3,0.35,EUR,C-0039,card
O-902040,2026-09-24,S-03,SKU-5,Coffee,Beverages,5,8.99,XYZ,C-0040,cash
O-902041,2026-09-25,S-01,SKU-1,Apple,Produce,1,1.50,USD,C-0041,card
O-902042,2026-09-26,S-02,SKU-2,Bread,Bakery,11,3.00,USD,C-0042,cash
O-902043,2026-09-27,S-03,SKU-3,Milk,Dairy,8,2.20,USD,C-0043,card
O-902044,2026-09-28,S-01,SKU-4,Eggs,Dairy,6,0.35,EUR,C-0044,cash
O-902045,2026-09-01,S-02,SKU-5,Coffee,Beverages,9,8.99,GBP,C-0045,card
O-902046,2026-09-02,S-03,SKU-1,Apple,Produce,2,1.50,USD,C-0046,cash
O-902047,2026-09-03,S-01,SKU-2,Bread,Bakery,12,3.00,USD,C-0047,card
O-902048,2026-09-04,S-02,SKU-3,Milk,Dairy,9,2.20,USD,C-0048,cash
O-902049,2026-09-05,S-03,SKU-4,Eggs,Dairy,2,0.35,EUR,C-0049,card
O-902050,2026-09-06,S-01,SKU-5,Coffee,Beverages,5,8.99,GBP,C-0050,cash
O-902051,2026-09-07,S-02,SKU-1,Apple,Produce,2,1.50,USD,C-0051,card
O-902052,2026-09-08,S-03,SKU-2,Bread,Bakery,3,3.00,USD,C-0052,cash
O-902053,2026-09-09,S-01,SKU-3,Milk,Dairy,5,2.20,USD,C-0053,card
O-902054,2026-09-10,S-02,SKU-4,Eggs,Dairy,8,0.35,EUR,C-0054,cash
O-902055,2026-09-11,S-03,SKU-5,Coffee,Beverages,9,8.99,GBP,C-0055,card
O-902056,2026-09-12,S-01,SKU-1,Apple,Produce,3,1.50,USD,C-0056,cash
O-902057,2026-09-13,S-02,SKU-2,Bread,Bakery,7,3.00,USD,C-0057,card
O-902058,2026-09-14,S-03,SKU-3,Milk,Dairy,2,2.20,USD,C-0058,cash
O-902059,2026-09-15,S-01,SKU-4,Eggs,Dairy,4,0.35,EUR,C-0059,card
O-902060,2026-09-16,S-02,SKU-5,Coffee,Beverages,8,8.99,GBP,C-0060,bitcoin
O-902061,2026-09-17,S-03,SKU-1,Apple,Produce,6,1.50,USD,C-0061,card
O-902062,2026-09-18,S-01,SKU-2,Bread,Bakery,1,3.00,USD,C-0062,cash
O-902063,2026-09-19,S-02,SKU-3,Milk,Dairy,7,2.20,USD,C-0063,card
O-902064,2026-09-20,S-03,SKU-4,Eggs,Dairy,1,0.35,EUR,C-0064,cash
O-902065,2026-09-21,S-01,SKU-5,Coffee,Beverages,7,8.99,GBP,C-0065,card
O-902066,2026-09-22,S-02,SKU-1,Apple,Produce,9,1.50,USD,C-0066,cash
O-902067,2026-09-23,S-03,SKU-2,Bread,Bakery,6,3.00,USD,C-0067,card
O-902068,2026-09-24,S-01,SKU-3,Milk,Dairy,4,2.20,USD,C-0068,cash
O-902069,2026-09-25,S-02,SKU-4,Eggs,Dairy,7,0.35,EUR,C-0069,card
O-902070,2026-09-26,S-03,SKU-5,Coffee,Beverages,2,8.99,GBP,C-0070,cash
O-902071,2026-09-27,S-01,SKU-1,Apple,Produce,6,1.50,USD,C-0071,card
O-902072,2026-09-28,S-02,SKU-2,Bread,Bakery,4,3.00,USD,C-0072,cash
O-902073,2026-09-01,S-03,SKU-3,Milk,Dairy,1,2.20,USD,C-0073,card
O-902074,2026-09-02,S-01,SKU-4,Eggs,Dairy,6,0.35,EUR,C-0074,cash
O-902075,2026-09-03,S-02,SKU-5,Coffee,Beverages,2,8.99,GBP,C-0075,card
O-902076,2026-09-04,S-03,SKU-1,Apple,Produce,12,1.50,USD,C-0076,cash
O-902077,2026-09-05,S-01,SKU-2,Bread,Bakery,11,3.00,USD,C-0077,card
O-902078,2026-09-06,S-02,SKU-3,Milk,Dairy,6,2.20,USD,C-0078,cash
O-902079,2026-09-07,S-03,SKU-4,Eggs,Dairy,3,0.35,EUR,C-0079,card
O-902080,2026-09-08,S-01,SKU-5,Coffee,Beverages,0,8.99,GBP,C-0080,cash
O-902081,2026-09-09,S-02,SKU-1,Apple,Produce,1,1.50,USD,C-0081,card
O-902082,2026-09-10,S-03,SKU-2,Bread,Bakery,5,3.00,USD,C-0082,cash
O-902083,2026-09-11,S-01,SKU-3,Milk,Dairy,8,2.20,USD,C-0083,card
O-902084,2026-09-12,S-02,SKU-4,Eggs,Dairy,12,0.35,EUR,C-0084,cash
O-902085,2026-09-13,S-03,SKU-5,Coffee,Beverages,3,8.99,GBP,C-0085,card
O-902086,2026-09-14,S-01,SKU-1,Apple,Produce,12,1.50,USD,C-0086,cash
O-902087,2026-09-15,S-02,SKU-2,Bread,Bakery,8,3.00,USD,C-0087,card
O-902088,2026-09-16,S-03,SKU-3,Milk,Dairy,8,2.20,USD,C-0088,cash
O-902089,2026-09-17,S-01,SKU-4,Eggs,Dairy,10,0.35,EUR,C-0089,card
O-902090,2026-09-18,S-02,SKU-5,Coffee,Beverages,1,8.99,GBP,C-0090,cash
O-902091,2026-09-19,S-03,SKU-1,Apple,Produce,2,1.50,USD,C-0091,card
O-902092,2026-09-20,S-01,SKU-2,Bread,Bakery,1,3.00,USD,C-0092,cash
O-902093,2026-09-21,S-02,SKU-3,Milk,Dairy,5,2.20,USD,C-0093,card
O-902094,2026-09-22,S-03,SKU-4,Eggs,Dairy,4,0.35,EUR,C-0094,cash
O-902095,2026-09-23,S-01,SKU-5,Coffee,Beverages,3,8.99,GBP,C-0095,card
O-902096,2026-09-24,S-02,SKU-1,Apple,Produce,9,1.50,USD,C-0096,cash
O-902097,2026-09-25,S-03,SKU-2,Bread,Bakery,12,3.00,USD,C-0097,card
O-902098,2026-09-26,S-01,SKU-3,Milk,Dairy,10,2.20,USD,C-0098,cash
O-902099,2026-09-27,S-02,SKU-4,Eggs,Dairy,9,0.35,EUR,C-0099,card
O-902100,bad-date,S-03,SKU-5,Coffee,Beverages,7,8.99,GBP,C-0100,cash
O-902101,2026-09-01,S-01,SKU-1,Apple,Produce,2,1.50,USD,C-0101,card
O-902102,2026-09-02,S-02,SKU-2,Bread,Bakery,5,3.00,USD,C-0102,cash
O-902103,2026-09-03,S-03,SKU-3,Milk,Dairy,4,2.20,USD,C-0103,card
O-902104,2026-09-04,S-01,SKU-4,Eggs,Dairy,5,0.35,EUR,C-0104,cash
O-902105,2026-09-05,S-02,SKU-5,Coffee,Beverages,2,8.99,GBP,C-0105,card
O-902106,2026-09-06,S-03,SKU-1,Apple,Produce,1,1.50,USD,C-0106,cash
O-902107,2026-09-07,S-01,SKU-2,Bread,Bakery,4,3.00,USD,C-0107,card
O-902108,2026-09-08,S-02,SKU-3,Milk,Dairy,7,2.20,USD,C-0108,cash
O-902109,2026-09-09,S-03,SKU-4,Eggs,Dairy,11,0.35,EUR,C-0109,card
O-902110,2026-09-10,S-01,SKU-5,Coffee,Beverages,10,8.99,GBP,C-0110,cash
O-902111,2026-09-11,S-02,SKU-1,Apple,Produce,8,1.50,USD,C-0111,card
O-902112,2026-09-12,S-03,SKU-2,Bread,Bakery,2,3.00,USD,C-0112,cash
O-902113,2026-09-13,S-01,SKU-3,Milk,Dairy,2,2.20,USD,C-0113,card
O-902114,2026-09-14,S-02,SKU-4,Eggs,Dairy,8,0.35,EUR,C-0114,cash
O-902115,2026-09-15,S-03,SKU-5,Coffee,Beverages,10,8.99,GBP,C-0115,card
O-902116,2026-09-16,S-01,SKU-1,Apple,Produce,9,1.50,USD,C-0116,cash
O-902117,2026-09-17,S-02,SKU-2,Bread,Bakery,1,3.00,USD,C-0117,card
O-902118,2026-09-18,S-03,SKU-3,Milk,Dairy,11,2.20,USD,C-0118,cash
O-902119,2026-09-19,S-01,SKU-4,Eggs,Dairy,9,0.35,EUR,C-0119,card
O-902120,2026-09-20,S-02,SKU-5,Coffee,Beverages,-3,8.99,GBP,C-0120,cash
O-902121,2026-09-21,S-03,SKU-1,Apple,Produce,4,1.50,USD,C-0121,card
O-902122,2026-09-22,S-01,SKU-2,Bread,Bakery,12,3.00,USD,C-0122,cash
O-902123,2026-09-23,S-02,SKU-3,Milk,Dairy,3,2.20,USD,C-0123,card
O-902124,2026-09-24,S-03,SKU-4,Eggs,Dairy,5,0.35,EUR,C-0124,cash
O-902125,2026-09-25,S-01,SKU-5,Coffee,Beverages,7,8.99,GBP,C-0125,card
O-902126,2026-09-26,S-02,SKU-1,Apple,Produce,1,1.50,USD,C-0126,cash
O-902127,2026-09-27,S-03,SKU-2,Bread,Bakery,10,3.00,USD,C-0127,card
O-902128,2026-09-28,S-01,SKU-3,Milk,Dairy,6,2.20,USD,C-0128,cash
O-902129,2026-09-01,S-02,SKU-4,Eggs,Dairy,4,0.35,EUR,C-0129,card
O-902130,2026-09-02,S-03,SKU-5,Coffee,Beverages,10,8.99,GBP,C-0130,cash
O-902131,2026-09-03,S-01,SKU-1,Apple,Produce,7,1.50,USD,C-0131,card
O-902132,2026-09-04,S-02,SKU-2,Bread,Bakery,3,3.00,USD,C-0132,cash
O-902133,2026-09-05,S-03,SKU-3,Milk,Dairy,11,2.20,USD,C-0133,card
O-902134,2026-09-06,S-01,SKU-4,Eggs,Dairy,11,0.35,EUR,C-0134,cash
O-902135,2026-09-07,S-02,SKU-5,Coffee,Beverages,2,8.99,GBP,C-0135,card
O-902136,2026-09-08,S-03,SKU-1,Apple,Produce,9,1.50,USD,C-0136,cash
O-902137,2026-09-09,S-01,SKU-2,Bread,Bakery,6,3.00,USD,C-0137,card
O-902138,2026-09-10,S-02,SKU-3,Milk,Dairy,2,2.20,USD,C-0138,cash
O-902139,2026-09-11,S-03,SKU-4,Eggs,Dairy,9,0.35,EUR,C-0139,card
O-902140,2026-09-12,S-01,SKU-999,Coffee,Beverages,9,8.99,GBP,C-0140,cash
O-902141,2026-09-13,S-02,SKU-1,Apple,Produce,9,1.50,USD,C-0141,card
O-902142,2026-09-14,S-03,SKU-2,Bread,Bakery,9,3.00,USD,C-0142,cash
O-902143,2026-09-15,S-01,SKU-3,Milk,Dairy,9,2.20,USD,C-0143,card
O-902144,2026-09-16,S-02,SKU-4,Eggs,Dairy,1,0.35,EUR,C-0144,cash
O-902145,2026-09-17,S-03,SKU-5,Coffee,Beverages,7,8.99,GBP,C-0145,card
O-902146,2026-09-18,S-01,SKU-1,Apple,Produce,8,1.50,USD,C-0146,cash
O-902147,2026-09-19,S-02,SKU-2,Bread,Bakery,1,3.00,USD,C-0147,card
O-902148,2026-09-20,S-03,SKU-3,Milk,Dairy,11,2.20,USD,C-0148,cash
O-902149,2026-09-21,S-01,SKU-4,Eggs,Dairy,7,0.35,EUR,C-0149,card
O-902150,2026-09-22,S-02,SKU-5,Coffee,Beverages,6,8.99,GBP,C-0150,cash
O-902151,2026-09-23,S-03,SKU-1,Apple,Produce,5,1.50,USD,C-0151,card
O-902152,2026-09-24,S-01,SKU-2,Bread,Bakery,12,3.00,USD,C-0152,cash
O-902153,2026-09-25,S-02,SKU-3,Milk,Dairy,1,2.20,USD,C-0153,card
O-902154,2026-09-26,S-03,SKU-4,Eggs,Dairy,6,0.35,EUR,C-0154,cash
O-902155,2026-09-27,S-01,SKU-5,Coffee,Beverages,2,8.99,GBP,C-0155,card
O-902156,2026-09-28,S-02,SKU-1,Apple,Produce,6,1.50,USD,C-0156,cash
O-902157,2026-09-01,S-03,SKU-2,Bread,Bakery,4,3.00,USD,C-0157,card
O-902158,2026-09-02,S-01,SKU-3,Milk,Dairy,12,2.20,USD,C-0158,cash
O-902159,2026-09-03,S-02,SKU-4,Eggs,Dairy,11,0.35,EUR,C-0159,card
O-902160,2026-09-04,S-03,SKU-5,Coffee,Beverages,11,,GBP,C-0160,cash
O-902161,2026-09-05,S-01,SKU-1,Apple,Produce,2,1.50,USD,C-0161,card
O-902162,2026-09-06,S-02,SKU-2,Bread,Bakery,10,3.00,USD,C-0162,cash
O-902163,2026-09-07,S-03,SKU-3,Milk,Dairy,12,2.20,USD,C-0163,card
O-902164,2026-09-08,S-01,SKU-4,Eggs,Dairy,6,0.35,EUR,C-0164,cash
O-902165,2026-09-09,S-02,SKU-5,Coffee,Beverages,3,8.99,GBP,C-0165,card
O-902166,2026-09-10,S-03,SKU-1,Apple,Produce,1,1.50,USD,C-0166,cash
O-902167,2026-09-11,S-01,SKU-2,Bread,Bakery,6,3.00,USD,C-0167,card
O-902168,2026-09-12,S-02,SKU-3,Milk,Dairy,9,2.20,USD,C-0168,cash
O-902169,2026-09-13,S-03,SKU-4,Eggs,Dairy,6,0.35,EUR,C-0169,card
O-902170,2026-09-14,S-01,SKU-5,Coffee,Beverages,11,8.99,GBP,C-0170,cash
O-902171,2026-09-15,S-02,SKU-1,Apple,Produce,3,1.50,USD,C-0171,card
O-902172,2026-09-16,S-03,SKU-2,Bread,Bakery,11,3.00,USD,C-0172,cash
O-902173,2026-09-17,S-01,SKU-3,Milk,Dairy,8,2.20,USD,C-0173,card
O-902174,2026-09-18,S-02,SKU-4,Eggs,Dairy,12,0.35,EUR,C-0174,cash
O-902175,2026-09-19,S-03,SKU-5,Coffee,Beverages,8,8.99,GBP,C-0175,card
O-902176,2026-09-20,S-01,SKU-1,Apple,Produce,11,1.50,USD,C-0176,cash
O-902177,2026-09-21,S-02,SKU-2,Bread,Bakery,3,3.00,USD,C-0177,card
O-902178,2026-09-22,S-03,SKU-3,Milk,Dairy,3,2.20,USD,C-0178,cash
O-902179,2026-09-23,S-01,SKU-4,Eggs,Dairy,2,0.35,EUR,C-0179,card
,2026-09-24,S-02,SKU-5,Coffee,Beverages,12,8.99,GBP,C-0180,cash
O-902181,2026-09-25,S-03,SKU-1,Apple,Produce,8,1.50,USD,C-0181,card
O-902182,2026-09-26,S-01,SKU-2,Bread,Bakery,1,3.00,USD,C-0182,cash
O-902183,2026-09-27,S-02,SKU-3,Milk,Dairy,5,2.20,USD,C-0183,card
O-902184,2026-09-28,S-03,SKU-4,Eggs,Dairy,4,0.35,EUR,C-0184,cash
O-902185,2026-09-01,S-01,SKU-5,Coffee,Beverages,1,8.99,GBP,C-0185,card
O-902186,2026-09-02,S-02,SKU-1,Apple,Produce,4,1.50,USD,C-0186,cash
O-902187,2026-09-03,S-03,SKU-2,Bread,Bakery,1,3.00,USD,C-0187,card
O-902188,2026-09-04,S-01,SKU-3,Milk,Dairy,6,2.20,USD,C-0188,cash
O-902189,2026-09-05,S-02,SKU-4,Eggs,Dairy,5,0.35,EUR,C-0189,card
O-902190,2026-09-06,S-03,SKU-5,Coffee,Beverages,9,8.99,GBP,C-0190,cash
O-902191,2026-09-07,S-01,SKU-1,Apple,Produce,7,1.50,USD,C-0191,card
O-902192,2026-09-08,S-02,SKU-2,Bread,Bakery,9,3.00,USD,C-0192,cash
O-902193,2026-09-09,S-03,SKU-3,Milk,Dairy,8,2.20,USD,C-0193,card
O-902194,2026-09-10,S-01,SKU-4,Eggs,Dairy,5,0.35,EUR,C-0194,cash
O-902195,2026-09-11,S-02,SKU-5,Coffee,Beverages,1,8.99,GBP,C-0195,card
O-902196,2026-09-12,S-03,SKU-1,Apple,Produce,11,1.50,USD,C-0196,cash
O-902197,2026-09-13,S-01,SKU-2,Bread,Bakery,4,3.00,USD,C-0197,card
O-902198,2026-09-14,S-02,SKU-3,Milk,Dairy,5,2.20,USD,C-0198,cash
O-902199,2026-09-15,S-03,SKU-4,Eggs,Dairy,6,0.35,EUR,C-0199,card
O-902200,2026-09-16,S-01,SKU-5,Coffee,Beverages,1,8.99,XYZ,C-0200,cash
O-902201,2026-09-17,S-02,SKU-1,Apple,Produce,11,1.50,USD,C-0201,card
O-902202,2026-09-18,S-03,SKU-2,Bread,Bakery,6,3.00,USD,C-0202,cash
O-902203,2026-09-19,S-01,SKU-3,Milk,Dairy,5,2.20,USD,C-0203,card
O-902204,2026-09-20,S-02,SKU-4,Eggs,Dairy,2,0.35,EUR,C-0204,cash
O-902205,2026-09-21,S-03,SKU-5,Coffee,Beverages,6,8.99,GBP,C-0205,card
O-902206,2026-09-22,S-01,SKU-1,Apple,Produce,7,1.50,USD,C-0206,cash
O-902207,2026-09-23,S-02,SKU-2,Bread,Bakery,7,3.00,USD,C-0207,card
O-902208,2026-09-24,S-03,SKU-3,Milk,Dairy,12,2.20,USD,C-0208,cash
O-902209,2026-09-25,S-01,SKU-4,Eggs,Dairy,8,0.35,EUR,C-0209,card
O-902210,2026-09-26,S-02,SKU-5,Coffee,Beverages,7,8.99,GBP,C-0210,cash
O-902211,2026-09-27,S-03,SKU-1,Apple,Produce,6,1.50,USD,C-0211,card
O-902212,2026-09-28,S-01,SKU-2,Bread,Bakery,3,3.00,USD,C-0212,cash
O-902213,2026-09-01,S-02,SKU-3,Milk,Dairy,8,2.20,USD,C-0213,card
O-902214,2026-09-02,S-03,SKU-4,Eggs,Dairy,12,0.35,EUR,C-0214,cash
O-902215,2026-09-03,S-01,SKU-5,Coffee,Beverages,8,8.99,GBP,C-0215,card
O-902216,2026-09-04,S-02,SKU-1,Apple,Produce,6,1.50,USD,C-0216,cash
O-902217,2026-09-05,S-03,SKU-2,Bread,Bakery,9,3.00,USD,C-0217,card
O-902218,2026-09-06,S-01,SKU-3,Milk,Dairy,5,2.20,USD,C-0218,cash
O-902219,2026-09-07,S-02,SKU-4,Eggs,Dairy,2,0.35,EUR,C-0219,card
O-902220,2026-09-08,S-03,SKU-5,Coffee,Beverages,12,8.99,GBP,C-0220,bitcoin
O-902221,2026-09-09,S-01,SKU-1,Apple,Produce,7,1.50,USD,C-0221,card
O-902222,2026-09-10,S-02,SKU-2,Bread,Bakery,2,3.00,USD,C-0222,cash
O-902223,2026-09-11,S-03,SKU-3,Milk,Dairy,7,2.20,USD,C-0223,card
O-902224,2026-09-12,S-01,SKU-4,Eggs,Dairy,10,0.35,EUR,C-0224,cash
O-902225,2026-09-13,S-02,SKU-5,Coffee,Beverages,3,8.99,GBP,C-0225,card
O-902226,2026-09-14,S-03,SKU-1,Apple,Produce,9,1.50,USD,C-0226,cash
O-902227,2026-09-15,S-01,SKU-2,Bread,Bakery,5,3.00,USD,C-0227,card
O-902228,2026-09-16,S-02,SKU-3,Milk,Dairy,6,2.20,USD,C-0228,cash
O-902229,2026-09-17,S-03,SKU-4,Eggs,Dairy,2,0.35,EUR,C-0229,card
O-902230,2026-09-18,S-01,SKU-5,Coffee,Beverages,2,8.99,GBP,C-0230,cash
O-902231,2026-09-19,S-02,SKU-1,Apple,Produce,6,1.50,USD,C-0231,card
O-902232,2026-09-20,S-03,SKU-2,Bread,Bakery,11,3.00,USD,C-0232,cash
O-902233,2026-09-21,S-01,SKU-3,Milk,Dairy,5,2.20,USD,C-0233,card
O-902234,2026-09-22,S-02,SKU-4,Eggs,Dairy,5,0.35,EUR,C-0234,cash
O-902235,2026-09-23,S-03,SKU-5,Coffee,Beverages,8,8.99,GBP,C-0235,card
O-902236,2026-09-24,S-01,SKU-1,Apple,Produce,10,1.50,USD,C-0236,cash
O-902237,2026-09-25,S-02,SKU-2,Bread,Bakery,12,3.00,USD,C-0237,card
O-902238,2026-09-26,S-03,SKU-3,Milk,Dairy,7,2.20,USD,C-0238,cash
O-902239,2026-09-27,S-01,SKU-4,Eggs,Dairy,3,0.35,EUR,C-0239,card
O-902240,2026-09-28,S-02,SKU-5,Coffee,Beverages,0,8.99,GBP,C-0240,cash
O-902241,2026-09-01,S-03,SKU-1,Apple,Produce,8,1.50,USD,C-0241,card
O-902242,2026-09-02,S-01,SKU-2,Bread,Bakery,6,3.00,USD,C-0242,cash
O-902243,2026-09-03,S-02,SKU-3,Milk,Dairy,8,2.20,USD,C-0243,card
O-902244,2026-09-04,S-03,SKU-4,Eggs,Dairy,1,0.35,EUR,C-0244,cash
O-902245,2026-09-05,S-01,SKU-5,Coffee,Beverages,12,8.99,GBP,C-0245,card
O-902246,2026-09-06,S-02,SKU-1,Apple,Produce,6,1.50,USD,C-0246,cash
O-902247,2026-09-07,S-03,SKU-2,Bread,Bakery,10,3.00,USD,C-0247,card
O-902248,2026-09-08,S-01,SKU-3,Milk,Dairy,7,2.20,USD,C-0248,cash
O-902249,2026-09-09,S-02,SKU-4,Eggs,Dairy,5,0.35,EUR,C-0249,card
O-902250,2026-09-10,S-03,SKU-5,Coffee,Beverages,11,8.99,GBP,C-0250,cash
O-902251,2026-09-11,S-01,SKU-1,Apple,Produce,1,1.50,USD,C-0251,card
O-902252,2026-09-12,S-02,SKU-2,Bread,Bakery,2,3.00,USD,C-0252,cash
O-902253,2026-09-13,S-03,SKU-3,Milk,Dairy,11,2.20,USD,C-0253,card
O-902254,2026-09-14,S-01,SKU-4,Eggs,Dairy,11,0.35,EUR,C-0254,cash
O-902255,2026-09-15,S-02,SKU-5,Coffee,Beverages,7,8.99,GBP,C-0255,card
O-902256,2026-09-16,S-03,SKU-1,Apple,Produce,6,1.50,USD,C-0256,cash
O-902257,2026-09-17,S-01,SKU-2,Bread,Bakery,9,3.00,USD,C-0257,card
O-902258,2026-09-18,S-02,SKU-3,Milk,Dairy,12,2.20,USD,C-0258,cash
O-902259,2026-09-19,S-03,SKU-4,Eggs,Dairy,11,0.35,EUR,C-0259,card
O-902260,bad-date,S-01,SKU-5,Coffee,Beverages,3,8.99,GBP,C-0260,cash
O-902261,2026-09-21,S-02,SKU-1,Apple,Produce,1,1.50,USD,C-0261,card
O-902262,2026-09-22,S-03,SKU-2,Bread,Bakery,3,3.00,USD,C-0262,cash
O-902263,2026-09-23,S-01,SKU-3,Milk,Dairy,10,2.20,USD,C-0263,card
O-902264,2026-09-24,S-02,SKU-4,Eggs,Dairy,11,0.35,EUR,C-0264,cash
O-902265,2026-09-25,S-03,SKU-5,Coffee,Beverages,8,8.99,GBP,C-0265,card
O-902266,2026-09-26,S-01,SKU-1,Apple,Produce,1,1.50,USD,C-0266,cash
O-902267,2026-09-27,S-02,SKU-2,Bread,Bakery,3,3.00,USD,C-0267,card
O-902268,2026-09-28,S-03,SKU-3,Milk,Dairy,2,2.20,USD,C-0268,cash
O-902269,2026-09-01,S-01,SKU-4,Eggs,Dairy,4,0.35,EUR,C-0269,card
O-902270,2026-09-02,S-02,SKU-5,Coffee,Beverages,11,8.99,GBP,C-0270,cash
O-902271,2026-09-03,S-03,SKU-1,Apple,Produce,6,1.50,USD,C-0271,card
O-902272,2026-09-04,S-01,SKU-2,Bread,Bakery,6,3.00,USD,C-0272,cash
O-902273,2026-09-05,S-02,SKU-3,Milk,Dairy,7,2.20,USD,C-0273,card
O-902274,2026-09-06,S-03,SKU-4,Eggs,Dairy,10,0.35,EUR,C-0274,cash
O-902275,2026-09-07,S-01,SKU-5,Coffee,Beverages,1,8.99,GBP,C-0275,card
O-902276,2026-09-08,S-02,SKU-1,Apple,Produce,10,1.50,USD,C-0276,cash
O-902277,2026-09-09,S-03,SKU-2,Bread,Bakery,3,3.00,USD,C-0277,card
O-902278,2026-09-10,S-01,SKU-3,Milk,Dairy,11,2.20,USD,C-0278,cash
O-902279,2026-09-11,S-02,SKU-4,Eggs,Dairy,8,0.35,EUR,C-0279,card
O-902280,2026-09-12,S-03,SKU-5,Coffee,Beverages,-3,8.99,GBP,C-0280,cash
O-902281,2026-09-13,S-01,SKU-1,Apple,Produce,6,1.50,USD,C-0281,card
O-902282,2026-09-14,S-02,SKU-2,Bread,Bakery,8,3.00,USD,C-0282,cash
O-902283,2026-09-15,S-03,SKU-3,Milk,Dairy,2,2.20,USD,C-0283,card
O-902284,2026-09-16,S-01,SKU-4,Eggs,Dairy,10,0.35,EUR,C-0284,cash
O-902285,2026-09-17,S-02,SKU-5,Coffee,Beverages,3,8.99,GBP,C-0285,card
O-902286,2026-09-18,S-03,SKU-1,Apple,Produce,9,1.50,USD,C-0286,cash
O-902287,2026-09-19,S-01,SKU-2,Bread,Bakery,6,3.00,USD,C-0287,card
O-902288,2026-09-20,S-02,SKU-3,Milk,Dairy,7,2.20,USD,C-0288,cash
O-902289,2026-09-21,S-03,SKU-4,Eggs,Dairy,6,0.35,EUR,C-0289,card
O-902290,2026-09-22,S-01,SKU-5,Coffee,Beverages,11,8.99,GBP,C-0290,cash
O-902291,2026-09-23,S-02,SKU-1,Apple,Produce,5,1.50,USD,C-0291,card
O-902292,2026-09-24,S-03,SKU-2,Bread,Bakery,4,3.00,USD,C-0292,cash
O-902293,2026-09-25,S-01,SKU-3,Milk,Dairy,2,2.20,USD,C-0293,card
O-902294,2026-09-26,S-02,SKU-4,Eggs,Dairy,1,0.35,EUR,C-0294,cash
O-902295,2026-09-27,S-03,SKU-5,Coffee,Beverages,12,8.99,GBP,C-0295,card
O-902296,2026-09-28,S-01,SKU-1,Apple,Produce,3,1.50,USD,C-0296,cash
O-902297,2026-09-01,S-02,SKU-2,Bread,Bakery,8,3.00,USD,C-0297,card
O-902298,2026-09-02,S-03,SKU-3,Milk,Dairy,9,2.20,USD,C-0298,cash
O-902299,2026-09-03,S-01,SKU-4,Eggs,Dairy,7,0.35,EUR,C-0299,card
O-902300,2026-09-04,S-02,SKU-999,Coffee,Beverages,9,8.99,GBP,C-0300,cash
O-902301,2026-09-05,S-03,SKU-1,Apple,Produce,2,1.50,USD,C-0301,card
O-902302,2026-09-06,S-01,SKU-2,Bread,Bakery,5,3.00,USD,C-0302,cash
O-902303,2026-09-07,S-02,SKU-3,Milk,Dairy,5,2.20,USD,C-0303,card
O-902304,2026-09-08,S-03,SKU-4,Eggs,Dairy,12,0.35,EUR,C-0304,cash
O-902305,2026-09-09,S-01,SKU-5,Coffee,Beverages,8,8.99,GBP,C-0305,card
O-902306,2026-09-10,S-02,SKU-1,Apple,Produce,4,1.50,USD,C-0306,cash
O-902307,2026-09-11,S-03,SKU-2,Bread,Bakery,10,3.00,USD,C-0307,card
O-902308,2026-09-12,S-01,SKU-3,Milk,Dairy,5,2.20,USD,C-0308,cash
O-902309,2026-09-13,S-02,SKU-4,Eggs,Dairy,12,0.35,EUR,C-0309,card
O-902310,2026-09-14,S-03,SKU-5,Coffee,Beverages,8,8.99,GBP,C-0310,cash
O-902311,2026-09-15,S-01,SKU-1,Apple,Produce,4,1.50,USD,C-0311,card
O-902312,2026-09-16,S-02,SKU-2,Bread,Bakery,2,3.00,USD,C-0312,cash
O-902313,2026-09-17,S-03,SKU-3,Milk,Dairy,3,2.20,USD,C-0313,card
O-902314,2026-09-18,S-01,SKU-4,Eggs,Dairy,2,0.35,EUR,C-0314,cash
O-902315,2026-09-19,S-02,SKU-5,Coffee,Beverages,8,8.99,GBP,C-0315,card
O-902316,2026-09-20,S-03,SKU-1,Apple,Produce,3,1.50,USD,C-0316,cash
O-902317,2026-09-21,S-01,SKU-2,Bread,Bakery,12,3.00,USD,C-0317,card
O-902318,2026-09-22,S-02,SKU-3,Milk,Dairy,8,2.20,USD,C-0318,cash
O-902319,2026-09-23,S-03,SKU-4,Eggs,Dairy,2,0.35,EUR,C-0319,card
O-902320,2026-09-24,S-01,SKU-5,Coffee,Beverages,11,,GBP,C-0320,cash
O-902321,2026-09-25,S-02,SKU-1,Apple,Produce,6,1.50,USD,C-0321,card
O-902322,2026-09-26,S-03,SKU-2,Bread,Bakery,11,3.00,USD,C-0322,cash
O-902323,2026-09-27,S-01,SKU-3,Milk,Dairy,6,2.20,USD,C-0323,card
O-902324,2026-09-28,S-02,SKU-4,Eggs,Dairy,12,0.35,EUR,C-0324,cash
O-902325,2026-09-01,S-03,SKU-5,Coffee,Beverages,2,8.99,GBP,C-0325,card
O-902326,2026-09-02,S-01,SKU-1,Apple,Produce,9,1.50,USD,C-0326,cash
O-902327,2026-09-03,S-02,SKU-2,Bread,Bakery,9,3.00,USD,C-0327,card
O-902328,2026-09-04,S-03,SKU-3,Milk,Dairy,5,2.20,USD,C-0328,cash
O-902329,2026-09-05,S-01,SKU-4,Eggs,Dairy,5,0.35,EUR,C-0329,card
O-902330,2026-09-06,S-02,SKU-5,Coffee,Beverages,3,8.99,GBP,C-0330,cash
O-902331,2026-09-07,S-03,SKU-1,Apple,Produce,12,1.50,USD,C-0331,card
O-902332,2026-09-08,S-01,SKU-2,Bread,Bakery,12,3.00,USD,C-0332,cash
O-902333,2026-09-09,S-02,SKU-3,Milk,Dairy,12,2.20,USD,C-0333,card
O-902334,2026-09-10,S-03,SKU-4,Eggs,Dairy,11,0.35,EUR,C-0334,cash
O-902335,2026-09-11,S-01,SKU-5,Coffee,Beverages,3,8.99,GBP,C-0335,card
O-902336,2026-09-12,S-02,SKU-1,Apple,Produce,6,1.50,USD,C-0336,cash
O-902337,2026-09-13,S-03,SKU-2,Bread,Bakery,9,3.00,USD,C-0337,card
O-902338,2026-09-14,S-01,SKU-3,Milk,Dairy,4,2.20,USD,C-0338,cash
O-902339,2026-09-15,S-02,SKU-4,Eggs,Dairy,2,0.35,EUR,C-0339,card
,2026-09-16,S-03,SKU-5,Coffee,Beverages,4,8.99,GBP,C-0340,cash
O-902341,2026-09-17,S-01,SKU-1,Apple,Produce,3,1.50,USD,C-0341,card
O-902342,2026-09-18,S-02,SKU-2,Bread,Bakery,4,3.00,USD,C-0342,cash
O-902343,2026-09-19,S-03,SKU-3,Milk,Dairy,8,2.20,USD,C-0343,card
O-902344,2026-09-20,S-01,SKU-4,Eggs,Dairy,1,0.35,EUR,C-0344,cash
O-902345,2026-09-21,S-02,SKU-5,Coffee,Beverages,6,8.99,GBP,C-0345,card
O-902346,2026-09-22,S-03,SKU-1,Apple,Produce,9,1.50,USD,C-0346,cash
O-902347,2026-09-23,S-01,SKU-2,Bread,Bakery,10,3.00,USD,C-0347,card
O-902348,2026-09-24,S-02,SKU-3,Milk,Dairy,6,2.20,USD,C-0348,cash
O-902349,2026-09-25,S-03,SKU-4,Eggs,Dairy,8,0.35,EUR,C-0349,card
O-902350,2026-09-26,S-01,SKU-5,Coffee,Beverages,9,8.99,GBP,C-0350,cash
O-902351,2026-09-27,S-02,SKU-1,Apple,Produce,3,1.50,USD,C-0351,card
O-902352,2026-09-28,S-03,SKU-2,Bread,Bakery,10,3.00,USD,C-0352,cash
O-902353,2026-09-01,S-01,SKU-3,Milk,Dairy,2,2.20,USD,C-0353,card
O-902354,2026-09-02,S-02,SKU-4,Eggs,Dairy,2,0.35,EUR,C-0354,cash
O-902355,2026-09-03,S-03,SKU-5,Coffee,Beverages,5,8.99,GBP,C-0355,card
O-902356,2026-09-04,S-01,SKU-1,Apple,Produce,7,1.50,USD,C-0356,cash
O-902357,2026-09-05,S-02,SKU-2,Bread,Bakery,12,3.00,USD,C-0357,card
O-902358,2026-09-06,S-03,SKU-3,Milk,Dairy,12,2.20,USD,C-0358,cash
O-902359,2026-09-07,S-01,SKU-4,Eggs,Dairy,8,0.35,EUR,C-0359,card
O-902360,2026-09-08,S-02,SKU-5,Coffee,Beverages,9,8.99,XYZ,C-0360,cash
O-902361,2026-09-09,S-03,SKU-1,Apple,Produce,7,1.50,USD,C-0361,card
O-902362,2026-09-10,S-01,SKU-2,Bread,Bakery,7,3.00,USD,C-0362,cash
O-902363,2026-09-11,S-02,SKU-3,Milk,Dairy,10,2.20,USD,C-0363,card
O-902364,2026-09-12,S-03,SKU-4,Eggs,Dairy,2,0.35,EUR,C-0364,cash
O-902365,2026-09-13,S-01,SKU-5,Coffee,Beverages,3,8.99,GBP,C-0365,card
O-902366,2026-09-14,S-02,SKU-1,Apple,Produce,6,1.50,USD,C-0366,cash
O-902367,2026-09-15,S-03,SKU-2,Bread,Bakery,11,3.00,USD,C-0367,card
O-902368,2026-09-16,S-01,SKU-3,Milk,Dairy,2,2.20,USD,C-0368,cash
O-902369,2026-09-17,S-02,SKU-4,Eggs,Dairy,8,0.35,EUR,C-0369,card
O-902370,2026-09-18,S-03,SKU-5,Coffee,Beverages,8,8.99,GBP,C-0370,cash
O-902371,2026-09-19,S-01,SKU-1,Apple,Produce,11,1.50,USD,C-0371,card
O-902372,2026-09-20,S-02,SKU-2,Bread,Bakery,9,3.00,USD,C-0372,cash
O-902373,2026-09-21,S-03,SKU-3,Milk,Dairy,6,2.20,USD,C-0373,card
O-902374,2026-09-22,S-01,SKU-4,Eggs,Dairy,3,0.35,EUR,C-0374,cash
O-902375,2026-09-23,S-02,SKU-5,Coffee,Beverages,9,8.99,GBP,C-0375,card
O-902376,2026-09-24,S-03,SKU-1,Apple,Produce,11,1.50,USD,C-0376,cash
O-902377,2026-09-25,S-01,SKU-2,Bread,Bakery,10,3.00,USD,C-0377,card
O-902378,2026-09-26,S-02,SKU-3,Milk,Dairy,3,2.20,USD,C-0378,cash
O-902379,2026-09-27,S-03,SKU-4,Eggs,Dairy,3,0.35,EUR,C-0379,card
O-902380,2026-09-28,S-01,SKU-5,Coffee,Beverages,7,8.99,GBP,C-0380,bitcoin
O-902381,2026-09-01,S-02,SKU-1,Apple,Produce,9,1.50,USD,C-0381,card
O-902382,2026-09-02,S-03,SKU-2,Bread,Bakery,1,3.00,USD,C-0382,cash
O-902383,2026-09-03,S-01,SKU-3,Milk,Dairy,2,2.20,USD,C-0383,card
O-902384,2026-09-04,S-02,SKU-4,Eggs,Dairy,9,0.35,EUR,C-0384,cash
O-902385,2026-09-05,S-03,SKU-5,Coffee,Beverages,3,8.99,GBP,C-0385,card
O-902386,2026-09-06,S-01,SKU-1,Apple,Produce,5,1.50,USD,C-0386,cash
O-902387,2026-09-07,S-02,SKU-2,Bread,Bakery,3,3.00,USD,C-0387,card
O-902388,2026-09-08,S-03,SKU-3,Milk,Dairy,3,2.20,USD,C-0388,cash
O-902389,2026-09-09,S-01,SKU-4,Eggs,Dairy,6,0.35,EUR,C-0389,card
O-902390,2026-09-10,S-02,SKU-5,Coffee,Beverages,12,8.99,GBP,C-0390,cash
O-902391,2026-09-11,S-03,SKU-1,Apple,Produce,4,1.50,USD,C-0391,card
O-902392,2026-09-12,S-01,SKU-2,Bread,Bakery,6,3.00,USD,C-0392,cash
O-902393,2026-09-13,S-02,SKU-3,Milk,Dairy,9,2.20,USD,C-0393,card
O-902394,2026-09-14,S-03,SKU-4,Eggs,Dairy,5,0.35,EUR,C-0394,cash
O-902395,2026-09-15,S-01,SKU-5,Coffee,Beverages,2,8.99,GBP,C-0395,card
O-902396,2026-09-16,S-02,SKU-1,Apple,Produce,5,1.50,USD,C-0396,cash
O-902397,2026-09-17,S-03,SKU-2,Bread,Bakery,4,3.00,USD,C-0397,card
O-902398,2026-09-18,S-01,SKU-3,Milk,Dairy,11,2.20,USD,C-0398,cash
O-902399,2026-09-19,S-02,SKU-4,Eggs,Dairy,9,0.35,EUR,C-0399,card
O-902400,2026-09-20,S-03,SKU-5,Coffee,Beverages,0,8.99,GBP,C-0400,cash
O-902401,2026-09-21,S-01,SKU-1,Apple,Produce,3,1.50,USD,C-0401,card
O-902402,2026-09-22,S-02,SKU-2,Bread,Bakery,11,3.00,USD,C-0402,cash
O-902403,2026-09-23,S-03,SKU-3,Milk,Dairy,5,2.20,USD,C-0403,card
O-902404,2026-09-24,S-01,SKU-4,Eggs,Dairy,10,0.35,EUR,C-0404,cash
O-902405,2026-09-25,S-02,SKU-5,Coffee,Beverages,9,8.99,GBP,C-0405,card
O-902406,2026-09-26,S-03,SKU-1,Apple,Produce,2,1.50,USD,C-0406,cash
O-902407,2026-09-27,S-01,SKU-2,Bread,Bakery,9,3.00,USD,C-0407,card
O-902408,2026-09-28,S-02,SKU-3,Milk,Dairy,11,2.20,USD,C-0408,cash
O-902409,2026-09-01,S-03,SKU-4,Eggs,Dairy,3,0.35,EUR,C-0409,card
O-902410,2026-09-02,S-01,SKU-5,Coffee,Beverages,10,8.99,GBP,C-0410,cash
O-902411,2026-09-03,S-02,SKU-1,Apple,Produce,10,1.50,USD,C-0411,card
O-902412,2026-09-04,S-03,SKU-2,Bread,Bakery,3,3.00,USD,C-0412,cash
O-902413,2026-09-05,S-01,SKU-3,Milk,Dairy,3,2.20,USD,C-0413,card
O-902414,2026-09-06,S-02,SKU-4,Eggs,Dairy,11,0.35,EUR,C-0414,cash
O-902415,2026-09-07,S-03,SKU-5,Coffee,Beverages,10,8.99,GBP,C-0415,card
O-902416,2026-09-08,S-01,SKU-1,Apple,Produce,12,1.50,USD,C-0416,cash
O-902417,2026-09-09,S-02,SKU-2,Bread,Bakery,10,3.00,USD,C-0417,card
O-902418,2026-09-10,S-03,SKU-3,Milk,Dairy,6,2.20,USD,C-0418,cash
O-902419,2026-09-11,S-01,SKU-4,Eggs,Dairy,10,0.35,EUR,C-0419,card
O-902420,bad-date,S-02,SKU-5,Coffee,Beverages,1,8.99,GBP,C-0420,cash
O-902421,2026-09-13,S-03,SKU-1,Apple,Produce,1,1.50,USD,C-0421,card
O-902422,2026-09-14,S-01,SKU-2,Bread,Bakery,2,3.00,USD,C-0422,cash
O-902423,2026-09-15,S-02,SKU-3,Milk,Dairy,1,2.20,USD,C-0423,card
O-902424,2026-09-16,S-03,SKU-4,Eggs,Dairy,11,0.35,EUR,C-0424,cash
O-902425,2026-09-17,S-01,SKU-5,Coffee,Beverages,10,8.99,GBP,C-0425,card
O-902426,2026-09-18,S-02,SKU-1,Apple,Produce,5,1.50,USD,C-0426,cash
O-902427,2026-09-19,S-03,SKU-2,Bread,Bakery,11,3.00,USD,C-0427,card
O-902428,2026-09-20,S-01,SKU-3,Milk,Dairy,4,2.20,USD,C-0428,cash
O-902429,2026-09-21,S-02,SKU-4,Eggs,Dairy,10,0.35,EUR,C-0429,card
O-902430,2026-09-22,S-03,SKU-5,Coffee,Beverages,7,8.99,GBP,C-0430,cash
O-902431,2026-09-23,S-01,SKU-1,Apple,Produce,10,1.50,USD,C-0431,card
O-902432,2026-09-24,S-02,SKU-2,Bread,Bakery,11,3.00,USD,C-0432,cash
O-902433,2026-09-25,S-03,SKU-3,Milk,Dairy,1,2.20,USD,C-0433,card
O-902434,2026-09-26,S-01,SKU-4,Eggs,Dairy,8,0.35,EUR,C-0434,cash
O-902435,2026-09-27,S-02,SKU-5,Coffee,Beverages,11,8.99,GBP,C-0435,card
O-902436,2026-09-28,S-03,SKU-1,Apple,Produce,9,1.50,USD,C-0436,cash
O-902437,2026-09-01,S-01,SKU-2,Bread,Bakery,5,3.00,USD,C-0437,card
O-902438,2026-09-02,S-02,SKU-3,Milk,Dairy,11,2.20,USD,C-0438,cash
O-902439,2026-09-03,S-03,SKU-4,Eggs,Dairy,5,0.35,EUR,C-0439,card
O-902440,2026-09-04,S-01,SKU-5,Coffee,Beverages,-3,8.99,GBP,C-0440,cash
O-902441,2026-09-05,S-02,SKU-1,Apple,Produce,4,1.50,USD,C-0441,card
O-902442,2026-09-06,S-03,SKU-2,Bread,Bakery,11,3.00,USD,C-0442,cash
O-902443,2026-09-07,S-01,SKU-3,Milk,Dairy,7,2.20,USD,C-0443,card
O-902444,2026-09-08,S-02,SKU-4,Eggs,Dairy,5,0.35,EUR,C-0444,cash
O-902445,2026-09-09,S-03,SKU-5,Coffee,Beverages,8,8.99,GBP,C-0445,card
O-902446,2026-09-10,S-01,SKU-1,Apple,Produce,2,1.50,USD,C-0446,cash
O-902447,2026-09-11,S-02,SKU-2,Bread,Bakery,12,3.00,USD,C-0447,card
O-902448,2026-09-12,S-03,SKU-3,Milk,Dairy,1,2.20,USD,C-0448,cash
O-902449,2026-09-13,S-01,SKU-4,Eggs,Dairy,3,0.35,EUR,C-0449,card
O-902450,2026-09-14,S-02,SKU-5,Coffee,Beverages,8,8.99,GBP,C-0450,cash
O-902451,2026-09-15,S-03,SKU-1,Apple,Produce,7,1.50,USD,C-0451,card
O-902452,2026-09-16,S-01,SKU-2,Bread,Bakery,8,3.00,USD,C-0452,cash
O-902453,2026-09-17,S-02,SKU-3,Milk,Dairy,8,2.20,USD,C-0453,card
O-902454,2026-09-18,S-03,SKU-4,Eggs,Dairy,4,0.35,EUR,C-0454,cash
O-902455,2026-09-19,S-01,SKU-5,Coffee,Beverages,6,8.99,GBP,C-0455,card
O-902456,2026-09-20,S-02,SKU-1,Apple,Produce,10,1.50,USD,C-0456,cash
O-902457,2026-09-21,S-03,SKU-2,Bread,Bakery,3,3.00,USD,C-0457,card
O-902458,2026-09-22,S-01,SKU-3,Milk,Dairy,6,2.20,USD,C-0458,cash
O-902459,2026-09-23,S-02,SKU-4,Eggs,Dairy,12,0.35,EUR,C-0459,card
O-902460,2026-09-24,S-03,SKU-999,Coffee,Beverages,6,8.99,GBP,C-0460,cash
O-902461,2026-09-25,S-01,SKU-1,Apple,Produce,12,1.50,USD,C-0461,card
O-902462,2026-09-26,S-02,SKU-2,Bread,Bakery,6,3.00,USD,C-0462,cash
O-902463,2026-09-27,S-03,SKU-3,Milk,Dairy,7,2.20,USD,C-0463,card
O-902464,2026-09-28,S-01,SKU-4,Eggs,Dairy,3,0.35,EUR,C-0464,cash
O-902465,2026-09-01,S-02,SKU-5,Coffee,Beverages,6,8.99,GBP,C-0465,card
O-902466,2026-09-02,S-03,SKU-1,Apple,Produce,9,1.50,USD,C-0466,cash
O-902467,2026-09-03,S-01,SKU-2,Bread,Bakery,9,3.00,USD,C-0467,card
O-902468,2026-09-04,S-02,SKU-3,Milk,Dairy,2,2.20,USD,C-0468,cash
O-902469,2026-09-05,S-03,SKU-4,Eggs,Dairy,6,0.35,EUR,C-0469,card
O-902470,2026-09-06,S-01,SKU-5,Coffee,Beverages,4,8.99,GBP,C-0470,cash
O-902471,2026-09-07,S-02,SKU-1,Apple,Produce,8,1.50,USD,C-0471,card
O-902472,2026-09-08,S-03,SKU-2,Bread,Bakery,2,3.00,USD,C-0472,cash
O-902473,2026-09-09,S-01,SKU-3,Milk,Dairy,5,2.20,USD,C-0473,card
O-902474,2026-09-10,S-02,SKU-4,Eggs,Dairy,8,0.35,EUR,C-0474,cash
O-902475,2026-09-11,S-03,SKU-5,Coffee,Beverages,4,8.99,GBP,C-0475,card
O-902476,2026-09-12,S-01,SKU-1,Apple,Produce,3,1.50,USD,C-0476,cash
O-902477,2026-09-13,S-02,SKU-2,Bread,Bakery,2,3.00,USD,C-0477,card
O-902478,2026-09-14,S-03,SKU-3,Milk,Dairy,1,2.20,USD,C-0478,cash
O-902479,2026-09-15,S-01,SKU-4,Eggs,Dairy,5,0.35,EUR,C-0479,card
O-902480,2026-09-16,S-02,SKU-5,Coffee,Beverages,7,,GBP,C-0480,cash
O-902481,2026-09-17,S-03,SKU-1,Apple,Produce,10,1.50,USD,C-0481,card
O-902482,2026-09-18,S-01,SKU-2,Bread,Bakery,7,3.00,USD,C-0482,cash
O-902483,2026-09-19,S-02,SKU-3,Milk,Dairy,4,2.20,USD,C-0483,card
O-902484,2026-09-20,S-03,SKU-4,Eggs,Dairy,3,0.35,EUR,C-0484,cash
O-902485,2026-09-21,S-01,SKU-5,Coffee,Beverages,6,8.99,GBP,C-0485,card
O-902486,2026-09-22,S-02,SKU-1,Apple,Produce,10,1.50,USD,C-0486,cash
O-902487,2026-09-23,S-03,SKU-2,Bread,Bakery,12,3.00,USD,C-0487,card
O-902488,2026-09-24,S-01,SKU-3,Milk,Dairy,6,2.20,USD,C-0488,cash
O-902489,2026-09-25,S-02,SKU-4,Eggs,Dairy,4,0.35,EUR,C-0489,card
O-902490,2026-09-26,S-03,SKU-5,Coffee,Beverages,3,8.99,GBP,C-0490,cash
O-902491,2026-09-27,S-01,SKU-1,Apple,Produce,8,1.50,USD,C-0491,card
O-902492,2026-09-28,S-02,SKU-2,Bread,Bakery,9,3.00,USD,C-0492,cash
O-902493,2026-09-01,S-03,SKU-3,Milk,Dairy,8,2.20,USD,C-0493,card
O-902494,2026-09-02,S-01,SKU-4,Eggs,Dairy,8,0.35,EUR,C-0494,cash
O-902495,2026-09-03,S-02,SKU-5,Coffee,Beverages,5,8.99,GBP,C-0495,card
O-902496,2026-09-04,S-03,SKU-1,Apple,Produce,8,1.50,USD,C-0496,cash
O-902497,2026-09-05,S-01,SKU-2,Bread,Bakery,1,3.00,USD,C-0497,card
O-902498,2026-09-06,S-02,SKU-3,Milk,Dairy,2,2.20,USD,C-0498,cash
O-902499,2026-09-07,S-03,SKU-4,Eggs,Dairy,7,0.35,EUR,C-0499,card
,2026-09-08,S-01,SKU-5,Coffee,Beverages,9,8.99,GBP,C-0500,cash
O-902501,2026-09-09,S-02,SKU-1,Apple,Produce,8,1.50,USD,C-0001,card
O-902502,2026-09-10,S-03,SKU-2,Bread,Bakery,4,3.00,USD,C-0002,cash
O-902503,2026-09-11,S-01,SKU-3,Milk,Dairy,4,2.20,USD,C-0003,card
O-902504,2026-09-12,S-02,SKU-4,Eggs,Dairy,10,0.35,EUR,C-0004,cash
O-902505,2026-09-13,S-03,SKU-5,Coffee,Beverages,6,8.99,GBP,C-0005,card
O-902506,2026-09-14,S-01,SKU-1,Apple,Produce,1,1.50,USD,C-0006,cash
O-902507,2026-09-15,S-02,SKU-2,Bread,Bakery,1,3.00,USD,C-0007,card
O-902508,2026-09-16,S-03,SKU-3,Milk,Dairy,5,2.20,USD,C-0008,cash
O-902509,2026-09-17,S-01,SKU-4,Eggs,Dairy,8,0.35,EUR,C-0009,card
O-902510,2026-09-18,S-02,SKU-5,Coffee,Beverages,10,8.99,GBP,C-0010,cash
O-902511,2026-09-19,S-03,SKU-1,Apple,Produce,11,1.50,USD,C-0011,card
O-902512,2026-09-20,S-01,SKU-2,Bread,Bakery,11,3.00,USD,C-0012,cash
O-902513,2026-09-21,S-02,SKU-3,Milk,Dairy,8,2.20,USD,C-0013,card
O-902514,2026-09-22,S-03,SKU-4,Eggs,Dairy,5,0.35,EUR,C-0014,cash
O-902515,2026-09-23,S-01,SKU-5,Coffee,Beverages,9,8.99,GBP,C-0015,card
O-902516,2026-09-24,S-02,SKU-1,Apple,Produce,1,1.50,USD,C-0016,cash
O-902517,2026-09-25,S-03,SKU-2,Bread,Bakery,2,3.00,USD,C-0017,card
O-902518,2026-09-26,S-01,SKU-3,Milk,Dairy,7,2.20,USD,C-0018,cash
O-902519,2026-09-27,S-02,SKU-4,Eggs,Dairy,3,0.35,EUR,C-0019,card
O-902520,2026-09-28,S-03,SKU-5,Coffee,Beverages,5,8.99,XYZ,C-0020,cash
O-902521,2026-09-01,S-01,SKU-1,Apple,Produce,12,1.50,USD,C-0021,card
O-902522,2026-09-02,S-02,SKU-2,Bread,Bakery,6,3.00,USD,C-0022,cash
O-902523,2026-09-03,S-03,SKU-3,Milk,Dairy,7,2.20,USD,C-0023,card
O-902524,2026-09-04,S-01,SKU-4,Eggs,Dairy,6,0.35,EUR,C-0024,cash
O-902525,2026-09-05,S-02,SKU-5,Coffee,Beverages,1,8.99,GBP,C-0025,card
O-902526,2026-09-06,S-03,SKU-1,Apple,Produce,7,1.50,USD,C-0026,cash
O-902527,2026-09-07,S-01,SKU-2,Bread,Bakery,1,3.00,USD,C-0027,card
O-902528,2026-09-08,S-02,SKU-3,Milk,Dairy,10,2.20,USD,C-0028,cash
O-902529,2026-09-09,S-03,SKU-4,Eggs,Dairy,9,0.35,EUR,C-0029,card
O-902530,2026-09-10,S-01,SKU-5,Coffee,Beverages,4,8.99,GBP,C-0030,cash
O-902531,2026-09-11,S-02,SKU-1,Apple,Produce,6,1.50,USD,C-0031,card
O-902532,2026-09-12,S-03,SKU-2,Bread,Bakery,9,3.00,USD,C-0032,cash
O-902533,2026-09-13,S-01,SKU-3,Milk,Dairy,5,2.20,USD,C-0033,card
O-902534,2026-09-14,S-02,SKU-4,Eggs,Dairy,2,0.35,EUR,C-0034,cash
O-902535,2026-09-15,S-03,SKU-5,Coffee,Beverages,7,8.99,GBP,C-0035,card
O-902536,2026-09-16,S-01,SKU-1,Apple,Produce,9,1.50,USD,C-0036,cash
O-902537,2026-09-17,S-02,SKU-2,Bread,Bakery,8,3.00,USD,C-0037,card
O-902538,2026-09-18,S-03,SKU-3,Milk,Dairy,9,2.20,USD,C-0038,cash
O-902539,2026-09-19,S-01,SKU-4,Eggs,Dairy,5,0.35,EUR,C-0039,card
O-902540,2026-09-20,S-02,SKU-5,Coffee,Beverages,10,8.99,GBP,C-0040,bitcoin
O-902541,2026-09-21,S-03,SKU-1,Apple,Produce,11,1.50,USD,C-0041,card
O-902542,2026-09-22,S-01,SKU-2,Bread,Bakery,10,3.00,USD,C-0042,cash
O-902543,2026-09-23,S-02,SKU-3,Milk,Dairy,2,2.20,USD,C-0043,card
O-902544,2026-09-24,S-03,SKU-4,Eggs,Dairy,3,0.35,EUR,C-0044,cash
O-902545,2026-09-25,S-01,SKU-5,Coffee,Beverages,2,8.99,GBP,C-0045,card
O-902546,2026-09-26,S-02,SKU-1,Apple,Produce,7,1.50,USD,C-0046,cash
O-902547,2026-09-27,S-03,SKU-2,Bread,Bakery,6,3.00,USD,C-0047,card
O-902548,2026-09-28,S-01,SKU-3,Milk,Dairy,6,2.20,USD,C-0048,cash
O-902549,2026-09-01,S-02,SKU-4,Eggs,Dairy,9,0.35,EUR,C-0049,card
O-902550,2026-09-02,S-03,SKU-5,Coffee,Beverages,6,8.99,GBP,C-0050,cash
O-902551,2026-09-03,S-01,SKU-1,Apple,Produce,3,1.50,USD,C-0051,card
O-902552,2026-09-04,S-02,SKU-2,Bread,Bakery,4,3.00,USD,C-0052,cash
O-902553,2026-09-05,S-03,SKU-3,Milk,Dairy,10,2.20,USD,C-0053,card
O-902554,2026-09-06,S-01,SKU-4,Eggs,Dairy,9,0.35,EUR,C-0054,cash
O-902555,2026-09-07,S-02,SKU-5,Coffee,Beverages,7,8.99,GBP,C-0055,card
O-902556,2026-09-08,S-03,SKU-1,Apple,Produce,9,1.50,USD,C-0056,cash
O-902557,2026-09-09,S-01,SKU-2,Bread,Bakery,1,3.00,USD,C-0057,card
O-902558,2026-09-10,S-02,SKU-3,Milk,Dairy,1,2.20,USD,C-0058,cash
O-902559,2026-09-11,S-03,SKU-4,Eggs,Dairy,1,0.35,EUR,C-0059,card
O-902560,2026-09-12,S-01,SKU-5,Coffee,Beverages,0,8.99,GBP,C-0060,cash
O-902561,2026-09-13,S-02,SKU-1,Apple,Produce,12,1.50,USD,C-0061,card
O-902562,2026-09-14,S-03,SKU-2,Bread,Bakery,6,3.00,USD,C-0062,cash
O-902563,2026-09-15,S-01,SKU-3,Milk,Dairy,8,2.20,USD,C-0063,card
O-902564,2026-09-16,S-02,SKU-4,Eggs,Dairy,9,0.35,EUR,C-0064,cash
O-902565,2026-09-17,S-03,SKU-5,Coffee,Beverages,8,8.99,GBP,C-0065,card
O-902566,2026-09-18,S-01,SKU-1,Apple,Produce,3,1.50,USD,C-0066,cash
O-902567,2026-09-19,S-02,SKU-2,Bread,Bakery,10,3.00,USD,C-0067,card
O-902568,2026-09-20,S-03,SKU-3,Milk,Dairy,9,2.20,USD,C-0068,cash
O-902569,2026-09-21,S-01,SKU-4,Eggs,Dairy,3,0.35,EUR,C-0069,card
O-902570,2026-09-22,S-02,SKU-5,Coffee,Beverages,6,8.99,GBP,C-0070,cash
O-902571,2026-09-23,S-03,SKU-1,Apple,Produce,10,1.50,USD,C-0071,card
O-902572,2026-09-24,S-01,SKU-2,Bread,Bakery,6,3.00,USD,C-0072,cash
O-902573,2026-09-25,S-02,SKU-3,Milk,Dairy,3,2.20,USD,C-0073,card
O-902574,2026-09-26,S-03,SKU-4,Eggs,Dairy,7,0.35,EUR,C-0074,cash
O-902575,2026-09-27,S-01,SKU-5,Coffee,Beverages,10,8.99,GBP,C-0075,card
O-902576,2026-09-28,S-02,SKU-1,Apple,Produce,12,1.50,USD,C-0076,cash
O-902577,2026-09-01,S-03,SKU-2,Bread,Bakery,5,3.00,USD,C-0077,card
O-902578,2026-09-02,S-01,SKU-3,Milk,Dairy,10,2.20,USD,C-0078,cash
O-902579,2026-09-03,S-02,SKU-4,Eggs,Dairy,6,0.35,EUR,C-0079,card
O-902580,bad-date,S-03,SKU-5,Coffee,Beverages,9,8.99,GBP,C-0080,cash
O-902581,2026-09-05,S-01,SKU-1,Apple,Produce,9,1.50,USD,C-0081,card
O-902582,2026-09-06,S-02,SKU-2,Bread,Bakery,9,3.00,USD,C-0082,cash
O-902583,2026-09-07,S-03,SKU-3,Milk,Dairy,8,2.20,USD,C-0083,card
O-902584,2026-09-08,S-01,SKU-4,Eggs,Dairy,12,0.35,EUR,C-0084,cash
O-902585,2026-09-09,S-02,SKU-5,Coffee,Beverages,10,8.99,GBP,C-0085,card
O-902586,2026-09-10,S-03,SKU-1,Apple,Produce,5,1.50,USD,C-0086,cash
O-902587,2026-09-11,S-01,SKU-2,Bread,Bakery,8,3.00,USD,C-0087,card
O-902588,2026-09-12,S-02,SKU-3,Milk,Dairy,1,2.20,USD,C-0088,cash
O-902589,2026-09-13,S-03,SKU-4,Eggs,Dairy,6,0.35,EUR,C-0089,card
O-902590,2026-09-14,S-01,SKU-5,Coffee,Beverages,6,8.99,GBP,C-0090,cash
O-902591,2026-09-15,S-02,SKU-1,Apple,Produce,11,1.50,USD,C-0091,card
O-902592,2026-09-16,S-03,SKU-2,Bread,Bakery,2,3.00,USD,C-0092,cash
O-902593,2026-09-17,S-01,SKU-3,Milk,Dairy,7,2.20,USD,C-0093,card
O-902594,2026-09-18,S-02,SKU-4,Eggs,Dairy,10,0.35,EUR,C-0094,cash
O-902595,2026-09-19,S-03,SKU-5,Coffee,Beverages,5,8.99,GBP,C-0095,card
O-902596,2026-09-20,S-01,SKU-1,Apple,Produce,12,1.50,USD,C-0096,cash
O-902597,2026-09-21,S-02,SKU-2,Bread,Bakery,12,3.00,USD,C-0097,card
O-902598,2026-09-22,S-03,SKU-3,Milk,Dairy,11,2.20,USD,C-0098,cash
O-902599,2026-09-23,S-01,SKU-4,Eggs,Dairy,1,0.35,EUR,C-0099,card
O-902600,2026-09-24,S-02,SKU-5,Coffee,Beverages,-3,8.99,GBP,C-0100,cash
O-902601,2026-09-25,S-03,SKU-1,Apple,Produce,8,1.50,USD,C-0101,card
O-902602,2026-09-26,S-01,SKU-2,Bread,Bakery,5,3.00,USD,C-0102,cash
O-902603,2026-09-27,S-02,SKU-3,Milk,Dairy,11,2.20,USD,C-0103,card
O-902604,2026-09-28,S-03,SKU-4,Eggs,Dairy,10,0.35,EUR,C-0104,cash
O-902605,2026-09-01,S-01,SKU-5,Coffee,Beverages,10,8.99,GBP,C-0105,card
O-902606,2026-09-02,S-02,SKU-1,Apple,Produce,4,1.50,USD,C-0106,cash
O-902607,2026-09-03,S-03,SKU-2,Bread,Bakery,12,3.00,USD,C-0107,card
O-902608,2026-09-04,S-01,SKU-3,Milk,Dairy,1,2.20,USD,C-0108,cash
O-902609,2026-09-05,S-02,SKU-4,Eggs,Dairy,10,0.35,EUR,C-0109,card
O-902610,2026-09-06,S-03,SKU-5,Coffee,Beverages,8,8.99,GBP,C-0110,cash
O-902611,2026-09-07,S-01,SKU-1,Apple,Produce,3,1.50,USD,C-0111,card
O-902612,2026-09-08,S-02,SKU-2,Bread,Bakery,9,3.00,USD,C-0112,cash
O-902613,2026-09-09,S-03,SKU-3,Milk,Dairy,11,2.20,USD,C-0113,card
O-902614,2026-09-10,S-01,SKU-4,Eggs,Dairy,12,0.35,EUR,C-0114,cash
O-902615,2026-09-11,S-02,SKU-5,Coffee,Beverages,10,8.99,GBP,C-0115,card
O-902616,2026-09-12,S-03,SKU-1,Apple,Produce,7,1.50,USD,C-0116,cash
O-902617,2026-09-13,S-01,SKU-2,Bread,Bakery,3,3.00,USD,C-0117,card
O-902618,2026-09-14,S-02,SKU-3,Milk,Dairy,11,2.20,USD,C-0118,cash
O-902619,2026-09-15,S-03,SKU-4,Eggs,Dairy,4,0.35,EUR,C-0119,card
O-902620,2026-09-16,S-01,SKU-999,Coffee,Beverages,1,8.99,GBP,C-0120,cash
O-902621,2026-09-17,S-02,SKU-1,Apple,Produce,10,1.50,USD,C-0121,card
O-902622,2026-09-18,S-03,SKU-2,Bread,Bakery,12,3.00,USD,C-0122,cash
O-902623,2026-09-19,S-01,SKU-3,Milk,Dairy,2,2.20,USD,C-0123,card
O-902624,2026-09-20,S-02,SKU-4,Eggs,Dairy,4,0.35,EUR,C-0124,cash
O-902625,2026-09-21,S-03,SKU-5,Coffee,Beverages,1,8.99,GBP,C-0125,card
O-902626,2026-09-22,S-01,SKU-1,Apple,Produce,8,1.50,USD,C-0126,cash
O-902627,2026-09-23,S-02,SKU-2,Bread,Bakery,6,3.00,USD,C-0127,card
O-902628,2026-09-24,S-03,SKU-3,Milk,Dairy,7,2.20,USD,C-0128,cash
O-902629,2026-09-25,S-01,SKU-4,Eggs,Dairy,3,0.35,EUR,C-0129,card
O-902630,2026-09-26,S-02,SKU-5,Coffee,Beverages,7,8.99,GBP,C-0130,cash
O-902631,2026-09-27,S-03,SKU-1,Apple,Produce,12,1.50,USD,C-0131,card
O-902632,2026-09-28,S-01,SKU-2,Bread,Bakery,4,3.00,USD,C-0132,cash
O-902633,2026-09-01,S-02,SKU-3,Milk,Dairy,7,2.20,USD,C-0133,card
O-902634,2026-09-02,S-03,SKU-4,Eggs,Dairy,9,0.35,EUR,C-0134,cash
O-902635,2026-09-03,S-01,SKU-5,Coffee,Beverages,10,8.99,GBP,C-0135,card
O-902636,2026-09-04,S-02,SKU-1,Apple,Produce,8,1.50,USD,C-0136,cash
O-902637,2026-09-05,S-03,SKU-2,Bread,Bakery,12,3.00,USD,C-0137,card
O-902638,2026-09-06,S-01,SKU-3,Milk,Dairy,12,2.20,USD,C-0138,cash
O-902639,2026-09-07,S-02,SKU-4,Eggs,Dairy,1,0.35,EUR,C-0139,card
O-902640,2026-09-08,S-03,SKU-5,Coffee,Beverages,12,,GBP,C-0140,cash
O-902641,2026-09-09,S-01,SKU-1,Apple,Produce,3,1.50,USD,C-0141,card
O-902642,2026-09-10,S-02,SKU-2,Bread,Bakery,9,3.00,USD,C-0142,cash
O-902643,2026-09-11,S-03,SKU-3,Milk,Dairy,4,2.20,USD,C-0143,card
O-902644,2026-09-12,S-01,SKU-4,Eggs,Dairy,9,0.35,EUR,C-0144,cash
O-902645,2026-09-13,S-02,SKU-5,Coffee,Beverages,6,8.99,GBP,C-0145,card
O-902646,2026-09-14,S-03,SKU-1,Apple,Produce,11,1.50,USD,C-0146,cash
O-902647,2026-09-15,S-01,SKU-2,Bread,Bakery,8,3.00,USD,C-0147,card
O-902648,2026-09-16,S-02,SKU-3,Milk,Dairy,9,2.20,USD,C-0148,cash
O-902649,2026-09-17,S-03,SKU-4,Eggs,Dairy,7,0.35,EUR,C-0149,card
O-902650,2026-09-18,S-01,SKU-5,Coffee,Beverages,6,8.99,GBP,C-0150,cash
O-902651,2026-09-19,S-02,SKU-1,Apple,Produce,3,1.50,USD,C-0151,card
O-902652,2026-09-20,S-03,SKU-2,Bread,Bakery,8,3.00,USD,C-0152,cash
O-902653,2026-09-21,S-01,SKU-3,Milk,Dairy,9,2.20,USD,C-0153,card
O-902654,2026-09-22,S-02,SKU-4,Eggs,Dairy,6,0.35,EUR,C-0154,cash
O-902655,2026-09-23,S-03,SKU-5,Coffee,Beverages,9,8.99,GBP,C-0155,card
O-902656,2026-09-24,S-01,SKU-1,Apple,Produce,6,1.50,USD,C-0156,cash
O-902657,2026-09-25,S-02,SKU-2,Bread,Bakery,11,3.00,USD,C-0157,card
O-902658,2026-09-26,S-03,SKU-3,Milk,Dairy,12,2.20,USD,C-0158,cash
O-902659,2026-09-27,S-01,SKU-4,Eggs,Dairy,11,0.35,EUR,C-0159,card
,2026-09-28,S-02,SKU-5,Coffee,Beverages,11,8.99,GBP,C-0160,cash
O-902661,2026-09-01,S-03,SKU-1,Apple,Produce,12,1.50,USD,C-0161,card
O-902662,2026-09-02,S-01,SKU-2,Bread,Bakery,5,3.00,USD,C-0162,cash
O-902663,2026-09-03,S-02,SKU-3,Milk,Dairy,10,2.20,USD,C-0163,card
O-902664,2026-09-04,S-03,SKU-4,Eggs,Dairy,8,0.35,EUR,C-0164,cash
O-902665,2026-09-05,S-01,SKU-5,Coffee,Beverages,4,8.99,GBP,C-0165,card
O-902666,2026-09-06,S-02,SKU-1,Apple,Produce,4,1.50,USD,C-0166,cash
O-902667,2026-09-07,S-03,SKU-2,Bread,Bakery,5,3.00,USD,C-0167,card
O-902668,2026-09-08,S-01,SKU-3,Milk,Dairy,9,2.20,USD,C-0168,cash
O-902669,2026-09-09,S-02,SKU-4,Eggs,Dairy,5,0.35,EUR,C-0169,card
O-902670,2026-09-10,S-03,SKU-5,Coffee,Beverages,4,8.99,GBP,C-0170,cash
O-902671,2026-09-11,S-01,SKU-1,Apple,Produce,5,1.50,USD,C-0171,card
O-902672,2026-09-12,S-02,SKU-2,Bread,Bakery,5,3.00,USD,C-0172,cash
O-902673,2026-09-13,S-03,SKU-3,Milk,Dairy,12,2.20,USD,C-0173,card
O-902674,2026-09-14,S-01,SKU-4,Eggs,Dairy,4,0.35,EUR,C-0174,cash
O-902675,2026-09-15,S-02,SKU-5,Coffee,Beverages,12,8.99,GBP,C-0175,card
O-902676,2026-09-16,S-03,SKU-1,Apple,Produce,12,1.50,USD,C-0176,cash
O-902677,2026-09-17,S-01,SKU-2,Bread,Bakery,8,3.00,USD,C-0177,card
O-902678,2026-09-18,S-02,SKU-3,Milk,Dairy,6,2.20,USD,C-0178,cash
O-902679,2026-09-19,S-03,SKU-4,Eggs,Dairy,8,0.35,EUR,C-0179,card
O-902680,2026-09-20,S-01,SKU-5,Coffee,Beverages,6,8.99,XYZ,C-0180,cash
O-902681,2026-09-21,S-02,SKU-1,Apple,Produce,9,1.50,USD,C-0181,card
O-902682,2026-09-22,S-03,SKU-2,Bread,Bakery,12,3.00,USD,C-0182,cash
O-902683,2026-09-23,S-01,SKU-3,Milk,Dairy,5,2.20,USD,C-0183,card
O-902684,2026-09-24,S-02,SKU-4,Eggs,Dairy,5,0.35,EUR,C-0184,cash
O-902685,2026-09-25,S-03,SKU-5,Coffee,Beverages,2,8.99,GBP,C-0185,card
O-902686,2026-09-26,S-01,SKU-1,Apple,Produce,10,1.50,USD,C-0186,cash
O-902687,2026-09-27,S-02,SKU-2,Bread,Bakery,11,3.00,USD,C-0187,card
O-902688,2026-09-28,S-03,SKU-3,Milk,Dairy,9,2.20,USD,C-0188,cash
O-902689,2026-09-01,S-01,SKU-4,Eggs,Dairy,7,0.35,EUR,C-0189,card
O-902690,2026-09-02,S-02,SKU-5,Coffee,Beverages,7,8.99,GBP,C-0190,cash
O-902691,2026-09-03,S-03,SKU-1,Apple,Produce,6,1.50,USD,C-0191,card
O-902692,2026-09-04,S-01,SKU-2,Bread,Bakery,3,3.00,USD,C-0192,cash
O-902693,2026-09-05,S-02,SKU-3,Milk,Dairy,5,2.20,USD,C-0193,card
O-902694,2026-09-06,S-03,SKU-4,Eggs,Dairy,1,0.35,EUR,C-0194,cash
O-902695,2026-09-07,S-01,SKU-5,Coffee,Beverages,5,8.99,GBP,C-0195,card
O-902696,2026-09-08,S-02,SKU-1,Apple,Produce,12,1.50,USD,C-0196,cash
O-902697,2026-09-09,S-03,SKU-2,Bread,Bakery,2,3.00,USD,C-0197,card
O-902698,2026-09-10,S-01,SKU-3,Milk,Dairy,6,2.20,USD,C-0198,cash
O-902699,2026-09-11,S-02,SKU-4,Eggs,Dairy,8,0.35,EUR,C-0199,card
O-902700,2026-09-12,S-03,SKU-5,Coffee,Beverages,11,8.99,GBP,C-0200,bitcoin
O-902701,2026-09-13,S-01,SKU-1,Apple,Produce,5,1.50,USD,C-0201,card
O-902702,2026-09-14,S-02,SKU-2,Bread,Bakery,12,3.00,USD,C-0202,cash
O-902703,2026-09-15,S-03,SKU-3,Milk,Dairy,8,2.20,USD,C-0203,card
O-902704,2026-09-16,S-01,SKU-4,Eggs,Dairy,4,0.35,EUR,C-0204,cash
O-902705,2026-09-17,S-02,SKU-5,Coffee,Beverages,4,8.99,GBP,C-0205,card
O-902706,2026-09-18,S-03,SKU-1,Apple,Produce,9,1.50,USD,C-0206,cash
O-902707,2026-09-19,S-01,SKU-2,Bread,Bakery,5,3.00,USD,C-0207,card
O-902708,2026-09-20,S-02,SKU-3,Milk,Dairy,9,2.20,USD,C-0208,cash
O-902709,2026-09-21,S-03,SKU-4,Eggs,Dairy,12,0.35,EUR,C-0209,card
O-902710,2026-09-22,S-01,SKU-5,Coffee,Beverages,5,8.99,GBP,C-0210,cash
O-902711,2026-09-23,S-02,SKU-1,Apple,Produce,3,1.50,USD,C-0211,card
O-902712,2026-09-24,S-03,SKU-2,Bread,Bakery,2,3.00,USD,C-0212,cash
O-902713,2026-09-25,S-01,SKU-3,Milk,Dairy,10,2.20,USD,C-0213,card
O-902714,2026-09-26,S-02,SKU-4,Eggs,Dairy,12,0.35,EUR,C-0214,cash
O-902715,2026-09-27,S-03,SKU-5,Coffee,Beverages,10,8.99,GBP,C-0215,card
O-902716,2026-09-28,S-01,SKU-1,Apple,Produce,4,1.50,USD,C-0216,cash
O-902717,2026-09-01,S-02,SKU-2,Bread,Bakery,4,3.00,USD,C-0217,card
O-902718,2026-09-02,S-03,SKU-3,Milk,Dairy,1,2.20,USD,C-0218,cash
O-902719,2026-09-03,S-01,SKU-4,Eggs,Dairy,11,0.35,EUR,C-0219,card
O-902720,2026-09-04,S-02,SKU-5,Coffee,Beverages,0,8.99,GBP,C-0220,cash
O-902721,2026-09-05,S-03,SKU-1,Apple,Produce,4,1.50,USD,C-0221,card
O-902722,2026-09-06,S-01,SKU-2,Bread,Bakery,11,3.00,USD,C-0222,cash
O-902723,2026-09-07,S-02,SKU-3,Milk,Dairy,4,2.20,USD,C-0223,card
O-902724,2026-09-08,S-03,SKU-4,Eggs,Dairy,1,0.35,EUR,C-0224,cash
O-902725,2026-09-09,S-01,SKU-5,Coffee,Beverages,2,8.99,GBP,C-0225,card
O-902726,2026-09-10,S-02,SKU-1,Apple,Produce,7,1.50,USD,C-0226,cash
O-902727,2026-09-11,S-03,SKU-2,Bread,Bakery,6,3.00,USD,C-0227,card
O-902728,2026-09-12,S-01,SKU-3,Milk,Dairy,12,2.20,USD,C-0228,cash
O-902729,2026-09-13,S-02,SKU-4,Eggs,Dairy,8,0.35,EUR,C-0229,card
O-902730,2026-09-14,S-03,SKU-5,Coffee,Beverages,2,8.99,GBP,C-0230,cash
O-902731,2026-09-15,S-01,SKU-1,Apple,Produce,11,1.50,USD,C-0231,card
O-902732,2026-09-16,S-02,SKU-2,Bread,Bakery,3,3.00,USD,C-0232,cash
O-902733,2026-09-17,S-03,SKU-3,Milk,Dairy,1,2.20,USD,C-0233,card
O-902734,2026-09-18,S-01,SKU-4,Eggs,Dairy,9,0.35,EUR,C-0234,cash
O-902735,2026-09-19,S-02,SKU-5,Coffee,Beverages,3,8.99,GBP,C-0235,card
O-902736,2026-09-20,S-03,SKU-1,Apple,Produce,7,1.50,USD,C-0236,cash
O-902737,2026-09-21,S-01,SKU-2,Bread,Bakery,11,3.00,USD,C-0237,card
O-902738,2026-09-22,S-02,SKU-3,Milk,Dairy,8,2.20,USD,C-0238,cash
O-902739,2026-09-23,S-03,SKU-4,Eggs,Dairy,8,0.35,EUR,C-0239,card
O-902740,bad-date,S-01,SKU-5,Coffee,Beverages,11,8.99,GBP,C-0240,cash
O-902741,2026-09-25,S-02,SKU-1,Apple,Produce,4,1.50,USD,C-0241,card
O-902742,2026-09-26,S-03,SKU-2,Bread,Bakery,5,3.00,USD,C-0242,cash
O-902743,2026-09-27,S-01,SKU-3,Milk,Dairy,6,2.20,USD,C-0243,card
O-902744,2026-09-28,S-02,SKU-4,Eggs,Dairy,5,0.35,EUR,C-0244,cash
O-902745,2026-09-01,S-03,SKU-5,Coffee,Beverages,11,8.99,GBP,C-0245,card
O-902746,2026-09-02,S-01,SKU-1,Apple,Produce,1,1.50,USD,C-0246,cash
O-902747,2026-09-03,S-02,SKU-2,Bread,Bakery,2,3.00,USD,C-0247,card
O-902748,2026-09-04,S-03,SKU-3,Milk,Dairy,11,2.20,USD,C-0248,cash
O-902749,2026-09-05,S-01,SKU-4,Eggs,Dairy,10,0.35,EUR,C-0249,card
O-902750,2026-09-06,S-02,SKU-5,Coffee,Beverages,4,8.99,GBP,C-0250,cash
O-902751,2026-09-07,S-03,SKU-1,Apple,Produce,9,1.50,USD,C-0251,card
O-902752,2026-09-08,S-01,SKU-2,Bread,Bakery,12,3.00,USD,C-0252,cash
O-902753,2026-09-09,S-02,SKU-3,Milk,Dairy,12,2.20,USD,C-0253,card
O-902754,2026-09-10,S-03,SKU-4,Eggs,Dairy,1,0.35,EUR,C-0254,cash
O-902755,2026-09-11,S-01,SKU-5,Coffee,Beverages,3,8.99,GBP,C-0255,card
O-902756,2026-09-12,S-02,SKU-1,Apple,Produce,7,1.50,USD,C-0256,cash
O-902757,2026-09-13,S-03,SKU-2,Bread,Bakery,3,3.00,USD,C-0257,card
O-902758,2026-09-14,S-01,SKU-3,Milk,Dairy,1,2.20,USD,C-0258,cash
O-902759,2026-09-15,S-02,SKU-4,Eggs,Dairy,7,0.35,EUR,C-0259,card
O-902760,2026-09-16,S-03,SKU-5,Coffee,Beverages,-3,8.99,GBP,C-0260,cash
O-902761,2026-09-17,S-01,SKU-1,Apple,Produce,3,1.50,USD,C-0261,card
O-902762,2026-09-18,S-02,SKU-2,Bread,Bakery,12,3.00,USD,C-0262,cash
O-902763,2026-09-19,S-03,SKU-3,Milk,Dairy,5,2.20,USD,C-0263,card
O-902764,2026-09-20,S-01,SKU-4,Eggs,Dairy,1,0.35,EUR,C-0264,cash
O-902765,2026-09-21,S-02,SKU-5,Coffee,Beverages,1,8.99,GBP,C-0265,card
O-902766,2026-09-22,S-03,SKU-1,Apple,Produce,5,1.50,USD,C-0266,cash
O-902767,2026-09-23,S-01,SKU-2,Bread,Bakery,10,3.00,USD,C-0267,card
O-902768,2026-09-24,S-02,SKU-3,Milk,Dairy,10,2.20,USD,C-0268,cash
O-902769,2026-09-25,S-03,SKU-4,Eggs,Dairy,2,0.35,EUR,C-0269,card
O-902770,2026-09-26,S-01,SKU-5,Coffee,Beverages,6,8.99,GBP,C-0270,cash
O-902771,2026-09-27,S-02,SKU-1,Apple,Produce,5,1.50,USD,C-0271,card
O-902772,2026-09-28,S-03,SKU-2,Bread,Bakery,8,3.00,USD,C-0272,cash
O-902773,2026-09-01,S-01,SKU-3,Milk,Dairy,11,2.20,USD,C-0273,card
O-902774,2026-09-02,S-02,SKU-4,Eggs,Dairy,9,0.35,EUR,C-0274,cash
O-902775,2026-09-03,S-03,SKU-5,Coffee,Beverages,9,8.99,GBP,C-0275,card
O-902776,2026-09-04,S-01,SKU-1,Apple,Produce,8,1.50,USD,C-0276,cash
O-902777,2026-09-05,S-02,SKU-2,Bread,Bakery,3,3.00,USD,C-0277,card
O-902778,2026-09-06,S-03,SKU-3,Milk,Dairy,9,2.20,USD,C-0278,cash
O-902779,2026-09-07,S-01,SKU-4,Eggs,Dairy,8,0.35,EUR,C-0279,card
O-902780,2026-09-08,S-02,SKU-999,Coffee,Beverages,5,8.99,GBP,C-0280,cash
O-902781,2026-09-09,S-03,SKU-1,Apple,Produce,4,1.50,USD,C-0281,card
O-902782,2026-09-10,S-01,SKU-2,Bread,Bakery,2,3.00,USD,C-0282,cash
O-902783,2026-09-11,S-02,SKU-3,Milk,Dairy,6,2.20,USD,C-0283,card
O-902784,2026-09-12,S-03,SKU-4,Eggs,Dairy,3,0.35,EUR,C-0284,cash
O-902785,2026-09-13,S-01,SKU-5,Coffee,Beverages,12,8.99,GBP,C-0285,card
O-902786,2026-09-14,S-02,SKU-1,Apple,Produce,8,1.50,USD,C-0286,cash
O-902787,2026-09-15,S-03,SKU-2,Bread,Bakery,11,3.00,USD,C-0287,card
O-902788,2026-09-16,S-01,SKU-3,Milk,Dairy,5,2.20,USD,C-0288,cash
O-902789,2026-09-17,S-02,SKU-4,Eggs,Dairy,12,0.35,EUR,C-0289,card
O-902790,2026-09-18,S-03,SKU-5,Coffee,Beverages,3,8.99,GBP,C-0290,cash
O-902791,2026-09-19,S-01,SKU-1,Apple,Produce,1,1.50,USD,C-0291,card
O-902792,2026-09-20,S-02,SKU-2,Bread,Bakery,12,3.00,USD,C-0292,cash
O-902793,2026-09-21,S-03,SKU-3,Milk,Dairy,6,2.20,USD,C-0293,card
O-902794,2026-09-22,S-01,SKU-4,Eggs,Dairy,5,0.35,EUR,C-0294,cash
O-902795,2026-09-23,S-02,SKU-5,Coffee,Beverages,10,8.99,GBP,C-0295,card
O-902796,2026-09-24,S-03,SKU-1,Apple,Produce,11,1.50,USD,C-0296,cash
O-902797,2026-09-25,S-01,SKU-2,Bread,Bakery,4,3.00,USD,C-0297,card
O-902798,2026-09-26,S-02,SKU-3,Milk,Dairy,3,2.20,USD,C-0298,cash
O-902799,2026-09-27,S-03,SKU-4,Eggs,Dairy,10,0.35,EUR,C-0299,card
O-902800,2026-09-28,S-01,SKU-5,Coffee,Beverages,11,,GBP,C-0300,cash
O-902801,2026-09-01,S-02,SKU-1,Apple,Produce,7,1.50,USD,C-0301,card
O-902802,2026-09-02,S-03,SKU-2,Bread,Bakery,7,3.00,USD,C-0302,cash
O-902803,2026-09-03,S-01,SKU-3,Milk,Dairy,9,2.20,USD,C-0303,card
O-902804,2026-09-04,S-02,SKU-4,Eggs,Dairy,6,0.35,EUR,C-0304,cash
O-902805,2026-09-05,S-03,SKU-5,Coffee,Beverages,2,8.99,GBP,C-0305,card
O-902806,2026-09-06,S-01,SKU-1,Apple,Produce,7,1.50,USD,C-0306,cash
O-902807,2026-09-07,S-02,SKU-2,Bread,Bakery,11,3.00,USD,C-0307,card
O-902808,2026-09-08,S-03,SKU-3,Milk,Dairy,2,2.20,USD,C-0308,cash
O-902809,2026-09-09,S-01,SKU-4,Eggs,Dairy,3,0.35,EUR,C-0309,card
O-902810,2026-09-10,S-02,SKU-5,Coffee,Beverages,3,8.99,GBP,C-0310,cash
O-902811,2026-09-11,S-03,SKU-1,Apple,Produce,8,1.50,USD,C-0311,card
O-902812,2026-09-12,S-01,SKU-2,Bread,Bakery,6,3.00,USD,C-0312,cash
O-902813,2026-09-13,S-02,SKU-3,Milk,Dairy,4,2.20,USD,C-0313,card
O-902814,2026-09-14,S-03,SKU-4,Eggs,Dairy,1,0.35,EUR,C-0314,cash
O-902815,2026-09-15,S-01,SKU-5,Coffee,Beverages,5,8.99,GBP,C-0315,card
O-902816,2026-09-16,S-02,SKU-1,Apple,Produce,7,1.50,USD,C-0316,cash
O-902817,2026-09-17,S-03,SKU-2,Bread,Bakery,4,3.00,USD,C-0317,card
O-902818,2026-09-18,S-01,SKU-3,Milk,Dairy,8,2.20,USD,C-0318,cash
O-902819,2026-09-19,S-02,SKU-4,Eggs,Dairy,5,0.35,EUR,C-0319,card
,2026-09-20,S-03,SKU-5,Coffee,Beverages,6,8.99,GBP,C-0320,cash
O-902821,2026-09-21,S-01,SKU-1,Apple,Produce,5,1.50,USD,C-0321,card
O-902822,2026-09-22,S-02,SKU-2,Bread,Bakery,10,3.00,USD,C-0322,cash
O-902823,2026-09-23,S-03,SKU-3,Milk,Dairy,12,2.20,USD,C-0323,card
O-902824,2026-09-24,S-01,SKU-4,Eggs,Dairy,10,0.35,EUR,C-0324,cash
O-902825,2026-09-25,S-02,SKU-5,Coffee,Beverages,1,8.99,GBP,C-0325,card
O-902826,2026-09-26,S-03,SKU-1,Apple,Produce,5,1.50,USD,C-0326,cash
O-902827,2026-09-27,S-01,SKU-2,Bread,Bakery,11,3.00,USD,C-0327,card
O-902828,2026-09-28,S-02,SKU-3,Milk,Dairy,6,2.20,USD,C-0328,cash
O-902829,2026-09-01,S-03,SKU-4,Eggs,Dairy,12,0.35,EUR,C-0329,card
O-902830,2026-09-02,S-01,SKU-5,Coffee,Beverages,4,8.99,GBP,C-0330,cash
O-902831,2026-09-03,S-02,SKU-1,Apple,Produce,1,1.50,USD,C-0331,card
O-902832,2026-09-04,S-03,SKU-2,Bread,Bakery,11,3.00,USD,C-0332,cash
O-902833,2026-09-05,S-01,SKU-3,Milk,Dairy,2,2.20,USD,C-0333,card
O-902834,2026-09-06,S-02,SKU-4,Eggs,Dairy,8,0.35,EUR,C-0334,cash
O-902835,2026-09-07,S-03,SKU-5,Coffee,Beverages,5,8.99,GBP,C-0335,card
O-902836,2026-09-08,S-01,SKU-1,Apple,Produce,3,1.50,USD,C-0336,cash
O-902837,2026-09-09,S-02,SKU-2,Bread,Bakery,7,3.00,USD,C-0337,card
O-902838,2026-09-10,S-03,SKU-3,Milk,Dairy,11,2.20,USD,C-0338,cash
O-902839,2026-09-11,S-01,SKU-4,Eggs,Dairy,9,0.35,EUR,C-0339,card
O-902840,2026-09-12,S-02,SKU-5,Coffee,Beverages,12,8.99,XYZ,C-0340,cash
O-902841,2026-09-13,S-03,SKU-1,Apple,Produce,5,1.50,USD,C-0341,card
O-902842,2026-09-14,S-01,SKU-2,Bread,Bakery,12,3.00,USD,C-0342,cash
O-902843,2026-09-15,S-02,SKU-3,Milk,Dairy,2,2.20,USD,C-0343,card
O-902844,2026-09-16,S-03,SKU-4,Eggs,Dairy,11,0.35,EUR,C-0344,cash
O-902845,2026-09-17,S-01,SKU-5,Coffee,Beverages,5,8.99,GBP,C-0345,card
O-902846,2026-09-18,S-02,SKU-1,Apple,Produce,6,1.50,USD,C-0346,cash
O-902847,2026-09-19,S-03,SKU-2,Bread,Bakery,10,3.00,USD,C-0347,card
O-902848,2026-09-20,S-01,SKU-3,Milk,Dairy,4,2.20,USD,C-0348,cash
O-902849,2026-09-21,S-02,SKU-4,Eggs,Dairy,4,0.35,EUR,C-0349,card
O-902850,2026-09-22,S-03,SKU-5,Coffee,Beverages,3,8.99,GBP,C-0350,cash
O-902851,2026-09-23,S-01,SKU-1,Apple,Produce,8,1.50,USD,C-0351,card
O-902852,2026-09-24,S-02,SKU-2,Bread,Bakery,3,3.00,USD,C-0352,cash
O-902853,2026-09-25,S-03,SKU-3,Milk,Dairy,8,2.20,USD,C-0353,card
O-902854,2026-09-26,S-01,SKU-4,Eggs,Dairy,12,0.35,EUR,C-0354,cash
O-902855,2026-09-27,S-02,SKU-5,Coffee,Beverages,10,8.99,GBP,C-0355,card
O-902856,2026-09-28,S-03,SKU-1,Apple,Produce,6,1.50,USD,C-0356,cash
O-902857,2026-09-01,S-01,SKU-2,Bread,Bakery,7,3.00,USD,C-0357,card
O-902858,2026-09-02,S-02,SKU-3,Milk,Dairy,12,2.20,USD,C-0358,cash
O-902859,2026-09-03,S-03,SKU-4,Eggs,Dairy,9,0.35,EUR,C-0359,card
O-902860,2026-09-04,S-01,SKU-5,Coffee,Beverages,8,8.99,GBP,C-0360,bitcoin
O-902861,2026-09-05,S-02,SKU-1,Apple,Produce,9,1.50,USD,C-0361,card
O-902862,2026-09-06,S-03,SKU-2,Bread,Bakery,11,3.00,USD,C-0362,cash
O-902863,2026-09-07,S-01,SKU-3,Milk,Dairy,4,2.20,USD,C-0363,card
O-902864,2026-09-08,S-02,SKU-4,Eggs,Dairy,4,0.35,EUR,C-0364,cash
O-902865,2026-09-09,S-03,SKU-5,Coffee,Beverages,11,8.99,GBP,C-0365,card
O-902866,2026-09-10,S-01,SKU-1,Apple,Produce,10,1.50,USD,C-0366,cash
O-902867,2026-09-11,S-02,SKU-2,Bread,Bakery,2,3.00,USD,C-0367,card
O-902868,2026-09-12,S-03,SKU-3,Milk,Dairy,9,2.20,USD,C-0368,cash
O-902869,2026-09-13,S-01,SKU-4,Eggs,Dairy,8,0.35,EUR,C-0369,card
O-902870,2026-09-14,S-02,SKU-5,Coffee,Beverages,9,8.99,GBP,C-0370,cash
O-902871,2026-09-15,S-03,SKU-1,Apple,Produce,12,1.50,USD,C-0371,card
O-902872,2026-09-16,S-01,SKU-2,Bread,Bakery,6,3.00,USD,C-0372,cash
O-902873,2026-09-17,S-02,SKU-3,Milk,Dairy,2,2.20,USD,C-0373,card
O-902874,2026-09-18,S-03,SKU-4,Eggs,Dairy,10,0.35,EUR,C-0374,cash
O-902875,2026-09-19,S-01,SKU-5,Coffee,Beverages,2,8.99,GBP,C-0375,card
O-902876,2026-09-20,S-02,SKU-1,Apple,Produce,1,1.50,USD,C-0376,cash
O-902877,2026-09-21,S-03,SKU-2,Bread,Bakery,9,3.00,USD,C-0377,card
O-902878,2026-09-22,S-01,SKU-3,Milk,Dairy,9,2.20,USD,C-0378,cash
O-902879,2026-09-23,S-02,SKU-4,Eggs,Dairy,4,0.35,EUR,C-0379,card
O-902880,2026-09-24,S-03,SKU-5,Coffee,Beverages,0,8.99,GBP,C-0380,cash
O-902881,2026-09-25,S-01,SKU-1,Apple,Produce,9,1.50,USD,C-0381,card
O-902882,2026-09-26,S-02,SKU-2,Bread,Bakery,3,3.00,USD,C-0382,cash
O-902883,2026-09-27,S-03,SKU-3,Milk,Dairy,3,2.20,USD,C-0383,card
O-902884,2026-09-28,S-01,SKU-4,Eggs,Dairy,6,0.35,EUR,C-0384,cash
O-902885,2026-09-01,S-02,SKU-5,Coffee,Beverages,9,8.99,GBP,C-0385,card
O-902886,2026-09-02,S-03,SKU-1,Apple,Produce,8,1.50,USD,C-0386,cash
O-902887,2026-09-03,S-01,SKU-2,Bread,Bakery,2,3.00,USD,C-0387,card
O-902888,2026-09-04,S-02,SKU-3,Milk,Dairy,11,2.20,USD,C-0388,cash
O-902889,2026-09-05,S-03,SKU-4,Eggs,Dairy,4,0.35,EUR,C-0389,card
O-902890,2026-09-06,S-01,SKU-5,Coffee,Beverages,12,8.99,GBP,C-0390,cash
O-902891,2026-09-07,S-02,SKU-1,Apple,Produce,10,1.50,USD,C-0391,card
O-902892,2026-09-08,S-03,SKU-2,Bread,Bakery,8,3.00,USD,C-0392,cash
O-902893,2026-09-09,S-01,SKU-3,Milk,Dairy,2,2.20,USD,C-0393,card
O-902894,2026-09-10,S-02,SKU-4,Eggs,Dairy,9,0.35,EUR,C-0394,cash
O-902895,2026-09-11,S-03,SKU-5,Coffee,Beverages,8,8.99,GBP,C-0395,card
O-902896,2026-09-12,S-01,SKU-1,Apple,Produce,1,1.50,USD,C-0396,cash
O-902897,2026-09-13,S-02,SKU-2,Bread,Bakery,8,3.00,USD,C-0397,card
O-902898,2026-09-14,S-03,SKU-3,Milk,Dairy,3,2.20,USD,C-0398,cash
O-902899,2026-09-15,S-01,SKU-4,Eggs,Dairy,9,0.35,EUR,C-0399,card
O-902900,bad-date,S-02,SKU-5,Coffee,Beverages,7,8.99,GBP,C-0400,cash
O-902901,2026-09-17,S-03,SKU-1,Apple,Produce,8,1.50,USD,C-0401,card
O-902902,2026-09-18,S-01,SKU-2,Bread,Bakery,10,3.00,USD,C-0402,cash
O-902903,2026-09-19,S-02,SKU-3,Milk,Dairy,1,2.20,USD,C-0403,card
O-902904,2026-09-20,S-03,SKU-4,Eggs,Dairy,9,0.35,EUR,C-0404,cash
O-902905,2026-09-21,S-01,SKU-5,Coffee,Beverages,8,8.99,GBP,C-0405,card
O-902906,2026-09-22,S-02,SKU-1,Apple,Produce,11,1.50,USD,C-0406,cash
O-902907,2026-09-23,S-03,SKU-2,Bread,Bakery,5,3.00,USD,C-0407,card
O-902908,2026-09-24,S-01,SKU-3,Milk,Dairy,12,2.20,USD,C-0408,cash
O-902909,2026-09-25,S-02,SKU-4,Eggs,Dairy,1,0.35,EUR,C-0409,card
O-902910,2026-09-26,S-03,SKU-5,Coffee,Beverages,7,8.99,GBP,C-0410,cash
O-902911,2026-09-27,S-01,SKU-1,Apple,Produce,5,1.50,USD,C-0411,card
O-902912,2026-09-28,S-02,SKU-2,Bread,Bakery,1,3.00,USD,C-0412,cash
O-902913,2026-09-01,S-03,SKU-3,Milk,Dairy,12,2.20,USD,C-0413,card
O-902914,2026-09-02,S-01,SKU-4,Eggs,Dairy,4,0.35,EUR,C-0414,cash
O-902915,2026-09-03,S-02,SKU-5,Coffee,Beverages,10,8.99,GBP,C-0415,card
O-902916,2026-09-04,S-03,SKU-1,Apple,Produce,2,1.50,USD,C-0416,cash
O-902917,2026-09-05,S-01,SKU-2,Bread,Bakery,1,3.00,USD,C-0417,card
O-902918,2026-09-06,S-02,SKU-3,Milk,Dairy,7,2.20,USD,C-0418,cash
O-902919,2026-09-07,S-03,SKU-4,Eggs,Dairy,6,0.35,EUR,C-0419,card
O-902920,2026-09-08,S-01,SKU-5,Coffee,Beverages,-3,8.99,GBP,C-0420,cash
O-902921,2026-09-09,S-02,SKU-1,Apple,Produce,2,1.50,USD,C-0421,card
O-902922,2026-09-10,S-03,SKU-2,Bread,Bakery,9,3.00,USD,C-0422,cash
O-902923,2026-09-11,S-01,SKU-3,Milk,Dairy,1,2.20,USD,C-0423,card
O-902924,2026-09-12,S-02,SKU-4,Eggs,Dairy,2,0.35,EUR,C-0424,cash
O-902925,2026-09-13,S-03,SKU-5,Coffee,Beverages,8,8.99,GBP,C-0425,card
O-902926,2026-09-14,S-01,SKU-1,Apple,Produce,1,1.50,USD,C-0426,cash
O-902927,2026-09-15,S-02,SKU-2,Bread,Bakery,5,3.00,USD,C-0427,card
O-902928,2026-09-16,S-03,SKU-3,Milk,Dairy,7,2.20,USD,C-0428,cash
O-902929,2026-09-17,S-01,SKU-4,Eggs,Dairy,3,0.35,EUR,C-0429,card
O-902930,2026-09-18,S-02,SKU-5,Coffee,Beverages,3,8.99,GBP,C-0430,cash
O-902931,2026-09-19,S-03,SKU-1,Apple,Produce,11,1.50,USD,C-0431,card
O-902932,2026-09-20,S-01,SKU-2,Bread,Bakery,12,3.00,USD,C-0432,cash
O-902933,2026-09-21,S-02,SKU-3,Milk,Dairy,11,2.20,USD,C-0433,card
O-902934,2026-09-22,S-03,SKU-4,Eggs,Dairy,7,0.35,EUR,C-0434,cash
O-902935,2026-09-23,S-01,SKU-5,Coffee,Beverages,6,8.99,GBP,C-0435,card
O-902936,2026-09-24,S-02,SKU-1,Apple,Produce,7,1.50,USD,C-0436,cash
O-902937,2026-09-25,S-03,SKU-2,Bread,Bakery,8,3.00,USD,C-0437,card
O-902938,2026-09-26,S-01,SKU-3,Milk,Dairy,7,2.20,USD,C-0438,cash
O-902939,2026-09-27,S-02,SKU-4,Eggs,Dairy,7,0.35,EUR,C-0439,card
O-902940,2026-09-28,S-03,SKU-999,Coffee,Beverages,2,8.99,GBP,C-0440,cash
O-902941,2026-09-01,S-01,SKU-1,Apple,Produce,11,1.50,USD,C-0441,card
O-902942,2026-09-02,S-02,SKU-2,Bread,Bakery,11,3.00,USD,C-0442,cash
O-902943,2026-09-03,S-03,SKU-3,Milk,Dairy,9,2.20,USD,C-0443,card
O-902944,2026-09-04,S-01,SKU-4,Eggs,Dairy,3,0.35,EUR,C-0444,cash
O-902945,2026-09-05,S-02,SKU-5,Coffee,Beverages,11,8.99,GBP,C-0445,card
O-902946,2026-09-06,S-03,SKU-1,Apple,Produce,6,1.50,USD,C-0446,cash
O-902947,2026-09-07,S-01,SKU-2,Bread,Bakery,2,3.00,USD,C-0447,card
O-902948,2026-09-08,S-02,SKU-3,Milk,Dairy,3,2.20,USD,C-0448,cash
O-902949,2026-09-09,S-03,SKU-4,Eggs,Dairy,9,0.35,EUR,C-0449,card
O-902950,2026-09-10,S-01,SKU-5,Coffee,Beverages,7,8.99,GBP,C-0450,cash
O-902951,2026-09-11,S-02,SKU-1,Apple,Produce,9,1.50,USD,C-0451,card
O-902952,2026-09-12,S-03,SKU-2,Bread,Bakery,3,3.00,USD,C-0452,cash
O-902953,2026-09-13,S-01,SKU-3,Milk,Dairy,12,2.20,USD,C-0453,card
O-902954,2026-09-14,S-02,SKU-4,Eggs,Dairy,4,0.35,EUR,C-0454,cash
O-902955,2026-09-15,S-03,SKU-5,Coffee,Beverages,1,8.99,GBP,C-0455,card
O-902956,2026-09-16,S-01,SKU-1,Apple,Produce,1,1.50,USD,C-0456,cash
O-902957,2026-09-17,S-02,SKU-2,Bread,Bakery,5,3.00,USD,C-0457,card
O-902958,2026-09-18,S-03,SKU-3,Milk,Dairy,8,2.20,USD,C-0458,cash
O-902959,2026-09-19,S-01,SKU-4,Eggs,Dairy,11,0.35,EUR,C-0459,card
O-902960,2026-09-20,S-02,SKU-5,Coffee,Beverages,12,,GBP,C-0460,cash
O-902961,2026-09-21,S-03,SKU-1,Apple,Produce,9,1.50,USD,C-0461,card
O-902962,2026-09-22,S-01,SKU-2,Bread,Bakery,7,3.00,USD,C-0462,cash
O-902963,2026-09-23,S-02,SKU-3,Milk,Dairy,9,2.20,USD,C-0463,card
O-902964,2026-09-24,S-03,SKU-4,Eggs,Dairy,7,0.35,EUR,C-0464,cash
O-902965,2026-09-25,S-01,SKU-5,Coffee,Beverages,4,8.99,GBP,C-0465,card
O-902966,2026-09-26,S-02,SKU-1,Apple,Produce,4,1.50,USD,C-0466,cash
O-902967,2026-09-27,S-03,SKU-2,Bread,Bakery,8,3.00,USD,C-0467,card
O-902968,2026-09-28,S-01,SKU-3,Milk,Dairy,6,2.20,USD,C-0468,cash
O-902969,2026-09-01,S-02,SKU-4,Eggs,Dairy,3,0.35,EUR,C-0469,card
O-902970,2026-09-02,S-03,SKU-5,Coffee,Beverages,5,8.99,GBP,C-0470,cash
O-902971,2026-09-03,S-01,SKU-1,Apple,Produce,4,1.50,USD,C-0471,card
O-902972,2026-09-04,S-02,SKU-2,Bread,Bakery,12,3.00,USD,C-0472,cash
O-902973,2026-09-05,S-03,SKU-3,Milk,Dairy,2,2.20,USD,C-0473,card
O-902974,2026-09-06,S-01,SKU-4,Eggs,Dairy,1,0.35,EUR,C-0474,cash
O-902975,2026-09-07,S-02,SKU-5,Coffee,Beverages,11,8.99,GBP,C-0475,card
O-902976,2026-09-08,S-03,SKU-1,Apple,Produce,7,1.50,USD,C-0476,cash
O-902977,2026-09-09,S-01,SKU-2,Bread,Bakery,10,3.00,USD,C-0477,card
O-902978,2026-09-10,S-02,SKU-3,Milk,Dairy,1,2.20,USD,C-0478,cash
O-902979,2026-09-11,S-03,SKU-4,Eggs,Dairy,4,0.35,EUR,C-0479,card
,2026-09-12,S-01,SKU-5,Coffee,Beverages,4,8.99,GBP,C-0480,cash
O-902981,2026-09-13,S-02,SKU-1,Apple,Produce,2,1.50,USD,C-0481,card
O-902982,2026-09-14,S-03,SKU-2,Bread,Bakery,2,3.00,USD,C-0482,cash
O-902983,2026-09-15,S-01,SKU-3,Milk,Dairy,10,2.20,USD,C-0483,card
O-902984,2026-09-16,S-02,SKU-4,Eggs,Dairy,1,0.35,EUR,C-0484,cash
O-902985,2026-09-17,S-03,SKU-5,Coffee,Beverages,8,8.99,GBP,C-0485,card
O-902986,2026-09-18,S-01,SKU-1,Apple,Produce,10,1.50,USD,C-0486,cash
O-902987,2026-09-19,S-02,SKU-2,Bread,Bakery,11,3.00,USD,C-0487,card
O-902988,2026-09-20,S-03,SKU-3,Milk,Dairy,12,2.20,USD,C-0488,cash
O-902989,2026-09-21,S-01,SKU-4,Eggs,Dairy,1,0.35,EUR,C-0489,card
O-902990,2026-09-22,S-02,SKU-5,Coffee,Beverages,4,8.99,GBP,C-0490,cash
O-902991,2026-09-23,S-03,SKU-1,Apple,Produce,12,1.50,USD,C-0491,card
O-902992,2026-09-24,S-01,SKU-2,Bread,Bakery,1,3.00,USD,C-0492,cash
O-902993,2026-09-25,S-02,SKU-3,Milk,Dairy,7,2.20,USD,C-0493,card
O-902994,2026-09-26,S-03,SKU-4,Eggs,Dairy,8,0.35,EUR,C-0494,cash
O-902995,2026-09-27,S-01,SKU-5,Coffee,Beverages,4,8.99,GBP,C-0495,card
O-902996,2026-09-28,S-02,SKU-1,Apple,Produce,9,1.50,USD,C-0496,cash
O-902997,2026-09-01,S-03,SKU-2,Bread,Bakery,4,3.00,USD,C-0497,card
O-902998,2026-09-02,S-01,SKU-3,Milk,Dairy,1,2.20,USD,C-0498,cash
O-902999,2026-09-03,S-02,SKU-4,Eggs,Dairy,3,0.35,EUR,C-0499,card
O-903000,2026-09-04,S-03,SKU-5,Coffee,Beverages,9,8.99,XYZ,C-0500,cash
O-903001,2026-09-05,S-01,SKU-1,Apple,Produce,5,1.50,USD,C-0001,card
O-903002,2026-09-06,S-02,SKU-2,Bread,Bakery,4,3.00,USD,C-0002,cash
O-903003,2026-09-07,S-03,SKU-3,Milk,Dairy,12,2.20,USD,C-0003,card
O-903004,2026-09-08,S-01,SKU-4,Eggs,Dairy,10,0.35,EUR,C-0004,cash
O-903005,2026-09-09,S-02,SKU-5,Coffee,Beverages,6,8.99,GBP,C-0005,card
O-903006,2026-09-10,S-03,SKU-1,Apple,Produce,10,1.50,USD,C-0006,cash
O-903007,2026-09-11,S-01,SKU-2,Bread,Bakery,10,3.00,USD,C-0007,card
O-903008,2026-09-12,S-02,SKU-3,Milk,Dairy,11,2.20,USD,C-0008,cash
O-903009,2026-09-13,S-03,SKU-4,Eggs,Dairy,6,0.35,EUR,C-0009,card
O-903010,2026-09-14,S-01,SKU-5,Coffee,Beverages,4,8.99,GBP,C-0010,cash
O-903011,2026-09-15,S-02,SKU-1,Apple,Produce,5,1.50,USD,C-0011,card
O-903012,2026-09-16,S-03,SKU-2,Bread,Bakery,3,3.00,USD,C-0012,cash
O-903013,2026-09-17,S-01,SKU-3,Milk,Dairy,11,2.20,USD,C-0013,card
O-903014,2026-09-18,S-02,SKU-4,Eggs,Dairy,9,0.35,EUR,C-0014,cash
O-903015,2026-09-19,S-03,SKU-5,Coffee,Beverages,4,8.99,GBP,C-0015,card
O-903016,2026-09-20,S-01,SKU-1,Apple,Produce,7,1.50,USD,C-0016,cash
O-903017,2026-09-21,S-02,SKU-2,Bread,Bakery,5,3.00,USD,C-0017,card
O-903018,2026-09-22,S-03,SKU-3,Milk,Dairy,5,2.20,USD,C-0018,cash
O-903019,2026-09-23,S-01,SKU-4,Eggs,Dairy,1,0.35,EUR,C-0019,card
O-903020,2026-09-24,S-02,SKU-5,Coffee,Beverages,9,8.99,GBP,C-0020,bitcoin
O-903021,2026-09-25,S-03,SKU-1,Apple,Produce,10,1.50,USD,C-0021,card
O-903022,2026-09-26,S-01,SKU-2,Bread,Bakery,12,3.00,USD,C-0022,cash
O-903023,2026-09-27,S-02,SKU-3,Milk,Dairy,3,2.20,USD,C-0023,card
O-903024,2026-09-28,S-03,SKU-4,Eggs,Dairy,11,0.35,EUR,C-0024,cash
O-903025,2026-09-01,S-01,SKU-5,Coffee,Beverages,11,8.99,GBP,C-0025,card
O-903026,2026-09-02,S-02,SKU-1,Apple,Produce,7,1.50,USD,C-0026,cash
O-903027,2026-09-03,S-03,SKU-2,Bread,Bakery,9,3.00,USD,C-0027,card
O-903028,2026-09-04,S-01,SKU-3,Milk,Dairy,8,2.20,USD,C-0028,cash
O-903029,2026-09-05,S-02,SKU-4,Eggs,Dairy,1,0.35,EUR,C-0029,card
O-903030,2026-09-06,S-03,SKU-5,Coffee,Beverages,6,8.99,GBP,C-0030,cash
O-903031,2026-09-07,S-01,SKU-1,Apple,Produce,11,1.50,USD,C-0031,card
O-903032,2026-09-08,S-02,SKU-2,Bread,Bakery,11,3.00,USD,C-0032,cash
O-903033,2026-09-09,S-03,SKU-3,Milk,Dairy,7,2.20,USD,C-0033,card
O-903034,2026-09-10,S-01,SKU-4,Eggs,Dairy,9,0.35,EUR,C-0034,cash
O-903035,2026-09-11,S-02,SKU-5,Coffee,Beverages,6,8.99,GBP,C-0035,card
O-903036,2026-09-12,S-03,SKU-1,Apple,Produce,12,1.50,USD,C-0036,cash
O-903037,2026-09-13,S-01,SKU-2,Bread,Bakery,7,3.00,USD,C-0037,card
O-903038,2026-09-14,S-02,SKU-3,Milk,Dairy,7,2.20,USD,C-0038,cash
O-903039,2026-09-15,S-03,SKU-4,Eggs,Dairy,3,0.35,EUR,C-0039,card
O-903040,2026-09-16,S-01,SKU-5,Coffee,Beverages,0,8.99,GBP,C-0040,cash
O-903041,2026-09-17,S-02,SKU-1,Apple,Produce,7,1.50,USD,C-0041,card
O-903042,2026-09-18,S-03,SKU-2,Bread,Bakery,3,3.00,USD,C-0042,cash
O-903043,2026-09-19,S-01,SKU-3,Milk,Dairy,9,2.20,USD,C-0043,card
O-903044,2026-09-20,S-02,SKU-4,Eggs,Dairy,8,0.35,EUR,C-0044,cash
O-903045,2026-09-21,S-03,SKU-5,Coffee,Beverages,4,8.99,GBP,C-0045,card
O-903046,2026-09-22,S-01,SKU-1,Apple,Produce,4,1.50,USD,C-0046,cash
O-903047,2026-09-23,S-02,SKU-2,Bread,Bakery,5,3.00,USD,C-0047,card
O-903048,2026-09-24,S-03,SKU-3,Milk,Dairy,12,2.20,USD,C-0048,cash
O-903049,2026-09-25,S-01,SKU-4,Eggs,Dairy,3,0.35,EUR,C-0049,card
O-903050,2026-09-26,S-02,SKU-5,Coffee,Beverages,8,8.99,GBP,C-0050,cash
O-903051,2026-09-27,S-03,SKU-1,Apple,Produce,1,1.50,USD,C-0051,card
O-903052,2026-09-28,S-01,SKU-2,Bread,Bakery,9,3.00,USD,C-0052,cash
O-903053,2026-09-01,S-02,SKU-3,Milk,Dairy,7,2.20,USD,C-0053,card
O-903054,2026-09-02,S-03,SKU-4,Eggs,Dairy,7,0.35,EUR,C-0054,cash
O-903055,2026-09-03,S-01,SKU-5,Coffee,Beverages,9,8.99,GBP,C-0055,card
O-903056,2026-09-04,S-02,SKU-1,Apple,Produce,9,1.50,USD,C-0056,cash
O-903057,2026-09-05,S-03,SKU-2,Bread,Bakery,3,3.00,USD,C-0057,card
O-903058,2026-09-06,S-01,SKU-3,Milk,Dairy,7,2.20,USD,C-0058,cash
O-903059,2026-09-07,S-02,SKU-4,Eggs,Dairy,4,0.35,EUR,C-0059,card
O-903060,bad-date,S-03,SKU-5,Coffee,Beverages,5,8.99,GBP,C-0060,cash
O-903061,2026-09-09,S-01,SKU-1,Apple,Produce,4,1.50,USD,C-0061,card
O-903062,2026-09-10,S-02,SKU-2,Bread,Bakery,6,3.00,USD,C-0062,cash
O-903063,2026-09-11,S-03,SKU-3,Milk,Dairy,11,2.20,USD,C-0063,card
O-903064,2026-09-12,S-01,SKU-4,Eggs,Dairy,2,0.35,EUR,C-0064,cash
O-903065,2026-09-13,S-02,SKU-5,Coffee,Beverages,8,8.99,GBP,C-0065,card
O-903066,2026-09-14,S-03,SKU-1,Apple,Produce,6,1.50,USD,C-0066,cash
O-903067,2026-09-15,S-01,SKU-2,Bread,Bakery,2,3.00,USD,C-0067,card
O-903068,2026-09-16,S-02,SKU-3,Milk,Dairy,9,2.20,USD,C-0068,cash
O-903069,2026-09-17,S-03,SKU-4,Eggs,Dairy,12,0.35,EUR,C-0069,card
O-903070,2026-09-18,S-01,SKU-5,Coffee,Beverages,4,8.99,GBP,C-0070,cash
O-903071,2026-09-19,S-02,SKU-1,Apple,Produce,1,1.50,USD,C-0071,card
O-903072,2026-09-20,S-03,SKU-2,Bread,Bakery,5,3.00,USD,C-0072,cash
O-903073,2026-09-21,S-01,SKU-3,Milk,Dairy,7,2.20,USD,C-0073,card
O-903074,2026-09-22,S-02,SKU-4,Eggs,Dairy,11,0.35,EUR,C-0074,cash
O-903075,2026-09-23,S-03,SKU-5,Coffee,Beverages,10,8.99,GBP,C-0075,card
O-903076,2026-09-24,S-01,SKU-1,Apple,Produce,10,1.50,USD,C-0076,cash
O-903077,2026-09-25,S-02,SKU-2,Bread,Bakery,1,3.00,USD,C-0077,card
O-903078,2026-09-26,S-03,SKU-3,Milk,Dairy,2,2.20,USD,C-0078,cash
O-903079,2026-09-27,S-01,SKU-4,Eggs,Dairy,4,0.35,EUR,C-0079,card
O-903080,2026-09-28,S-02,SKU-5,Coffee,Beverages,-3,8.99,GBP,C-0080,cash
O-903081,2026-09-01,S-03,SKU-1,Apple,Produce,12,1.50,USD,C-0081,card
O-903082,2026-09-02,S-01,SKU-2,Bread,Bakery,11,3.00,USD,C-0082,cash
O-903083,2026-09-03,S-02,SKU-3,Milk,Dairy,9,2.20,USD,C-0083,card
O-903084,2026-09-04,S-03,SKU-4,Eggs,Dairy,4,0.35,EUR,C-0084,cash
O-903085,2026-09-05,S-01,SKU-5,Coffee,Beverages,8,8.99,GBP,C-0085,card
O-903086,2026-09-06,S-02,SKU-1,Apple,Produce,4,1.50,USD,C-0086,cash
O-903087,2026-09-07,S-03,SKU-2,Bread,Bakery,6,3.00,USD,C-0087,card
O-903088,2026-09-08,S-01,SKU-3,Milk,Dairy,5,2.20,USD,C-0088,cash
O-903089,2026-09-09,S-02,SKU-4,Eggs,Dairy,1,0.35,EUR,C-0089,card
O-903090,2026-09-10,S-03,SKU-5,Coffee,Beverages,4,8.99,GBP,C-0090,cash
O-903091,2026-09-11,S-01,SKU-1,Apple,Produce,4,1.50,USD,C-0091,card
O-903092,2026-09-12,S-02,SKU-2,Bread,Bakery,12,3.00,USD,C-0092,cash
O-903093,2026-09-13,S-03,SKU-3,Milk,Dairy,2,2.20,USD,C-0093,card
O-903094,2026-09-14,S-01,SKU-4,Eggs,Dairy,12,0.35,EUR,C-0094,cash
O-903095,2026-09-15,S-02,SKU-5,Coffee,Beverages,8,8.99,GBP,C-0095,card
O-903096,2026-09-16,S-03,SKU-1,Apple,Produce,4,1.50,USD,C-0096,cash
O-903097,2026-09-17,S-01,SKU-2,Bread,Bakery,12,3.00,USD,C-0097,card
O-903098,2026-09-18,S-02,SKU-3,Milk,Dairy,10,2.20,USD,C-0098,cash
O-903099,2026-09-19,S-03,SKU-4,Eggs,Dairy,12,0.35,EUR,C-0099,card
O-903100,2026-09-20,S-01,SKU-999,Coffee,Beverages,4,8.99,GBP,C-0100,cash
O-903101,2026-09-21,S-02,SKU-1,Apple,Produce,7,1.50,USD,C-0101,card
O-903102,2026-09-22,S-03,SKU-2,Bread,Bakery,4,3.00,USD,C-0102,cash
O-903103,2026-09-23,S-01,SKU-3,Milk,Dairy,9,2.20,USD,C-0103,card
O-903104,2026-09-24,S-02,SKU-4,Eggs,Dairy,6,0.35,EUR,C-0104,cash
O-903105,2026-09-25,S-03,SKU-5,Coffee,Beverages,5,8.99,GBP,C-0105,card
O-903106,2026-09-26,S-01,SKU-1,Apple,Produce,7,1.50,USD,C-0106,cash
O-903107,2026-09-27,S-02,SKU-2,Bread,Bakery,8,3.00,USD,C-0107,card
O-903108,2026-09-28,S-03,SKU-3,Milk,Dairy,9,2.20,USD,C-0108,cash
O-903109,2026-09-01,S-01,SKU-4,Eggs,Dairy,11,0.35,EUR,C-0109,card
O-903110,2026-09-02,S-02,SKU-5,Coffee,Beverages,6,8.99,GBP,C-0110,cash
O-903111,2026-09-03,S-03,SKU-1,Apple,Produce,5,1.50,USD,C-0111,card
O-903112,2026-09-04,S-01,SKU-2,Bread,Bakery,5,3.00,USD,C-0112,cash
O-903113,2026-09-05,S-02,SKU-3,Milk,Dairy,6,2.20,USD,C-0113,card
O-903114,2026-09-06,S-03,SKU-4,Eggs,Dairy,9,0.35,EUR,C-0114,cash
O-903115,2026-09-07,S-01,SKU-5,Coffee,Beverages,8,8.99,GBP,C-0115,card
O-903116,2026-09-08,S-02,SKU-1,Apple,Produce,8,1.50,USD,C-0116,cash
O-903117,2026-09-09,S-03,SKU-2,Bread,Bakery,2,3.00,USD,C-0117,card
O-903118,2026-09-10,S-01,SKU-3,Milk,Dairy,12,2.20,USD,C-0118,cash
O-903119,2026-09-11,S-02,SKU-4,Eggs,Dairy,8,0.35,EUR,C-0119,card
O-903120,2026-09-12,S-03,SKU-5,Coffee,Beverages,6,,GBP,C-0120,cash
O-903121,2026-09-13,S-01,SKU-1,Apple,Produce,4,1.50,USD,C-0121,card
O-903122,2026-09-14,S-02,SKU-2,Bread,Bakery,6,3.00,USD,C-0122,cash
O-903123,2026-09-15,S-03,SKU-3,Milk,Dairy,6,2.20,USD,C-0123,card
O-903124,2026-09-16,S-01,SKU-4,Eggs,Dairy,7,0.35,EUR,C-0124,cash
O-903125,2026-09-17,S-02,SKU-5,Coffee,Beverages,1,8.99,GBP,C-0125,card
O-903126,2026-09-18,S-03,SKU-1,Apple,Produce,10,1.50,USD,C-0126,cash
O-903127,2026-09-19,S-01,SKU-2,Bread,Bakery,4,3.00,USD,C-0127,card
O-903128,2026-09-20,S-02,SKU-3,Milk,Dairy,12,2.20,USD,C-0128,cash
O-903129,2026-09-21,S-03,SKU-4,Eggs,Dairy,3,0.35,EUR,C-0129,card
O-903130,2026-09-22,S-01,SKU-5,Coffee,Beverages,1,8.99,GBP,C-0130,cash
O-903131,2026-09-23,S-02,SKU-1,Apple,Produce,5,1.50,USD,C-0131,card
O-903132,2026-09-24,S-03,SKU-2,Bread,Bakery,9,3.00,USD,C-0132,cash
O-903133,2026-09-25,S-01,SKU-3,Milk,Dairy,10,2.20,USD,C-0133,card
O-903134,2026-09-26,S-02,SKU-4,Eggs,Dairy,10,0.35,EUR,C-0134,cash
O-903135,2026-09-27,S-03,SKU-5,Coffee,Beverages,12,8.99,GBP,C-0135,card
O-903136,2026-09-28,S-01,SKU-1,Apple,Produce,7,1.50,USD,C-0136,cash
O-903137,2026-09-01,S-02,SKU-2,Bread,Bakery,5,3.00,USD,C-0137,card
O-903138,2026-09-02,S-03,SKU-3,Milk,Dairy,3,2.20,USD,C-0138,cash
O-903139,2026-09-03,S-01,SKU-4,Eggs,Dairy,4,0.35,EUR,C-0139,card
,2026-09-04,S-02,SKU-5,Coffee,Beverages,6,8.99,GBP,C-0140,cash
O-903141,2026-09-05,S-03,SKU-1,Apple,Produce,4,1.50,USD,C-0141,card
O-903142,2026-09-06,S-01,SKU-2,Bread,Bakery,7,3.00,USD,C-0142,cash
O-903143,2026-09-07,S-02,SKU-3,Milk,Dairy,10,2.20,USD,C-0143,card
O-903144,2026-09-08,S-03,SKU-4,Eggs,Dairy,4,0.35,EUR,C-0144,cash
O-903145,2026-09-09,S-01,SKU-5,Coffee,Beverages,8,8.99,GBP,C-0145,card
O-903146,2026-09-10,S-02,SKU-1,Apple,Produce,9,1.50,USD,C-0146,cash
O-903147,2026-09-11,S-03,SKU-2,Bread,Bakery,11,3.00,USD,C-0147,card
O-903148,2026-09-12,S-01,SKU-3,Milk,Dairy,11,2.20,USD,C-0148,cash
O-903149,2026-09-13,S-02,SKU-4,Eggs,Dairy,6,0.35,EUR,C-0149,card
O-903150,2026-09-14,S-03,SKU-5,Coffee,Beverages,5,8.99,GBP,C-0150,cash
O-903151,2026-09-15,S-01,SKU-1,Apple,Produce,8,1.50,USD,C-0151,card
O-903152,2026-09-16,S-02,SKU-2,Bread,Bakery,12,3.00,USD,C-0152,cash
O-903153,2026-09-17,S-03,SKU-3,Milk,Dairy,11,2.20,USD,C-0153,card
O-903154,2026-09-18,S-01,SKU-4,Eggs,Dairy,12,0.35,EUR,C-0154,cash
O-903155,2026-09-19,S-02,SKU-5,Coffee,Beverages,8,8.99,GBP,C-0155,card
O-903156,2026-09-20,S-03,SKU-1,Apple,Produce,8,1.50,USD,C-0156,cash
O-903157,2026-09-21,S-01,SKU-2,Bread,Bakery,3,3.00,USD,C-0157,card
O-903158,2026-09-22,S-02,SKU-3,Milk,Dairy,12,2.20,USD,C-0158,cash
O-903159,2026-09-23,S-03,SKU-4,Eggs,Dairy,6,0.35,EUR,C-0159,card
O-903160,2026-09-24,S-01,SKU-5,Coffee,Beverages,3,8.99,XYZ,C-0160,cash
O-903161,2026-09-25,S-02,SKU-1,Apple,Produce,3,1.50,USD,C-0161,card
O-903162,2026-09-26,S-03,SKU-2,Bread,Bakery,12,3.00,USD,C-0162,cash
O-903163,2026-09-27,S-01,SKU-3,Milk,Dairy,9,2.20,USD,C-0163,card
O-903164,2026-09-28,S-02,SKU-4,Eggs,Dairy,8,0.35,EUR,C-0164,cash
O-903165,2026-09-01,S-03,SKU-5,Coffee,Beverages,3,8.99,GBP,C-0165,card
O-903166,2026-09-02,S-01,SKU-1,Apple,Produce,9,1.50,USD,C-0166,cash
O-903167,2026-09-03,S-02,SKU-2,Bread,Bakery,11,3.00,USD,C-0167,card
O-903168,2026-09-04,S-03,SKU-3,Milk,Dairy,1,2.20,USD,C-0168,cash
O-903169,2026-09-05,S-01,SKU-4,Eggs,Dairy,9,0.35,EUR,C-0169,card
O-903170,2026-09-06,S-02,SKU-5,Coffee,Beverages,1,8.99,GBP,C-0170,cash
O-903171,2026-09-07,S-03,SKU-1,Apple,Produce,2,1.50,USD,C-0171,card
O-903172,2026-09-08,S-01,SKU-2,Bread,Bakery,11,3.00,USD,C-0172,cash
O-903173,2026-09-09,S-02,SKU-3,Milk,Dairy,1,2.20,USD,C-0173,card
O-903174,2026-09-10,S-03,SKU-4,Eggs,Dairy,1,0.35,EUR,C-0174,cash
O-903175,2026-09-11,S-01,SKU-5,Coffee,Beverages,7,8.99,GBP,C-0175,card
O-903176,2026-09-12,S-02,SKU-1,Apple,Produce,3,1.50,USD,C-0176,cash
O-903177,2026-09-13,S-03,SKU-2,Bread,Bakery,11,3.00,USD,C-0177,card
O-903178,2026-09-14,S-01,SKU-3,Milk,Dairy,4,2.20,USD,C-0178,cash
O-903179,2026-09-15,S-02,SKU-4,Eggs,Dairy,2,0.35,EUR,C-0179,card
O-903180,2026-09-16,S-03,SKU-5,Coffee,Beverages,12,8.99,GBP,C-0180,bitcoin
O-903181,2026-09-17,S-01,SKU-1,Apple,Produce,3,1.50,USD,C-0181,card
O-903182,2026-09-18,S-02,SKU-2,Bread,Bakery,1,3.00,USD,C-0182,cash
O-903183,2026-09-19,S-03,SKU-3,Milk,Dairy,4,2.20,USD,C-0183,card
O-903184,2026-09-20,S-01,SKU-4,Eggs,Dairy,9,0.35,EUR,C-0184,cash
O-903185,2026-09-21,S-02,SKU-5,Coffee,Beverages,8,8.99,GBP,C-0185,card
O-903186,2026-09-22,S-03,SKU-1,Apple,Produce,6,1.50,USD,C-0186,cash
O-903187,2026-09-23,S-01,SKU-2,Bread,Bakery,1,3.00,USD,C-0187,card
O-903188,2026-09-24,S-02,SKU-3,Milk,Dairy,10,2.20,USD,C-0188,cash
O-903189,2026-09-25,S-03,SKU-4,Eggs,Dairy,11,0.35,EUR,C-0189,card
O-903190,2026-09-26,S-01,SKU-5,Coffee,Beverages,11,8.99,GBP,C-0190,cash
O-903191,2026-09-27,S-02,SKU-1,Apple,Produce,10,1.50,USD,C-0191,card
O-903192,2026-09-28,S-03,SKU-2,Bread,Bakery,8,3.00,USD,C-0192,cash
O-903193,2026-09-01,S-01,SKU-3,Milk,Dairy,11,2.20,USD,C-0193,card
O-903194,2026-09-02,S-02,SKU-4,Eggs,Dairy,8,0.35,EUR,C-0194,cash
O-903195,2026-09-03,S-03,SKU-5,Coffee,Beverages,1,8.99,GBP,C-0195,card
O-903196,2026-09-04,S-01,SKU-1,Apple,Produce,1,1.50,USD,C-0196,cash
O-903197,2026-09-05,S-02,SKU-2,Bread,Bakery,9,3.00,USD,C-0197,card
O-903198,2026-09-06,S-03,SKU-3,Milk,Dairy,9,2.20,USD,C-0198,cash
O-903199,2026-09-07,S-01,SKU-4,Eggs,Dairy,7,0.35,EUR,C-0199,card
O-903200,2026-09-08,S-02,SKU-5,Coffee,Beverages,0,8.99,GBP,C-0200,cash
O-903201,2026-09-09,S-03,SKU-1,Apple,Produce,1,1.50,USD,C-0201,card
O-903202,2026-09-10,S-01,SKU-2,Bread,Bakery,9,3.00,USD,C-0202,cash
O-903203,2026-09-11,S-02,SKU-3,Milk,Dairy,12,2.20,USD,C-0203,card
O-903204,2026-09-12,S-03,SKU-4,Eggs,Dairy,5,0.35,EUR,C-0204,cash
O-903205,2026-09-13,S-01,SKU-5,Coffee,Beverages,9,8.99,GBP,C-0205,card
O-903206,2026-09-14,S-02,SKU-1,Apple,Produce,5,1.50,USD,C-0206,cash
O-903207,2026-09-15,S-03,SKU-2,Bread,Bakery,1,3.00,USD,C-0207,card
O-903208,2026-09-16,S-01,SKU-3,Milk,Dairy,9,2.20,USD,C-0208,cash
O-903209,2026-09-17,S-02,SKU-4,Eggs,Dairy,12,0.35,EUR,C-0209,card
O-903210,2026-09-18,S-03,SKU-5,Coffee,Beverages,11,8.99,GBP,C-0210,cash
O-903211,2026-09-19,S-01,SKU-1,Apple,Produce,7,1.50,USD,C-0211,card
O-903212,2026-09-20,S-02,SKU-2,Bread,Bakery,3,3.00,USD,C-0212,cash
O-903213,2026-09-21,S-03,SKU-3,Milk,Dairy,2,2.20,USD,C-0213,card
O-903214,2026-09-22,S-01,SKU-4,Eggs,Dairy,2,0.35,EUR,C-0214,cash
O-903215,2026-09-23,S-02,SKU-5,Coffee,Beverages,9,8.99,GBP,C-0215,card
O-903216,2026-09-24,S-03,SKU-1,Apple,Produce,3,1.50,USD,C-0216,cash
O-903217,2026-09-25,S-01,SKU-2,Bread,Bakery,4,3.00,USD,C-0217,card
O-903218,2026-09-26,S-02,SKU-3,Milk,Dairy,4,2.20,USD,C-0218,cash
O-903219,2026-09-27,S-03,SKU-4,Eggs,Dairy,10,0.35,EUR,C-0219,card
O-903220,bad-date,S-01,SKU-5,Coffee,Beverages,9,8.99,GBP,C-0220,cash
O-903221,2026-09-01,S-02,SKU-1,Apple,Produce,5,1.50,USD,C-0221,card
O-903222,2026-09-02,S-03,SKU-2,Bread,Bakery,6,3.00,USD,C-0222,cash
O-903223,2026-09-03,S-01,SKU-3,Milk,Dairy,5,2.20,USD,C-0223,card
O-903224,2026-09-04,S-02,SKU-4,Eggs,Dairy,7,0.35,EUR,C-0224,cash
O-903225,2026-09-05,S-03,SKU-5,Coffee,Beverages,2,8.99,GBP,C-0225,card
O-903226,2026-09-06,S-01,SKU-1,Apple,Produce,6,1.50,USD,C-0226,cash
O-903227,2026-09-07,S-02,SKU-2,Bread,Bakery,7,3.00,USD,C-0227,card
O-903228,2026-09-08,S-03,SKU-3,Milk,Dairy,8,2.20,USD,C-0228,cash
O-903229,2026-09-09,S-01,SKU-4,Eggs,Dairy,10,0.35,EUR,C-0229,card
O-903230,2026-09-10,S-02,SKU-5,Coffee,Beverages,4,8.99,GBP,C-0230,cash
O-903231,2026-09-11,S-03,SKU-1,Apple,Produce,12,1.50,USD,C-0231,card
O-903232,2026-09-12,S-01,SKU-2,Bread,Bakery,4,3.00,USD,C-0232,cash
O-903233,2026-09-13,S-02,SKU-3,Milk,Dairy,5,2.20,USD,C-0233,card
O-903234,2026-09-14,S-03,SKU-4,Eggs,Dairy,11,0.35,EUR,C-0234,cash
O-903235,2026-09-15,S-01,SKU-5,Coffee,Beverages,2,8.99,GBP,C-0235,card
O-903236,2026-09-16,S-02,SKU-1,Apple,Produce,11,1.50,USD,C-0236,cash
O-903237,2026-09-17,S-03,SKU-2,Bread,Bakery,11,3.00,USD,C-0237,card
O-903238,2026-09-18,S-01,SKU-3,Milk,Dairy,1,2.20,USD,C-0238,cash
O-903239,2026-09-19,S-02,SKU-4,Eggs,Dairy,2,0.35,EUR,C-0239,card
O-903240,2026-09-20,S-03,SKU-5,Coffee,Beverages,-3,8.99,GBP,C-0240,cash
O-903241,2026-09-21,S-01,SKU-1,Apple,Produce,7,1.50,USD,C-0241,card
O-903242,2026-09-22,S-02,SKU-2,Bread,Bakery,7,3.00,USD,C-0242,cash
O-903243,2026-09-23,S-03,SKU-3,Milk,Dairy,9,2.20,USD,C-0243,card
O-903244,2026-09-24,S-01,SKU-4,Eggs,Dairy,8,0.35,EUR,C-0244,cash
O-903245,2026-09-25,S-02,SKU-5,Coffee,Beverages,1,8.99,GBP,C-0245,card
O-903246,2026-09-26,S-03,SKU-1,Apple,Produce,11,1.50,USD,C-0246,cash
O-903247,2026-09-27,S-01,SKU-2,Bread,Bakery,1,3.00,USD,C-0247,card
O-903248,2026-09-28,S-02,SKU-3,Milk,Dairy,12,2.20,USD,C-0248,cash
O-903249,2026-09-01,S-03,SKU-4,Eggs,Dairy,3,0.35,EUR,C-0249,card
O-903250,2026-09-02,S-01,SKU-5,Coffee,Beverages,2,8.99,GBP,C-0250,cash
O-903251,2026-09-03,S-02,SKU-1,Apple,Produce,8,1.50,USD,C-0251,card
O-903252,2026-09-04,S-03,SKU-2,Bread,Bakery,7,3.00,USD,C-0252,cash
O-903253,2026-09-05,S-01,SKU-3,Milk,Dairy,11,2.20,USD,C-0253,card
O-903254,2026-09-06,S-02,SKU-4,Eggs,Dairy,6,0.35,EUR,C-0254,cash
O-903255,2026-09-07,S-03,SKU-5,Coffee,Beverages,10,8.99,GBP,C-0255,card
O-903256,2026-09-08,S-01,SKU-1,Apple,Produce,2,1.50,USD,C-0256,cash
O-903257,2026-09-09,S-02,SKU-2,Bread,Bakery,9,3.00,USD,C-0257,card
O-903258,2026-09-10,S-03,SKU-3,Milk,Dairy,1,2.20,USD,C-0258,cash
O-903259,2026-09-11,S-01,SKU-4,Eggs,Dairy,4,0.35,EUR,C-0259,card
O-903260,2026-09-12,S-02,SKU-999,Coffee,Beverages,4,8.99,GBP,C-0260,cash
O-903261,2026-09-13,S-03,SKU-1,Apple,Produce,12,1.50,USD,C-0261,card
O-903262,2026-09-14,S-01,SKU-2,Bread,Bakery,10,3.00,USD,C-0262,cash
O-903263,2026-09-15,S-02,SKU-3,Milk,Dairy,8,2.20,USD,C-0263,card
O-903264,2026-09-16,S-03,SKU-4,Eggs,Dairy,5,0.35,EUR,C-0264,cash
O-903265,2026-09-17,S-01,SKU-5,Coffee,Beverages,1,8.99,GBP,C-0265,card
O-903266,2026-09-18,S-02,SKU-1,Apple,Produce,2,1.50,USD,C-0266,cash
O-903267,2026-09-19,S-03,SKU-2,Bread,Bakery,11,3.00,USD,C-0267,card
O-903268,2026-09-20,S-01,SKU-3,Milk,Dairy,5,2.20,USD,C-0268,cash
O-903269,2026-09-21,S-02,SKU-4,Eggs,Dairy,9,0.35,EUR,C-0269,card
O-903270,2026-09-22,S-03,SKU-5,Coffee,Beverages,10,8.99,GBP,C-0270,cash
O-903271,2026-09-23,S-01,SKU-1,Apple,Produce,11,1.50,USD,C-0271,card
O-903272,2026-09-24,S-02,SKU-2,Bread,Bakery,1,3.00,USD,C-0272,cash
O-903273,2026-09-25,S-03,SKU-3,Milk,Dairy,3,2.20,USD,C-0273,card
O-903274,2026-09-26,S-01,SKU-4,Eggs,Dairy,6,0.35,EUR,C-0274,cash
O-903275,2026-09-27,S-02,SKU-5,Coffee,Beverages,1,8.99,GBP,C-0275,card
O-903276,2026-09-28,S-03,SKU-1,Apple,Produce,4,1.50,USD,C-0276,cash
O-903277,2026-09-01,S-01,SKU-2,Bread,Bakery,10,3.00,USD,C-0277,card
O-903278,2026-09-02,S-02,SKU-3,Milk,Dairy,3,2.20,USD,C-0278,cash
O-903279,2026-09-03,S-03,SKU-4,Eggs,Dairy,12,0.35,EUR,C-0279,card
O-903280,2026-09-04,S-01,SKU-5,Coffee,Beverages,7,,GBP,C-0280,cash
O-903281,2026-09-05,S-02,SKU-1,Apple,Produce,2,1.50,USD,C-0281,card
O-903282,2026-09-06,S-03,SKU-2,Bread,Bakery,5,3.00,USD,C-0282,cash
O-903283,2026-09-07,S-01,SKU-3,Milk,Dairy,3,2.20,USD,C-0283,card
O-903284,2026-09-08,S-02,SKU-4,Eggs,Dairy,10,0.35,EUR,C-0284,cash
O-903285,2026-09-09,S-03,SKU-5,Coffee,Beverages,4,8.99,GBP,C-0285,card
O-903286,2026-09-10,S-01,SKU-1,Apple,Produce,10,1.50,USD,C-0286,cash
O-903287,2026-09-11,S-02,SKU-2,Bread,Bakery,7,3.00,USD,C-0287,card
O-903288,2026-09-12,S-03,SKU-3,Milk,Dairy,11,2.20,USD,C-0288,cash
O-903289,2026-09-13,S-01,SKU-4,Eggs,Dairy,9,0.35,EUR,C-0289,card
O-903290,2026-09-14,S-02,SKU-5,Coffee,Beverages,6,8.99,GBP,C-0290,cash
O-903291,2026-09-15,S-03,SKU-1,Apple,Produce,7,1.50,USD,C-0291,card
O-903292,2026-09-16,S-01,SKU-2,Bread,Bakery,12,3.00,USD,C-0292,cash
O-903293,2026-09-17,S-02,SKU-3,Milk,Dairy,3,2.20,USD,C-0293,card
O-903294,2026-09-18,S-03,SKU-4,Eggs,Dairy,12,0.35,EUR,C-0294,cash
O-903295,2026-09-19,S-01,SKU-5,Coffee,Beverages,12,8.99,GBP,C-0295,card
O-903296,2026-09-20,S-02,SKU-1,Apple,Produce,2,1.50,USD,C-0296,cash
O-903297,2026-09-21,S-03,SKU-2,Bread,Bakery,9,3.00,USD,C-0297,card
O-903298,2026-09-22,S-01,SKU-3,Milk,Dairy,12,2.20,USD,C-0298,cash
O-903299,2026-09-23,S-02,SKU-4,Eggs,Dairy,6,0.35,EUR,C-0299,card
,2026-09-24,S-03,SKU-5,Coffee,Beverages,1,8.99,GBP,C-0300,cash
O-903301,2026-09-25,S-01,SKU-1,Apple,Produce,2,1.50,USD,C-0301,card
O-903302,2026-09-26,S-02,SKU-2,Bread,Bakery,7,3.00,USD,C-0302,cash
O-903303,2026-09-27,S-03,SKU-3,Milk,Dairy,4,2.20,USD,C-0303,card
O-903304,2026-09-28,S-01,SKU-4,Eggs,Dairy,2,0.35,EUR,C-0304,cash
O-903305,2026-09-01,S-02,SKU-5,Coffee,Beverages,6,8.99,GBP,C-0305,card
O-903306,2026-09-02,S-03,SKU-1,Apple,Produce,10,1.50,USD,C-0306,cash
O-903307,2026-09-03,S-01,SKU-2,Bread,Bakery,10,3.00,USD,C-0307,card
O-903308,2026-09-04,S-02,SKU-3,Milk,Dairy,10,2.20,USD,C-0308,cash
O-903309,2026-09-05,S-03,SKU-4,Eggs,Dairy,7,0.35,EUR,C-0309,card
O-903310,2026-09-06,S-01,SKU-5,Coffee,Beverages,6,8.99,GBP,C-0310,cash
O-903311,2026-09-07,S-02,SKU-1,Apple,Produce,1,1.50,USD,C-0311,card
O-903312,2026-09-08,S-03,SKU-2,Bread,Bakery,11,3.00,USD,C-0312,cash
O-903313,2026-09-09,S-01,SKU-3,Milk,Dairy,5,2.20,USD,C-0313,card
O-903314,2026-09-10,S-02,SKU-4,Eggs,Dairy,8,0.35,EUR,C-0314,cash
O-903315,2026-09-11,S-03,SKU-5,Coffee,Beverages,8,8.99,GBP,C-0315,card
O-903316,2026-09-12,S-01,SKU-1,Apple,Produce,4,1.50,USD,C-0316,cash
O-903317,2026-09-13,S-02,SKU-2,Bread,Bakery,6,3.00,USD,C-0317,card
O-903318,2026-09-14,S-03,SKU-3,Milk,Dairy,9,2.20,USD,C-0318,cash
O-903319,2026-09-15,S-01,SKU-4,Eggs,Dairy,7,0.35,EUR,C-0319,card
O-903320,2026-09-16,S-02,SKU-5,Coffee,Beverages,7,8.99,XYZ,C-0320,cash
O-903321,2026-09-17,S-03,SKU-1,Apple,Produce,3,1.50,USD,C-0321,card
O-903322,2026-09-18,S-01,SKU-2,Bread,Bakery,11,3.00,USD,C-0322,cash
O-903323,2026-09-19,S-02,SKU-3,Milk,Dairy,10,2.20,USD,C-0323,card
O-903324,2026-09-20,S-03,SKU-4,Eggs,Dairy,11,0.35,EUR,C-0324,cash
O-903325,2026-09-21,S-01,SKU-5,Coffee,Beverages,7,8.99,GBP,C-0325,card
O-903326,2026-09-22,S-02,SKU-1,Apple,Produce,2,1.50,USD,C-0326,cash
O-903327,2026-09-23,S-03,SKU-2,Bread,Bakery,10,3.00,USD,C-0327,card
O-903328,2026-09-24,S-01,SKU-3,Milk,Dairy,5,2.20,USD,C-0328,cash
O-903329,2026-09-25,S-02,SKU-4,Eggs,Dairy,4,0.35,EUR,C-0329,card
O-903330,2026-09-26,S-03,SKU-5,Coffee,Beverages,12,8.99,GBP,C-0330,cash
O-903331,2026-09-27,S-01,SKU-1,Apple,Produce,2,1.50,USD,C-0331,card
O-903332,2026-09-28,S-02,SKU-2,Bread,Bakery,2,3.00,USD,C-0332,cash
O-903333,2026-09-01,S-03,SKU-3,Milk,Dairy,5,2.20,USD,C-0333,card
O-903334,2026-09-02,S-01,SKU-4,Eggs,Dairy,3,0.35,EUR,C-0334,cash
O-903335,2026-09-03,S-02,SKU-5,Coffee,Beverages,7,8.99,GBP,C-0335,card
O-903336,2026-09-04,S-03,SKU-1,Apple,Produce,12,1.50,USD,C-0336,cash
O-903337,2026-09-05,S-01,SKU-2,Bread,Bakery,11,3.00,USD,C-0337,card
O-903338,2026-09-06,S-02,SKU-3,Milk,Dairy,3,2.20,USD,C-0338,cash
O-903339,2026-09-07,S-03,SKU-4,Eggs,Dairy,12,0.35,EUR,C-0339,card
O-903340,2026-09-08,S-01,SKU-5,Coffee,Beverages,7,8.99,GBP,C-0340,bitcoin
O-903341,2026-09-09,S-02,SKU-1,Apple,Produce,6,1.50,USD,C-0341,card
O-903342,2026-09-10,S-03,SKU-2,Bread,Bakery,6,3.00,USD,C-0342,cash
O-903343,2026-09-11,S-01,SKU-3,Milk,Dairy,2,2.20,USD,C-0343,card
O-903344,2026-09-12,S-02,SKU-4,Eggs,Dairy,2,0.35,EUR,C-0344,cash
O-903345,2026-09-13,S-03,SKU-5,Coffee,Beverages,1,8.99,GBP,C-0345,card
O-903346,2026-09-14,S-01,SKU-1,Apple,Produce,5,1.50,USD,C-0346,cash
O-903347,2026-09-15,S-02,SKU-2,Bread,Bakery,8,3.00,USD,C-0347,card
O-903348,2026-09-16,S-03,SKU-3,Milk,Dairy,6,2.20,USD,C-0348,cash
O-903349,2026-09-17,S-01,SKU-4,Eggs,Dairy,5,0.35,EUR,C-0349,card
O-903350,2026-09-18,S-02,SKU-5,Coffee,Beverages,2,8.99,GBP,C-0350,cash
O-903351,2026-09-19,S-03,SKU-1,Apple,Produce,3,1.50,USD,C-0351,card
O-903352,2026-09-20,S-01,SKU-2,Bread,Bakery,2,3.00,USD,C-0352,cash
O-903353,2026-09-21,S-02,SKU-3,Milk,Dairy,3,2.20,USD,C-0353,card
O-903354,2026-09-22,S-03,SKU-4,Eggs,Dairy,7,0.35,EUR,C-0354,cash
O-903355,2026-09-23,S-01,SKU-5,Coffee,Beverages,8,8.99,GBP,C-0355,card
O-903356,2026-09-24,S-02,SKU-1,Apple,Produce,9,1.50,USD,C-0356,cash
O-903357,2026-09-25,S-03,SKU-2,Bread,Bakery,9,3.00,USD,C-0357,card
O-903358,2026-09-26,S-01,SKU-3,Milk,Dairy,9,2.20,USD,C-0358,cash
O-903359,2026-09-27,S-02,SKU-4,Eggs,Dairy,7,0.35,EUR,C-0359,card
O-903360,2026-09-28,S-03,SKU-5,Coffee,Beverages,0,8.99,GBP,C-0360,cash
O-903361,2026-09-01,S-01,SKU-1,Apple,Produce,1,1.50,USD,C-0361,card
O-903362,2026-09-02,S-02,SKU-2,Bread,Bakery,2,3.00,USD,C-0362,cash
O-903363,2026-09-03,S-03,SKU-3,Milk,Dairy,6,2.20,USD,C-0363,card
O-903364,2026-09-04,S-01,SKU-4,Eggs,Dairy,9,0.35,EUR,C-0364,cash
O-903365,2026-09-05,S-02,SKU-5,Coffee,Beverages,2,8.99,GBP,C-0365,card
O-903366,2026-09-06,S-03,SKU-1,Apple,Produce,10,1.50,USD,C-0366,cash
O-903367,2026-09-07,S-01,SKU-2,Bread,Bakery,10,3.00,USD,C-0367,card
O-903368,2026-09-08,S-02,SKU-3,Milk,Dairy,6,2.20,USD,C-0368,cash
O-903369,2026-09-09,S-03,SKU-4,Eggs,Dairy,7,0.35,EUR,C-0369,card
O-903370,2026-09-10,S-01,SKU-5,Coffee,Beverages,1,8.99,GBP,C-0370,cash
O-903371,2026-09-11,S-02,SKU-1,Apple,Produce,5,1.50,USD,C-0371,card
O-903372,2026-09-12,S-03,SKU-2,Bread,Bakery,7,3.00,USD,C-0372,cash
O-903373,2026-09-13,S-01,SKU-3,Milk,Dairy,7,2.20,USD,C-0373,card
O-903374,2026-09-14,S-02,SKU-4,Eggs,Dairy,2,0.35,EUR,C-0374,cash
O-903375,2026-09-15,S-03,SKU-5,Coffee,Beverages,12,8.99,GBP,C-0375,card
O-903376,2026-09-16,S-01,SKU-1,Apple,Produce,9,1.50,USD,C-0376,cash
O-903377,2026-09-17,S-02,SKU-2,Bread,Bakery,4,3.00,USD,C-0377,card
O-903378,2026-09-18,S-03,SKU-3,Milk,Dairy,10,2.20,USD,C-0378,cash
O-903379,2026-09-19,S-01,SKU-4,Eggs,Dairy,9,0.35,EUR,C-0379,card
O-903380,bad-date,S-02,SKU-5,Coffee,Beverages,3,8.99,GBP,C-0380,cash
O-903381,2026-09-21,S-03,SKU-1,Apple,Produce,11,1.50,USD,C-0381,card
O-903382,2026-09-22,S-01,SKU-2,Bread,Bakery,7,3.00,USD,C-0382,cash
O-903383,2026-09-23,S-02,SKU-3,Milk,Dairy,3,2.20,USD,C-0383,card
O-903384,2026-09-24,S-03,SKU-4,Eggs,Dairy,3,0.35,EUR,C-0384,cash
O-903385,2026-09-25,S-01,SKU-5,Coffee,Beverages,5,8.99,GBP,C-0385,card
O-903386,2026-09-26,S-02,SKU-1,Apple,Produce,5,1.50,USD,C-0386,cash
O-903387,2026-09-27,S-03,SKU-2,Bread,Bakery,5,3.00,USD,C-0387,card
O-903388,2026-09-28,S-01,SKU-3,Milk,Dairy,8,2.20,USD,C-0388,cash
O-903389,2026-09-01,S-02,SKU-4,Eggs,Dairy,3,0.35,EUR,C-0389,card
O-903390,2026-09-02,S-03,SKU-5,Coffee,Beverages,2,8.99,GBP,C-0390,cash
O-903391,2026-09-03,S-01,SKU-1,Apple,Produce,3,1.50,USD,C-0391,card
O-903392,2026-09-04,S-02,SKU-2,Bread,Bakery,7,3.00,USD,C-0392,cash
O-903393,2026-09-05,S-03,SKU-3,Milk,Dairy,5,2.20,USD,C-0393,card
O-903394,2026-09-06,S-01,SKU-4,Eggs,Dairy,7,0.35,EUR,C-0394,cash
O-903395,2026-09-07,S-02,SKU-5,Coffee,Beverages,5,8.99,GBP,C-0395,card
O-903396,2026-09-08,S-03,SKU-1,Apple,Produce,8,1.50,USD,C-0396,cash
O-903397,2026-09-09,S-01,SKU-2,Bread,Bakery,2,3.00,USD,C-0397,card
O-903398,2026-09-10,S-02,SKU-3,Milk,Dairy,6,2.20,USD,C-0398,cash
O-903399,2026-09-11,S-03,SKU-4,Eggs,Dairy,5,0.35,EUR,C-0399,card
O-903400,2026-09-12,S-01,SKU-5,Coffee,Beverages,-3,8.99,GBP,C-0400,cash
O-903401,2026-09-13,S-02,SKU-1,Apple,Produce,12,1.50,USD,C-0401,card
O-903402,2026-09-14,S-03,SKU-2,Bread,Bakery,11,3.00,USD,C-0402,cash
O-903403,2026-09-15,S-01,SKU-3,Milk,Dairy,8,2.20,USD,C-0403,card
O-903404,2026-09-16,S-02,SKU-4,Eggs,Dairy,10,0.35,EUR,C-0404,cash
O-903405,2026-09-17,S-03,SKU-5,Coffee,Beverages,10,8.99,GBP,C-0405,card
O-903406,2026-09-18,S-01,SKU-1,Apple,Produce,4,1.50,USD,C-0406,cash
O-903407,2026-09-19,S-02,SKU-2,Bread,Bakery,8,3.00,USD,C-0407,card
O-903408,2026-09-20,S-03,SKU-3,Milk,Dairy,2,2.20,USD,C-0408,cash
O-903409,2026-09-21,S-01,SKU-4,Eggs,Dairy,3,0.35,EUR,C-0409,card
O-903410,2026-09-22,S-02,SKU-5,Coffee,Beverages,5,8.99,GBP,C-0410,cash
O-903411,2026-09-23,S-03,SKU-1,Apple,Produce,1,1.50,USD,C-0411,card
O-903412,2026-09-24,S-01,SKU-2,Bread,Bakery,7,3.00,USD,C-0412,cash
O-903413,2026-09-25,S-02,SKU-3,Milk,Dairy,6,2.20,USD,C-0413,card
O-903414,2026-09-26,S-03,SKU-4,Eggs,Dairy,10,0.35,EUR,C-0414,cash
O-903415,2026-09-27,S-01,SKU-5,Coffee,Beverages,7,8.99,GBP,C-0415,card
O-903416,2026-09-28,S-02,SKU-1,Apple,Produce,6,1.50,USD,C-0416,cash
O-903417,2026-09-01,S-03,SKU-2,Bread,Bakery,8,3.00,USD,C-0417,card
O-903418,2026-09-02,S-01,SKU-3,Milk,Dairy,6,2.20,USD,C-0418,cash
O-903419,2026-09-03,S-02,SKU-4,Eggs,Dairy,7,0.35,EUR,C-0419,card
O-903420,2026-09-04,S-03,SKU-999,Coffee,Beverages,11,8.99,GBP,C-0420,cash
O-903421,2026-09-05,S-01,SKU-1,Apple,Produce,10,1.50,USD,C-0421,card
O-903422,2026-09-06,S-02,SKU-2,Bread,Bakery,3,3.00,USD,C-0422,cash
O-903423,2026-09-07,S-03,SKU-3,Milk,Dairy,5,2.20,USD,C-0423,card
O-903424,2026-09-08,S-01,SKU-4,Eggs,Dairy,6,0.35,EUR,C-0424,cash
O-903425,2026-09-09,S-02,SKU-5,Coffee,Beverages,10,8.99,GBP,C-0425,card
O-903426,2026-09-10,S-03,SKU-1,Apple,Produce,12,1.50,USD,C-0426,cash
O-903427,2026-09-11,S-01,SKU-2,Bread,Bakery,4,3.00,USD,C-0427,card
O-903428,2026-09-12,S-02,SKU-3,Milk,Dairy,8,2.20,USD,C-0428,cash
O-903429,2026-09-13,S-03,SKU-4,Eggs,Dairy,6,0.35,EUR,C-0429,card
O-903430,2026-09-14,S-01,SKU-5,Coffee,Beverages,3,8.99,GBP,C-0430,cash
O-903431,2026-09-15,S-02,SKU-1,Apple,Produce,7,1.50,USD,C-0431,card
O-903432,2026-09-16,S-03,SKU-2,Bread,Bakery,6,3.00,USD,C-0432,cash
O-903433,2026-09-17,S-01,SKU-3,Milk,Dairy,5,2.20,USD,C-0433,card
O-903434,2026-09-18,S-02,SKU-4,Eggs,Dairy,12,0.35,EUR,C-0434,cash
O-903435,2026-09-19,S-03,SKU-5,Coffee,Beverages,12,8.99,GBP,C-0435,card
O-903436,2026-09-20,S-01,SKU-1,Apple,Produce,11,1.50,USD,C-0436,cash
O-903437,2026-09-21,S-02,SKU-2,Bread,Bakery,8,3.00,USD,C-0437,card
O-903438,2026-09-22,S-03,SKU-3,Milk,Dairy,10,2.20,USD,C-0438,cash
O-903439,2026-09-23,S-01,SKU-4,Eggs,Dairy,4,0.35,EUR,C-0439,card
O-903440,2026-09-24,S-02,SKU-5,Coffee,Beverages,6,,GBP,C-0440,cash
O-903441,2026-09-25,S-03,SKU-1,Apple,Produce,7,1.50,USD,C-0441,card
O-903442,2026-09-26,S-01,SKU-2,Bread,Bakery,5,3.00,USD,C-0442,cash
O-903443,2026-09-27,S-02,SKU-3,Milk,Dairy,7,2.20,USD,C-0443,card
O-903444,2026-09-28,S-03,SKU-4,Eggs,Dairy,6,0.35,EUR,C-0444,cash
O-903445,2026-09-01,S-01,SKU-5,Coffee,Beverages,2,8.99,GBP,C-0445,card
O-903446,2026-09-02,S-02,SKU-1,Apple,Produce,10,1.50,USD,C-0446,cash
O-903447,2026-09-03,S-03,SKU-2,Bread,Bakery,4,3.00,USD,C-0447,card
O-903448,2026-09-04,S-01,SKU-3,Milk,Dairy,10,2.20,USD,C-0448,cash
O-903449,2026-09-05,S-02,SKU-4,Eggs,Dairy,9,0.35,EUR,C-0449,card
O-903450,2026-09-06,S-03,SKU-5,Coffee,Beverages,3,8.99,GBP,C-0450,cash
O-903451,2026-09-07,S-01,SKU-1,Apple,Produce,11,1.50,USD,C-0451,card
O-903452,2026-09-08,S-02,SKU-2,Bread,Bakery,9,3.00,USD,C-0452,cash
O-903453,2026-09-09,S-03,SKU-3,Milk,Dairy,1,2.20,USD,C-0453,card
O-903454,2026-09-10,S-01,SKU-4,Eggs,Dairy,12,0.35,EUR,C-0454,cash
O-903455,2026-09-11,S-02,SKU-5,Coffee,Beverages,8,8.99,GBP,C-0455,card
O-903456,2026-09-12,S-03,SKU-1,Apple,Produce,12,1.50,USD,C-0456,cash
O-903457,2026-09-13,S-01,SKU-2,Bread,Bakery,4,3.00,USD,C-0457,card
O-903458,2026-09-14,S-02,SKU-3,Milk,Dairy,8,2.20,USD,C-0458,cash
O-903459,2026-09-15,S-03,SKU-4,Eggs,Dairy,5,0.35,EUR,C-0459,card
,2026-09-16,S-01,SKU-5,Coffee,Beverages,12,8.99,GBP,C-0460,cash
O-903461,2026-09-17,S-02,SKU-1,Apple,Produce,2,1.50,USD,C-0461,card
O-903462,2026-09-18,S-03,SKU-2,Bread,Bakery,7,3.00,USD,C-0462,cash
O-903463,2026-09-19,S-01,SKU-3,Milk,Dairy,11,2.20,USD,C-0463,card
O-903464,2026-09-20,S-02,SKU-4,Eggs,Dairy,8,0.35,EUR,C-0464,cash
O-903465,2026-09-21,S-03,SKU-5,Coffee,Beverages,3,8.99,GBP,C-0465,card
O-903466,2026-09-22,S-01,SKU-1,Apple,Produce,11,1.50,USD,C-0466,cash
O-903467,2026-09-23,S-02,SKU-2,Bread,Bakery,5,3.00,USD,C-0467,card
O-903468,2026-09-24,S-03,SKU-3,Milk,Dairy,4,2.20,USD,C-0468,cash
O-903469,2026-09-25,S-01,SKU-4,Eggs,Dairy,5,0.35,EUR,C-0469,card
O-903470,2026-09-26,S-02,SKU-5,Coffee,Beverages,11,8.99,GBP,C-0470,cash
O-903471,2026-09-27,S-03,SKU-1,Apple,Produce,3,1.50,USD,C-0471,card
O-903472,2026-09-28,S-01,SKU-2,Bread,Bakery,12,3.00,USD,C-0472,cash
O-903473,2026-09-01,S-02,SKU-3,Milk,Dairy,7,2.20,USD,C-0473,card
O-903474,2026-09-02,S-03,SKU-4,Eggs,Dairy,7,0.35,EUR,C-0474,cash
O-903475,2026-09-03,S-01,SKU-5,Coffee,Beverages,2,8.99,GBP,C-0475,card
O-903476,2026-09-04,S-02,SKU-1,Apple,Produce,8,1.50,USD,C-0476,cash
O-903477,2026-09-05,S-03,SKU-2,Bread,Bakery,10,3.00,USD,C-0477,card
O-903478,2026-09-06,S-01,SKU-3,Milk,Dairy,8,2.20,USD,C-0478,cash
O-903479,2026-09-07,S-02,SKU-4,Eggs,Dairy,10,0.35,EUR,C-0479,card
O-903480,2026-09-08,S-03,SKU-5,Coffee,Beverages,7,8.99,XYZ,C-0480,cash
O-903481,2026-09-09,S-01,SKU-1,Apple,Produce,9,1.50,USD,C-0481,card
O-903482,2026-09-10,S-02,SKU-2,Bread,Bakery,9,3.00,USD,C-0482,cash
O-903483,2026-09-11,S-03,SKU-3,Milk,Dairy,12,2.20,USD,C-0483,card
O-903484,2026-09-12,S-01,SKU-4,Eggs,Dairy,7,0.35,EUR,C-0484,cash
O-903485,2026-09-13,S-02,SKU-5,Coffee,Beverages,9,8.99,GBP,C-0485,card
O-903486,2026-09-14,S-03,SKU-1,Apple,Produce,1,1.50,USD,C-0486,cash
O-903487,2026-09-15,S-01,SKU-2,Bread,Bakery,6,3.00,USD,C-0487,card
O-903488,2026-09-16,S-02,SKU-3,Milk,Dairy,12,2.20,USD,C-0488,cash
O-903489,2026-09-17,S-03,SKU-4,Eggs,Dairy,9,0.35,EUR,C-0489,card
O-903490,2026-09-18,S-01,SKU-5,Coffee,Beverages,10,8.99,GBP,C-0490,cash
O-903491,2026-09-19,S-02,SKU-1,Apple,Produce,11,1.50,USD,C-0491,card
O-903492,2026-09-20,S-03,SKU-2,Bread,Bakery,2,3.00,USD,C-0492,cash
O-903493,2026-09-21,S-01,SKU-3,Milk,Dairy,2,2.20,USD,C-0493,card
O-903494,2026-09-22,S-02,SKU-4,Eggs,Dairy,4,0.35,EUR,C-0494,cash
O-903495,2026-09-23,S-03,SKU-5,Coffee,Beverages,11,8.99,GBP,C-0495,card
O-903496,2026-09-24,S-01,SKU-1,Apple,Produce,11,1.50,USD,C-0496,cash
O-903497,2026-09-25,S-02,SKU-2,Bread,Bakery,6,3.00,USD,C-0497,card
O-903498,2026-09-26,S-03,SKU-3,Milk,Dairy,3,2.20,USD,C-0498,cash
O-903499,2026-09-27,S-01,SKU-4,Eggs,Dairy,11,0.35,EUR,C-0499,card
O-903500,2026-09-28,S-02,SKU-5,Coffee,Beverages,10,8.99,GBP,C-0500,bitcoin
O-903501,2026-09-01,S-03,SKU-1,Apple,Produce,1,1.50,USD,C-0001,card
O-903502,2026-09-02,S-01,SKU-2,Bread,Bakery,10,3.00,USD,C-0002,cash
O-903503,2026-09-03,S-02,SKU-3,Milk,Dairy,11,2.20,USD,C-0003,card
O-903504,2026-09-04,S-03,SKU-4,Eggs,Dairy,11,0.35,EUR,C-0004,cash
O-903505,2026-09-05,S-01,SKU-5,Coffee,Beverages,11,8.99,GBP,C-0005,card
O-903506,2026-09-06,S-02,SKU-1,Apple,Produce,7,1.50,USD,C-0006,cash
O-903507,2026-09-07,S-03,SKU-2,Bread,Bakery,6,3.00,USD,C-0007,card
O-903508,2026-09-08,S-01,SKU-3,Milk,Dairy,7,2.20,USD,C-0008,cash
O-903509,2026-09-09,S-02,SKU-4,Eggs,Dairy,2,0.35,EUR,C-0009,card
O-903510,2026-09-10,S-03,SKU-5,Coffee,Beverages,1,8.99,GBP,C-0010,cash
O-903511,2026-09-11,S-01,SKU-1,Apple,Produce,2,1.50,USD,C-0011,card
O-903512,2026-09-12,S-02,SKU-2,Bread,Bakery,5,3.00,USD,C-0012,cash
O-903513,2026-09-13,S-03,SKU-3,Milk,Dairy,4,2.20,USD,C-0013,card
O-903514,2026-09-14,S-01,SKU-4,Eggs,Dairy,9,0.35,EUR,C-0014,cash
O-903515,2026-09-15,S-02,SKU-5,Coffee,Beverages,12,8.99,GBP,C-0015,card
O-903516,2026-09-16,S-03,SKU-1,Apple,Produce,9,1.50,USD,C-0016,cash
O-903517,2026-09-17,S-01,SKU-2,Bread,Bakery,9,3.00,USD,C-0017,card
O-903518,2026-09-18,S-02,SKU-3,Milk,Dairy,10,2.20,USD,C-0018,cash
O-903519,2026-09-19,S-03,SKU-4,Eggs,Dairy,12,0.35,EUR,C-0019,card
O-903520,2026-09-20,S-01,SKU-5,Coffee,Beverages,0,8.99,GBP,C-0020,cash
O-903521,2026-09-21,S-02,SKU-1,Apple,Produce,4,1.50,USD,C-0021,card
O-903522,2026-09-22,S-03,SKU-2,Bread,Bakery,8,3.00,USD,C-0022,cash
O-903523,2026-09-23,S-01,SKU-3,Milk,Dairy,6,2.20,USD,C-0023,card
O-903524,2026-09-24,S-02,SKU-4,Eggs,Dairy,7,0.35,EUR,C-0024,cash
O-903525,2026-09-25,S-03,SKU-5,Coffee,Beverages,8,8.99,GBP,C-0025,card
O-903526,2026-09-26,S-01,SKU-1,Apple,Produce,11,1.50,USD,C-0026,cash
O-903527,2026-09-27,S-02,SKU-2,Bread,Bakery,10,3.00,USD,C-0027,card
O-903528,2026-09-28,S-03,SKU-3,Milk,Dairy,12,2.20,USD,C-0028,cash
O-903529,2026-09-01,S-01,SKU-4,Eggs,Dairy,9,0.35,EUR,C-0029,card
O-903530,2026-09-02,S-02,SKU-5,Coffee,Beverages,3,8.99,GBP,C-0030,cash
O-903531,2026-09-03,S-03,SKU-1,Apple,Produce,6,1.50,USD,C-0031,card
O-903532,2026-09-04,S-01,SKU-2,Bread,Bakery,1,3.00,USD,C-0032,cash
O-903533,2026-09-05,S-02,SKU-3,Milk,Dairy,8,2.20,USD,C-0033,card
O-903534,2026-09-06,S-03,SKU-4,Eggs,Dairy,2,0.35,EUR,C-0034,cash
O-903535,2026-09-07,S-01,SKU-5,Coffee,Beverages,5,8.99,GBP,C-0035,card
O-903536,2026-09-08,S-02,SKU-1,Apple,Produce,7,1.50,USD,C-0036,cash
O-903537,2026-09-09,S-03,SKU-2,Bread,Bakery,2,3.00,USD,C-0037,card
O-903538,2026-09-10,S-01,SKU-3,Milk,Dairy,2,2.20,USD,C-0038,cash
O-903539,2026-09-11,S-02,SKU-4,Eggs,Dairy,12,0.35,EUR,C-0039,card
O-903540,bad-date,S-03,SKU-5,Coffee,Beverages,3,8.99,GBP,C-0040,cash
O-903541,2026-09-13,S-01,SKU-1,Apple,Produce,6,1.50,USD,C-0041,card
O-903542,2026-09-14,S-02,SKU-2,Bread,Bakery,5,3.00,USD,C-0042,cash
O-903543,2026-09-15,S-03,SKU-3,Milk,Dairy,6,2.20,USD,C-0043,card
O-903544,2026-09-16,S-01,SKU-4,Eggs,Dairy,8,0.35,EUR,C-0044,cash
O-903545,2026-09-17,S-02,SKU-5,Coffee,Beverages,4,8.99,GBP,C-0045,card
O-903546,2026-09-18,S-03,SKU-1,Apple,Produce,9,1.50,USD,C-0046,cash
O-903547,2026-09-19,S-01,SKU-2,Bread,Bakery,8,3.00,USD,C-0047,card
O-903548,2026-09-20,S-02,SKU-3,Milk,Dairy,6,2.20,USD,C-0048,cash
O-903549,2026-09-21,S-03,SKU-4,Eggs,Dairy,8,0.35,EUR,C-0049,card
O-903550,2026-09-22,S-01,SKU-5,Coffee,Beverages,2,8.99,GBP,C-0050,cash
O-903551,2026-09-23,S-02,SKU-1,Apple,Produce,8,1.50,USD,C-0051,card
O-903552,2026-09-24,S-03,SKU-2,Bread,Bakery,12,3.00,USD,C-0052,cash
O-903553,2026-09-25,S-01,SKU-3,Milk,Dairy,12,2.20,USD,C-0053,card
O-903554,2026-09-26,S-02,SKU-4,Eggs,Dairy,8,0.35,EUR,C-0054,cash
O-903555,2026-09-27,S-03,SKU-5,Coffee,Beverages,6,8.99,GBP,C-0055,card
O-903556,2026-09-28,S-01,SKU-1,Apple,Produce,2,1.50,USD,C-0056,cash
O-903557,2026-09-01,S-02,SKU-2,Bread,Bakery,5,3.00,USD,C-0057,card
O-903558,2026-09-02,S-03,SKU-3,Milk,Dairy,1,2.20,USD,C-0058,cash
O-903559,2026-09-03,S-01,SKU-4,Eggs,Dairy,12,0.35,EUR,C-0059,card
O-903560,2026-09-04,S-02,SKU-5,Coffee,Beverages,-3,8.99,GBP,C-0060,cash
O-903561,2026-09-05,S-03,SKU-1,Apple,Produce,1,1.50,USD,C-0061,card
O-903562,2026-09-06,S-01,SKU-2,Bread,Bakery,6,3.00,USD,C-0062,cash
O-903563,2026-09-07,S-02,SKU-3,Milk,Dairy,11,2.20,USD,C-0063,card
O-903564,2026-09-08,S-03,SKU-4,Eggs,Dairy,2,0.35,EUR,C-0064,cash
O-903565,2026-09-09,S-01,SKU-5,Coffee,Beverages,11,8.99,GBP,C-0065,card
O-903566,2026-09-10,S-02,SKU-1,Apple,Produce,3,1.50,USD,C-0066,cash
O-903567,2026-09-11,S-03,SKU-2,Bread,Bakery,12,3.00,USD,C-0067,card
O-903568,2026-09-12,S-01,SKU-3,Milk,Dairy,4,2.20,USD,C-0068,cash
O-903569,2026-09-13,S-02,SKU-4,Eggs,Dairy,9,0.35,EUR,C-0069,card
O-903570,2026-09-14,S-03,SKU-5,Coffee,Beverages,3,8.99,GBP,C-0070,cash
O-903571,2026-09-15,S-01,SKU-1,Apple,Produce,9,1.50,USD,C-0071,card
O-903572,2026-09-16,S-02,SKU-2,Bread,Bakery,3,3.00,USD,C-0072,cash
O-903573,2026-09-17,S-03,SKU-3,Milk,Dairy,6,2.20,USD,C-0073,card
O-903574,2026-09-18,S-01,SKU-4,Eggs,Dairy,9,0.35,EUR,C-0074,cash
O-903575,2026-09-19,S-02,SKU-5,Coffee,Beverages,7,8.99,GBP,C-0075,card
O-903576,2026-09-20,S-03,SKU-1,Apple,Produce,8,1.50,USD,C-0076,cash
O-903577,2026-09-21,S-01,SKU-2,Bread,Bakery,4,3.00,USD,C-0077,card
O-903578,2026-09-22,S-02,SKU-3,Milk,Dairy,7,2.20,USD,C-0078,cash
O-903579,2026-09-23,S-03,SKU-4,Eggs,Dairy,11,0.35,EUR,C-0079,card
O-903580,2026-09-24,S-01,SKU-999,Coffee,Beverages,3,8.99,GBP,C-0080,cash
O-903581,2026-09-25,S-02,SKU-1,Apple,Produce,3,1.50,USD,C-0081,card
O-903582,2026-09-26,S-03,SKU-2,Bread,Bakery,11,3.00,USD,C-0082,cash
O-903583,2026-09-27,S-01,SKU-3,Milk,Dairy,11,2.20,USD,C-0083,card
O-903584,2026-09-28,S-02,SKU-4,Eggs,Dairy,7,0.35,EUR,C-0084,cash
O-903585,2026-09-01,S-03,SKU-5,Coffee,Beverages,7,8.99,GBP,C-0085,card
O-903586,2026-09-02,S-01,SKU-1,Apple,Produce,1,1.50,USD,C-0086,cash
O-903587,2026-09-03,S-02,SKU-2,Bread,Bakery,12,3.00,USD,C-0087,card
O-903588,2026-09-04,S-03,SKU-3,Milk,Dairy,10,2.20,USD,C-0088,cash
O-903589,2026-09-05,S-01,SKU-4,Eggs,Dairy,4,0.35,EUR,C-0089,card
O-903590,2026-09-06,S-02,SKU-5,Coffee,Beverages,8,8.99,GBP,C-0090,cash
O-903591,2026-09-07,S-03,SKU-1,Apple,Produce,10,1.50,USD,C-0091,card
O-903592,2026-09-08,S-01,SKU-2,Bread,Bakery,7,3.00,USD,C-0092,cash
O-903593,2026-09-09,S-02,SKU-3,Milk,Dairy,7,2.20,USD,C-0093,card
O-903594,2026-09-10,S-03,SKU-4,Eggs,Dairy,1,0.35,EUR,C-0094,cash
O-903595,2026-09-11,S-01,SKU-5,Coffee,Beverages,12,8.99,GBP,C-0095,card
O-903596,2026-09-12,S-02,SKU-1,Apple,Produce,4,1.50,USD,C-0096,cash
O-903597,2026-09-13,S-03,SKU-2,Bread,Bakery,4,3.00,USD,C-0097,card
O-903598,2026-09-14,S-01,SKU-3,Milk,Dairy,5,2.20,USD,C-0098,cash
O-903599,2026-09-15,S-02,SKU-4,Eggs,Dairy,12,0.35,EUR,C-0099,card
O-903600,2026-09-16,S-03,SKU-5,Coffee,Beverages,2,,GBP,C-0100,cash
O-903601,2026-09-17,S-01,SKU-1,Apple,Produce,10,1.50,USD,C-0101,card
O-903602,2026-09-18,S-02,SKU-2,Bread,Bakery,2,3.00,USD,C-0102,cash
O-903603,2026-09-19,S-03,SKU-3,Milk,Dairy,9,2.20,USD,C-0103,card
O-903604,2026-09-20,S-01,SKU-4,Eggs,Dairy,3,0.35,EUR,C-0104,cash
O-903605,2026-09-21,S-02,SKU-5,Coffee,Beverages,6,8.99,GBP,C-0105,card
O-903606,2026-09-22,S-03,SKU-1,Apple,Produce,6,1.50,USD,C-0106,cash
O-903607,2026-09-23,S-01,SKU-2,Bread,Bakery,4,3.00,USD,C-0107,card
O-903608,2026-09-24,S-02,SKU-3,Milk,Dairy,8,2.20,USD,C-0108,cash
O-903609,2026-09-25,S-03,SKU-4,Eggs,Dairy,2,0.35,EUR,C-0109,card
O-903610,2026-09-26,S-01,SKU-5,Coffee,Beverages,5,8.99,GBP,C-0110,cash
O-903611,2026-09-27,S-02,SKU-1,Apple,Produce,11,1.50,USD,C-0111,card
O-903612,2026-09-28,S-03,SKU-2,Bread,Bakery,8,3.00,USD,C-0112,cash
O-903613,2026-09-01,S-01,SKU-3,Milk,Dairy,9,2.20,USD,C-0113,card
O-903614,2026-09-02,S-02,SKU-4,Eggs,Dairy,11,0.35,EUR,C-0114,cash
O-903615,2026-09-03,S-03,SKU-5,Coffee,Beverages,6,8.99,GBP,C-0115,card
O-903616,2026-09-04,S-01,SKU-1,Apple,Produce,10,1.50,USD,C-0116,cash
O-903617,2026-09-05,S-02,SKU-2,Bread,Bakery,7,3.00,USD,C-0117,card
O-903618,2026-09-06,S-03,SKU-3,Milk,Dairy,10,2.20,USD,C-0118,cash
O-903619,2026-09-07,S-01,SKU-4,Eggs,Dairy,7,0.35,EUR,C-0119,card
,2026-09-08,S-02,SKU-5,Coffee,Beverages,10,8.99,GBP,C-0120,cash
O-903621,2026-09-09,S-03,SKU-1,Apple,Produce,2,1.50,USD,C-0121,card
O-903622,2026-09-10,S-01,SKU-2,Bread,Bakery,6,3.00,USD,C-0122,cash
O-903623,2026-09-11,S-02,SKU-3,Milk,Dairy,6,2.20,USD,C-0123,card
O-903624,2026-09-12,S-03,SKU-4,Eggs,Dairy,8,0.35,EUR,C-0124,cash
O-903625,2026-09-13,S-01,SKU-5,Coffee,Beverages,10,8.99,GBP,C-0125,card
O-903626,2026-09-14,S-02,SKU-1,Apple,Produce,3,1.50,USD,C-0126,cash
O-903627,2026-09-15,S-03,SKU-2,Bread,Bakery,11,3.00,USD,C-0127,card
O-903628,2026-09-16,S-01,SKU-3,Milk,Dairy,12,2.20,USD,C-0128,cash
O-903629,2026-09-17,S-02,SKU-4,Eggs,Dairy,5,0.35,EUR,C-0129,card
O-903630,2026-09-18,S-03,SKU-5,Coffee,Beverages,10,8.99,GBP,C-0130,cash
O-903631,2026-09-19,S-01,SKU-1,Apple,Produce,10,1.50,USD,C-0131,card
O-903632,2026-09-20,S-02,SKU-2,Bread,Bakery,2,3.00,USD,C-0132,cash
O-903633,2026-09-21,S-03,SKU-3,Milk,Dairy,11,2.20,USD,C-0133,card
O-903634,2026-09-22,S-01,SKU-4,Eggs,Dairy,3,0.35,EUR,C-0134,cash
O-903635,2026-09-23,S-02,SKU-5,Coffee,Beverages,6,8.99,GBP,C-0135,card
O-903636,2026-09-24,S-03,SKU-1,Apple,Produce,2,1.50,USD,C-0136,cash
O-903637,2026-09-25,S-01,SKU-2,Bread,Bakery,4,3.00,USD,C-0137,card
O-903638,2026-09-26,S-02,SKU-3,Milk,Dairy,5,2.20,USD,C-0138,cash
O-903639,2026-09-27,S-03,SKU-4,Eggs,Dairy,2,0.35,EUR,C-0139,card
O-903640,2026-09-28,S-01,SKU-5,Coffee,Beverages,3,8.99,XYZ,C-0140,cash
O-903641,2026-09-01,S-02,SKU-1,Apple,Produce,6,1.50,USD,C-0141,card
O-903642,2026-09-02,S-03,SKU-2,Bread,Bakery,12,3.00,USD,C-0142,cash
O-903643,2026-09-03,S-01,SKU-3,Milk,Dairy,3,2.20,USD,C-0143,card
O-903644,2026-09-04,S-02,SKU-4,Eggs,Dairy,9,0.35,EUR,C-0144,cash
O-903645,2026-09-05,S-03,SKU-5,Coffee,Beverages,7,8.99,GBP,C-0145,card
O-903646,2026-09-06,S-01,SKU-1,Apple,Produce,7,1.50,USD,C-0146,cash
O-903647,2026-09-07,S-02,SKU-2,Bread,Bakery,10,3.00,USD,C-0147,card
O-903648,2026-09-08,S-03,SKU-3,Milk,Dairy,3,2.20,USD,C-0148,cash
O-903649,2026-09-09,S-01,SKU-4,Eggs,Dairy,10,0.35,EUR,C-0149,card
O-903650,2026-09-10,S-02,SKU-5,Coffee,Beverages,7,8.99,GBP,C-0150,cash
O-903651,2026-09-11,S-03,SKU-1,Apple,Produce,7,1.50,USD,C-0151,card
O-903652,2026-09-12,S-01,SKU-2,Bread,Bakery,3,3.00,USD,C-0152,cash
O-903653,2026-09-13,S-02,SKU-3,Milk,Dairy,8,2.20,USD,C-0153,card
O-903654,2026-09-14,S-03,SKU-4,Eggs,Dairy,11,0.35,EUR,C-0154,cash
O-903655,2026-09-15,S-01,SKU-5,Coffee,Beverages,9,8.99,GBP,C-0155,card
O-903656,2026-09-16,S-02,SKU-1,Apple,Produce,12,1.50,USD,C-0156,cash
O-903657,2026-09-17,S-03,SKU-2,Bread,Bakery,11,3.00,USD,C-0157,card
O-903658,2026-09-18,S-01,SKU-3,Milk,Dairy,3,2.20,USD,C-0158,cash
O-903659,2026-09-19,S-02,SKU-4,Eggs,Dairy,9,0.35,EUR,C-0159,card
O-903660,2026-09-20,S-03,SKU-5,Coffee,Beverages,3,8.99,GBP,C-0160,bitcoin
O-903661,2026-09-21,S-01,SKU-1,Apple,Produce,8,1.50,USD,C-0161,card
O-903662,2026-09-22,S-02,SKU-2,Bread,Bakery,5,3.00,USD,C-0162,cash
O-903663,2026-09-23,S-03,SKU-3,Milk,Dairy,3,2.20,USD,C-0163,card
O-903664,2026-09-24,S-01,SKU-4,Eggs,Dairy,3,0.35,EUR,C-0164,cash
O-903665,2026-09-25,S-02,SKU-5,Coffee,Beverages,6,8.99,GBP,C-0165,card
O-903666,2026-09-26,S-03,SKU-1,Apple,Produce,8,1.50,USD,C-0166,cash
O-903667,2026-09-27,S-01,SKU-2,Bread,Bakery,10,3.00,USD,C-0167,card
O-903668,2026-09-28,S-02,SKU-3,Milk,Dairy,1,2.20,USD,C-0168,cash
O-903669,2026-09-01,S-03,SKU-4,Eggs,Dairy,6,0.35,EUR,C-0169,card
O-903670,2026-09-02,S-01,SKU-5,Coffee,Beverages,1,8.99,GBP,C-0170,cash
O-903671,2026-09-03,S-02,SKU-1,Apple,Produce,8,1.50,USD,C-0171,card
O-903672,2026-09-04,S-03,SKU-2,Bread,Bakery,3,3.00,USD,C-0172,cash
O-903673,2026-09-05,S-01,SKU-3,Milk,Dairy,4,2.20,USD,C-0173,card
O-903674,2026-09-06,S-02,SKU-4,Eggs,Dairy,7,0.35,EUR,C-0174,cash
O-903675,2026-09-07,S-03,SKU-5,Coffee,Beverages,9,8.99,GBP,C-0175,card
O-903676,2026-09-08,S-01,SKU-1,Apple,Produce,9,1.50,USD,C-0176,cash
O-903677,2026-09-09,S-02,SKU-2,Bread,Bakery,11,3.00,USD,C-0177,card
O-903678,2026-09-10,S-03,SKU-3,Milk,Dairy,8,2.20,USD,C-0178,cash
O-903679,2026-09-11,S-01,SKU-4,Eggs,Dairy,7,0.35,EUR,C-0179,card
O-903680,2026-09-12,S-02,SKU-5,Coffee,Beverages,0,8.99,GBP,C-0180,cash
O-903681,2026-09-13,S-03,SKU-1,Apple,Produce,8,1.50,USD,C-0181,card
O-903682,2026-09-14,S-01,SKU-2,Bread,Bakery,7,3.00,USD,C-0182,cash
O-903683,2026-09-15,S-02,SKU-3,Milk,Dairy,12,2.20,USD,C-0183,card
O-903684,2026-09-16,S-03,SKU-4,Eggs,Dairy,8,0.35,EUR,C-0184,cash
O-903685,2026-09-17,S-01,SKU-5,Coffee,Beverages,8,8.99,GBP,C-0185,card
O-903686,2026-09-18,S-02,SKU-1,Apple,Produce,3,1.50,USD,C-0186,cash
O-903687,2026-09-19,S-03,SKU-2,Bread,Bakery,2,3.00,USD,C-0187,card
O-903688,2026-09-20,S-01,SKU-3,Milk,Dairy,10,2.20,USD,C-0188,cash
O-903689,2026-09-21,S-02,SKU-4,Eggs,Dairy,1,0.35,EUR,C-0189,card
O-903690,2026-09-22,S-03,SKU-5,Coffee,Beverages,4,8.99,GBP,C-0190,cash
O-903691,2026-09-23,S-01,SKU-1,Apple,Produce,5,1.50,USD,C-0191,card
O-903692,2026-09-24,S-02,SKU-2,Bread,Bakery,1,3.00,USD,C-0192,cash
O-903693,2026-09-25,S-03,SKU-3,Milk,Dairy,5,2.20,USD,C-0193,card
O-903694,2026-09-26,S-01,SKU-4,Eggs,Dairy,4,0.35,EUR,C-0194,cash
O-903695,2026-09-27,S-02,SKU-5,Coffee,Beverages,9,8.99,GBP,C-0195,card
O-903696,2026-09-28,S-03,SKU-1,Apple,Produce,5,1.50,USD,C-0196,cash
O-903697,2026-09-01,S-01,SKU-2,Bread,Bakery,3,3.00,USD,C-0197,card
O-903698,2026-09-02,S-02,SKU-3,Milk,Dairy,8,2.20,USD,C-0198,cash
O-903699,2026-09-03,S-03,SKU-4,Eggs,Dairy,10,0.35,EUR,C-0199,card
O-903700,bad-date,S-01,SKU-5,Coffee,Beverages,12,8.99,GBP,C-0200,cash
O-903701,2026-09-05,S-02,SKU-1,Apple,Produce,8,1.50,USD,C-0201,card
O-903702,2026-09-06,S-03,SKU-2,Bread,Bakery,9,3.00,USD,C-0202,cash
O-903703,2026-09-07,S-01,SKU-3,Milk,Dairy,9,2.20,USD,C-0203,card
O-903704,2026-09-08,S-02,SKU-4,Eggs,Dairy,2,0.35,EUR,C-0204,cash
O-903705,2026-09-09,S-03,SKU-5,Coffee,Beverages,10,8.99,GBP,C-0205,card
O-903706,2026-09-10,S-01,SKU-1,Apple,Produce,2,1.50,USD,C-0206,cash
O-903707,2026-09-11,S-02,SKU-2,Bread,Bakery,5,3.00,USD,C-0207,card
O-903708,2026-09-12,S-03,SKU-3,Milk,Dairy,9,2.20,USD,C-0208,cash
O-903709,2026-09-13,S-01,SKU-4,Eggs,Dairy,6,0.35,EUR,C-0209,card
O-903710,2026-09-14,S-02,SKU-5,Coffee,Beverages,9,8.99,GBP,C-0210,cash
O-903711,2026-09-15,S-03,SKU-1,Apple,Produce,1,1.50,USD,C-0211,card
O-903712,2026-09-16,S-01,SKU-2,Bread,Bakery,12,3.00,USD,C-0212,cash
O-903713,2026-09-17,S-02,SKU-3,Milk,Dairy,8,2.20,USD,C-0213,card
O-903714,2026-09-18,S-03,SKU-4,Eggs,Dairy,9,0.35,EUR,C-0214,cash
O-903715,2026-09-19,S-01,SKU-5,Coffee,Beverages,4,8.99,GBP,C-0215,card
O-903716,2026-09-20,S-02,SKU-1,Apple,Produce,7,1.50,USD,C-0216,cash
O-903717,2026-09-21,S-03,SKU-2,Bread,Bakery,2,3.00,USD,C-0217,card
O-903718,2026-09-22,S-01,SKU-3,Milk,Dairy,12,2.20,USD,C-0218,cash
O-903719,2026-09-23,S-02,SKU-4,Eggs,Dairy,11,0.35,EUR,C-0219,card
O-903720,2026-09-24,S-03,SKU-5,Coffee,Beverages,-3,8.99,GBP,C-0220,cash
O-903721,2026-09-25,S-01,SKU-1,Apple,Produce,5,1.50,USD,C-0221,card
O-903722,2026-09-26,S-02,SKU-2,Bread,Bakery,1,3.00,USD,C-0222,cash
O-903723,2026-09-27,S-03,SKU-3,Milk,Dairy,8,2.20,USD,C-0223,card
O-903724,2026-09-28,S-01,SKU-4,Eggs,Dairy,5,0.35,EUR,C-0224,cash
O-903725,2026-09-01,S-02,SKU-5,Coffee,Beverages,6,8.99,GBP,C-0225,card
O-903726,2026-09-02,S-03,SKU-1,Apple,Produce,2,1.50,USD,C-0226,cash
O-903727,2026-09-03,S-01,SKU-2,Bread,Bakery,8,3.00,USD,C-0227,card
O-903728,2026-09-04,S-02,SKU-3,Milk,Dairy,2,2.20,USD,C-0228,cash
O-903729,2026-09-05,S-03,SKU-4,Eggs,Dairy,4,0.35,EUR,C-0229,card
O-903730,2026-09-06,S-01,SKU-5,Coffee,Beverages,4,8.99,GBP,C-0230,cash
O-903731,2026-09-07,S-02,SKU-1,Apple,Produce,12,1.50,USD,C-0231,card
O-903732,2026-09-08,S-03,SKU-2,Bread,Bakery,10,3.00,USD,C-0232,cash
O-903733,2026-09-09,S-01,SKU-3,Milk,Dairy,12,2.20,USD,C-0233,card
O-903734,2026-09-10,S-02,SKU-4,Eggs,Dairy,6,0.35,EUR,C-0234,cash
O-903735,2026-09-11,S-03,SKU-5,Coffee,Beverages,12,8.99,GBP,C-0235,card
O-903736,2026-09-12,S-01,SKU-1,Apple,Produce,10,1.50,USD,C-0236,cash
O-903737,2026-09-13,S-02,SKU-2,Bread,Bakery,11,3.00,USD,C-0237,card
O-903738,2026-09-14,S-03,SKU-3,Milk,Dairy,7,2.20,USD,C-0238,cash
O-903739,2026-09-15,S-01,SKU-4,Eggs,Dairy,3,0.35,EUR,C-0239,card
O-903740,2026-09-16,S-02,SKU-999,Coffee,Beverages,10,8.99,GBP,C-0240,cash
O-903741,2026-09-17,S-03,SKU-1,Apple,Produce,3,1.50,USD,C-0241,card
O-903742,2026-09-18,S-01,SKU-2,Bread,Bakery,4,3.00,USD,C-0242,cash
O-903743,2026-09-19,S-02,SKU-3,Milk,Dairy,4,2.20,USD,C-0243,card
O-903744,2026-09-20,S-03,SKU-4,Eggs,Dairy,1,0.35,EUR,C-0244,cash
O-903745,2026-09-21,S-01,SKU-5,Coffee,Beverages,10,8.99,GBP,C-0245,card
O-903746,2026-09-22,S-02,SKU-1,Apple,Produce,6,1.50,USD,C-0246,cash
O-903747,2026-09-23,S-03,SKU-2,Bread,Bakery,9,3.00,USD,C-0247,card
O-903748,2026-09-24,S-01,SKU-3,Milk,Dairy,5,2.20,USD,C-0248,cash
O-903749,2026-09-25,S-02,SKU-4,Eggs,Dairy,10,0.35,EUR,C-0249,card
O-903750,2026-09-26,S-03,SKU-5,Coffee,Beverages,9,8.99,GBP,C-0250,cash
O-903751,2026-09-27,S-01,SKU-1,Apple,Produce,3,1.50,USD,C-0251,card
O-903752,2026-09-28,S-02,SKU-2,Bread,Bakery,6,3.00,USD,C-0252,cash
O-903753,2026-09-01,S-03,SKU-3,Milk,Dairy,12,2.20,USD,C-0253,card
O-903754,2026-09-02,S-01,SKU-4,Eggs,Dairy,5,0.35,EUR,C-0254,cash
O-903755,2026-09-03,S-02,SKU-5,Coffee,Beverages,5,8.99,GBP,C-0255,card
O-903756,2026-09-04,S-03,SKU-1,Apple,Produce,10,1.50,USD,C-0256,cash
O-903757,2026-09-05,S-01,SKU-2,Bread,Bakery,5,3.00,USD,C-0257,card
O-903758,2026-09-06,S-02,SKU-3,Milk,Dairy,9,2.20,USD,C-0258,cash
O-903759,2026-09-07,S-03,SKU-4,Eggs,Dairy,11,0.35,EUR,C-0259,card
O-903760,2026-09-08,S-01,SKU-5,Coffee,Beverages,2,,GBP,C-0260,cash
O-903761,2026-09-09,S-02,SKU-1,Apple,Produce,3,1.50,USD,C-0261,card
O-903762,2026-09-10,S-03,SKU-2,Bread,Bakery,7,3.00,USD,C-0262,cash
O-903763,2026-09-11,S-01,SKU-3,Milk,Dairy,1,2.20,USD,C-0263,card
O-903764,2026-09-12,S-02,SKU-4,Eggs,Dairy,5,0.35,EUR,C-0264,cash
O-903765,2026-09-13,S-03,SKU-5,Coffee,Beverages,11,8.99,GBP,C-0265,card
O-903766,2026-09-14,S-01,SKU-1,Apple,Produce,3,1.50,USD,C-0266,cash
O-903767,2026-09-15,S-02,SKU-2,Bread,Bakery,12,3.00,USD,C-0267,card
O-903768,2026-09-16,S-03,SKU-3,Milk,Dairy,3,2.20,USD,C-0268,cash
O-903769,2026-09-17,S-01,SKU-4,Eggs,Dairy,4,0.35,EUR,C-0269,card
O-903770,2026-09-18,S-02,SKU-5,Coffee,Beverages,3,8.99,GBP,C-0270,cash
O-903771,2026-09-19,S-03,SKU-1,Apple,Produce,12,1.50,USD,C-0271,card
O-903772,2026-09-20,S-01,SKU-2,Bread,Bakery,6,3.00,USD,C-0272,cash
O-903773,2026-09-21,S-02,SKU-3,Milk,Dairy,4,2.20,USD,C-0273,card
O-903774,2026-09-22,S-03,SKU-4,Eggs,Dairy,11,0.35,EUR,C-0274,cash
O-903775,2026-09-23,S-01,SKU-5,Coffee,Beverages,7,8.99,GBP,C-0275,card
O-903776,2026-09-24,S-02,SKU-1,Apple,Produce,8,1.50,USD,C-0276,cash
O-903777,2026-09-25,S-03,SKU-2,Bread,Bakery,3,3.00,USD,C-0277,card
O-903778,2026-09-26,S-01,SKU-3,Milk,Dairy,10,2.20,USD,C-0278,cash
O-903779,2026-09-27,S-02,SKU-4,Eggs,Dairy,11,0.35,EUR,C-0279,card
,2026-09-28,S-03,SKU-5,Coffee,Beverages,5,8.99,GBP,C-0280,cash
O-903781,2026-09-01,S-01,SKU-1,Apple,Produce,11,1.50,USD,C-0281,card
O-903782,2026-09-02,S-02,SKU-2,Bread,Bakery,7,3.00,USD,C-0282,cash
O-903783,2026-09-03,S-03,SKU-3,Milk,Dairy,7,2.20,USD,C-0283,card
O-903784,2026-09-04,S-01,SKU-4,Eggs,Dairy,8,0.35,EUR,C-0284,cash
O-903785,2026-09-05,S-02,SKU-5,Coffee,Beverages,2,8.99,GBP,C-0285,card
O-903786,2026-09-06,S-03,SKU-1,Apple,Produce,11,1.50,USD,C-0286,cash
O-903787,2026-09-07,S-01,SKU-2,Bread,Bakery,2,3.00,USD,C-0287,card
O-903788,2026-09-08,S-02,SKU-3,Milk,Dairy,7,2.20,USD,C-0288,cash
O-903789,2026-09-09,S-03,SKU-4,Eggs,Dairy,9,0.35,EUR,C-0289,card
O-903790,2026-09-10,S-01,SKU-5,Coffee,Beverages,12,8.99,GBP,C-0290,cash
O-903791,2026-09-11,S-02,SKU-1,Apple,Produce,5,1.50,USD,C-0291,card
O-903792,2026-09-12,S-03,SKU-2,Bread,Bakery,12,3.00,USD,C-0292,cash
O-903793,2026-09-13,S-01,SKU-3,Milk,Dairy,6,2.20,USD,C-0293,card
O-903794,2026-09-14,S-02,SKU-4,Eggs,Dairy,8,0.35,EUR,C-0294,cash
O-903795,2026-09-15,S-03,SKU-5,Coffee,Beverages,8,8.99,GBP,C-0295,card
O-903796,2026-09-16,S-01,SKU-1,Apple,Produce,6,1.50,USD,C-0296,cash
O-903797,2026-09-17,S-02,SKU-2,Bread,Bakery,10,3.00,USD,C-0297,card
O-903798,2026-09-18,S-03,SKU-3,Milk,Dairy,1,2.20,USD,C-0298,cash
O-903799,2026-09-19,S-01,SKU-4,Eggs,Dairy,12,0.35,EUR,C-0299,card
O-903800,2026-09-20,S-02,SKU-5,Coffee,Beverages,2,8.99,XYZ,C-0300,cash
O-903801,2026-09-21,S-03,SKU-1,Apple,Produce,12,1.50,USD,C-0301,card
O-903802,2026-09-22,S-01,SKU-2,Bread,Bakery,8,3.00,USD,C-0302,cash
O-903803,2026-09-23,S-02,SKU-3,Milk,Dairy,11,2.20,USD,C-0303,card
O-903804,2026-09-24,S-03,SKU-4,Eggs,Dairy,11,0.35,EUR,C-0304,cash
O-903805,2026-09-25,S-01,SKU-5,Coffee,Beverages,12,8.99,GBP,C-0305,card
O-903806,2026-09-26,S-02,SKU-1,Apple,Produce,6,1.50,USD,C-0306,cash
O-903807,2026-09-27,S-03,SKU-2,Bread,Bakery,2,3.00,USD,C-0307,card
O-903808,2026-09-28,S-01,SKU-3,Milk,Dairy,9,2.20,USD,C-0308,cash
O-903809,2026-09-01,S-02,SKU-4,Eggs,Dairy,7,0.35,EUR,C-0309,card
O-903810,2026-09-02,S-03,SKU-5,Coffee,Beverages,4,8.99,GBP,C-0310,cash
O-903811,2026-09-03,S-01,SKU-1,Apple,Produce,7,1.50,USD,C-0311,card
O-903812,2026-09-04,S-02,SKU-2,Bread,Bakery,4,3.00,USD,C-0312,cash
O-903813,2026-09-05,S-03,SKU-3,Milk,Dairy,8,2.20,USD,C-0313,card
O-903814,2026-09-06,S-01,SKU-4,Eggs,Dairy,5,0.35,EUR,C-0314,cash
O-903815,2026-09-07,S-02,SKU-5,Coffee,Beverages,6,8.99,GBP,C-0315,card
O-903816,2026-09-08,S-03,SKU-1,Apple,Produce,5,1.50,USD,C-0316,cash
O-903817,2026-09-09,S-01,SKU-2,Bread,Bakery,6,3.00,USD,C-0317,card
O-903818,2026-09-10,S-02,SKU-3,Milk,Dairy,9,2.20,USD,C-0318,cash
O-903819,2026-09-11,S-03,SKU-4,Eggs,Dairy,10,0.35,EUR,C-0319,card
O-903820,2026-09-12,S-01,SKU-5,Coffee,Beverages,3,8.99,GBP,C-0320,bitcoin
O-903821,2026-09-13,S-02,SKU-1,Apple,Produce,10,1.50,USD,C-0321,card
O-903822,2026-09-14,S-03,SKU-2,Bread,Bakery,8,3.00,USD,C-0322,cash
O-903823,2026-09-15,S-01,SKU-3,Milk,Dairy,6,2.20,USD,C-0323,card
O-903824,2026-09-16,S-02,SKU-4,Eggs,Dairy,11,0.35,EUR,C-0324,cash
O-903825,2026-09-17,S-03,SKU-5,Coffee,Beverages,1,8.99,GBP,C-0325,card
O-903826,2026-09-18,S-01,SKU-1,Apple,Produce,1,1.50,USD,C-0326,cash
O-903827,2026-09-19,S-02,SKU-2,Bread,Bakery,2,3.00,USD,C-0327,card
O-903828,2026-09-20,S-03,SKU-3,Milk,Dairy,11,2.20,USD,C-0328,cash
O-903829,2026-09-21,S-01,SKU-4,Eggs,Dairy,8,0.35,EUR,C-0329,card
O-903830,2026-09-22,S-02,SKU-5,Coffee,Beverages,1,8.99,GBP,C-0330,cash
O-903831,2026-09-23,S-03,SKU-1,Apple,Produce,2,1.50,USD,C-0331,card
O-903832,2026-09-24,S-01,SKU-2,Bread,Bakery,3,3.00,USD,C-0332,cash
O-903833,2026-09-25,S-02,SKU-3,Milk,Dairy,8,2.20,USD,C-0333,card
O-903834,2026-09-26,S-03,SKU-4,Eggs,Dairy,8,0.35,EUR,C-0334,cash
O-903835,2026-09-27,S-01,SKU-5,Coffee,Beverages,1,8.99,GBP,C-0335,card
O-903836,2026-09-28,S-02,SKU-1,Apple,Produce,7,1.50,USD,C-0336,cash
O-903837,2026-09-01,S-03,SKU-2,Bread,Bakery,4,3.00,USD,C-0337,card
O-903838,2026-09-02,S-01,SKU-3,Milk,Dairy,12,2.20,USD,C-0338,cash
O-903839,2026-09-03,S-02,SKU-4,Eggs,Dairy,3,0.35,EUR,C-0339,card
O-903840,2026-09-04,S-03,SKU-5,Coffee,Beverages,0,8.99,GBP,C-0340,cash
O-903841,2026-09-05,S-01,SKU-1,Apple,Produce,5,1.50,USD,C-0341,card
O-903842,2026-09-06,S-02,SKU-2,Bread,Bakery,3,3.00,USD,C-0342,cash
O-903843,2026-09-07,S-03,SKU-3,Milk,Dairy,5,2.20,USD,C-0343,card
O-903844,2026-09-08,S-01,SKU-4,Eggs,Dairy,2,0.35,EUR,C-0344,cash
O-903845,2026-09-09,S-02,SKU-5,Coffee,Beverages,11,8.99,GBP,C-0345,card
O-903846,2026-09-10,S-03,SKU-1,Apple,Produce,6,1.50,USD,C-0346,cash
O-903847,2026-09-11,S-01,SKU-2,Bread,Bakery,5,3.00,USD,C-0347,card
O-903848,2026-09-12,S-02,SKU-3,Milk,Dairy,2,2.20,USD,C-0348,cash
O-903849,2026-09-13,S-03,SKU-4,Eggs,Dairy,6,0.35,EUR,C-0349,card
O-903850,2026-09-14,S-01,SKU-5,Coffee,Beverages,11,8.99,GBP,C-0350,cash
O-903851,2026-09-15,S-02,SKU-1,Apple,Produce,11,1.50,USD,C-0351,card
O-903852,2026-09-16,S-03,SKU-2,Bread,Bakery,3,3.00,USD,C-0352,cash
O-903853,2026-09-17,S-01,SKU-3,Milk,Dairy,1,2.20,USD,C-0353,card
O-903854,2026-09-18,S-02,SKU-4,Eggs,Dairy,7,0.35,EUR,C-0354,cash
O-903855,2026-09-19,S-03,SKU-5,Coffee,Beverages,11,8.99,GBP,C-0355,card
O-903856,2026-09-20,S-01,SKU-1,Apple,Produce,5,1.50,USD,C-0356,cash
O-903857,2026-09-21,S-02,SKU-2,Bread,Bakery,12,3.00,USD,C-0357,card
O-903858,2026-09-22,S-03,SKU-3,Milk,Dairy,12,2.20,USD,C-0358,cash
O-903859,2026-09-23,S-01,SKU-4,Eggs,Dairy,4,0.35,EUR,C-0359,card
O-903860,bad-date,S-02,SKU-5,Coffee,Beverages,7,8.99,GBP,C-0360,cash
O-903861,2026-09-25,S-03,SKU-1,Apple,Produce,11,1.50,USD,C-0361,card
O-903862,2026-09-26,S-01,SKU-2,Bread,Bakery,2,3.00,USD,C-0362,cash
O-903863,2026-09-27,S-02,SKU-3,Milk,Dairy,12,2.20,USD,C-0363,card
O-903864,2026-09-28,S-03,SKU-4,Eggs,Dairy,2,0.35,EUR,C-0364,cash
O-903865,2026-09-01,S-01,SKU-5,Coffee,Beverages,1,8.99,GBP,C-0365,card
O-903866,2026-09-02,S-02,SKU-1,Apple,Produce,4,1.50,USD,C-0366,cash
O-903867,2026-09-03,S-03,SKU-2,Bread,Bakery,8,3.00,USD,C-0367,card
O-903868,2026-09-04,S-01,SKU-3,Milk,Dairy,2,2.20,USD,C-0368,cash
O-903869,2026-09-05,S-02,SKU-4,Eggs,Dairy,3,0.35,EUR,C-0369,card
O-903870,2026-09-06,S-03,SKU-5,Coffee,Beverages,10,8.99,GBP,C-0370,cash
O-903871,2026-09-07,S-01,SKU-1,Apple,Produce,4,1.50,USD,C-0371,card
O-903872,2026-09-08,S-02,SKU-2,Bread,Bakery,9,3.00,USD,C-0372,cash
O-903873,2026-09-09,S-03,SKU-3,Milk,Dairy,11,2.20,USD,C-0373,card
O-903874,2026-09-10,S-01,SKU-4,Eggs,Dairy,8,0.35,EUR,C-0374,cash
O-903875,2026-09-11,S-02,SKU-5,Coffee,Beverages,1,8.99,GBP,C-0375,card
O-903876,2026-09-12,S-03,SKU-1,Apple,Produce,1,1.50,USD,C-0376,cash
O-903877,2026-09-13,S-01,SKU-2,Bread,Bakery,12,3.00,USD,C-0377,card
O-903878,2026-09-14,S-02,SKU-3,Milk,Dairy,6,2.20,USD,C-0378,cash
O-903879,2026-09-15,S-03,SKU-4,Eggs,Dairy,2,0.35,EUR,C-0379,card
O-903880,2026-09-16,S-01,SKU-5,Coffee,Beverages,-3,8.99,GBP,C-0380,cash
O-903881,2026-09-17,S-02,SKU-1,Apple,Produce,12,1.50,USD,C-0381,card
O-903882,2026-09-18,S-03,SKU-2,Bread,Bakery,3,3.00,USD,C-0382,cash
O-903883,2026-09-19,S-01,SKU-3,Milk,Dairy,8,2.20,USD,C-0383,card
O-903884,2026-09-20,S-02,SKU-4,Eggs,Dairy,2,0.35,EUR,C-0384,cash
O-903885,2026-09-21,S-03,SKU-5,Coffee,Beverages,4,8.99,GBP,C-0385,card
O-903886,2026-09-22,S-01,SKU-1,Apple,Produce,7,1.50,USD,C-0386,cash
O-903887,2026-09-23,S-02,SKU-2,Bread,Bakery,2,3.00,USD,C-0387,card
O-903888,2026-09-24,S-03,SKU-3,Milk,Dairy,12,2.20,USD,C-0388,cash
O-903889,2026-09-25,S-01,SKU-4,Eggs,Dairy,2,0.35,EUR,C-0389,card
O-903890,2026-09-26,S-02,SKU-5,Coffee,Beverages,2,8.99,GBP,C-0390,cash
O-903891,2026-09-27,S-03,SKU-1,Apple,Produce,6,1.50,USD,C-0391,card
O-903892,2026-09-28,S-01,SKU-2,Bread,Bakery,6,3.00,USD,C-0392,cash
O-903893,2026-09-01,S-02,SKU-3,Milk,Dairy,5,2.20,USD,C-0393,card
O-903894,2026-09-02,S-03,SKU-4,Eggs,Dairy,3,0.35,EUR,C-0394,cash
O-903895,2026-09-03,S-01,SKU-5,Coffee,Beverages,7,8.99,GBP,C-0395,card
O-903896,2026-09-04,S-02,SKU-1,Apple,Produce,3,1.50,USD,C-0396,cash
O-903897,2026-09-05,S-03,SKU-2,Bread,Bakery,11,3.00,USD,C-0397,card
O-903898,2026-09-06,S-01,SKU-3,Milk,Dairy,11,2.20,USD,C-0398,cash
O-903899,2026-09-07,S-02,SKU-4,Eggs,Dairy,3,0.35,EUR,C-0399,card
O-903900,2026-09-08,S-03,SKU-999,Coffee,Beverages,2,8.99,GBP,C-0400,cash
O-903901,2026-09-09,S-01,SKU-1,Apple,Produce,9,1.50,USD,C-0401,card
O-903902,2026-09-10,S-02,SKU-2,Bread,Bakery,10,3.00,USD,C-0402,cash
O-903903,2026-09-11,S-03,SKU-3,Milk,Dairy,1,2.20,USD,C-0403,card
O-903904,2026-09-12,S-01,SKU-4,Eggs,Dairy,10,0.35,EUR,C-0404,cash
O-903905,2026-09-13,S-02,SKU-5,Coffee,Beverages,11,8.99,GBP,C-0405,card
O-903906,2026-09-14,S-03,SKU-1,Apple,Produce,3,1.50,USD,C-0406,cash
O-903907,2026-09-15,S-01,SKU-2,Bread,Bakery,8,3.00,USD,C-0407,card
O-903908,2026-09-16,S-02,SKU-3,Milk,Dairy,6,2.20,USD,C-0408,cash
O-903909,2026-09-17,S-03,SKU-4,Eggs,Dairy,12,0.35,EUR,C-0409,card
O-903910,2026-09-18,S-01,SKU-5,Coffee,Beverages,4,8.99,GBP,C-0410,cash
O-903911,2026-09-19,S-02,SKU-1,Apple,Produce,11,1.50,USD,C-0411,card
O-903912,2026-09-20,S-03,SKU-2,Bread,Bakery,12,3.00,USD,C-0412,cash
O-903913,2026-09-21,S-01,SKU-3,Milk,Dairy,3,2.20,USD,C-0413,card
O-903914,2026-09-22,S-02,SKU-4,Eggs,Dairy,7,0.35,EUR,C-0414,cash
O-903915,2026-09-23,S-03,SKU-5,Coffee,Beverages,10,8.99,GBP,C-0415,card
O-903916,2026-09-24,S-01,SKU-1,Apple,Produce,11,1.50,USD,C-0416,cash
O-903917,2026-09-25,S-02,SKU-2,Bread,Bakery,8,3.00,USD,C-0417,card
O-903918,2026-09-26,S-03,SKU-3,Milk,Dairy,4,2.20,USD,C-0418,cash
O-903919,2026-09-27,S-01,SKU-4,Eggs,Dairy,2,0.35,EUR,C-0419,card
O-903920,2026-09-28,S-02,SKU-5,Coffee,Beverages,2,,GBP,C-0420,cash
O-903921,2026-09-01,S-03,SKU-1,Apple,Produce,3,1.50,USD,C-0421,card
O-903922,2026-09-02,S-01,SKU-2,Bread,Bakery,2,3.00,USD,C-0422,cash
O-903923,2026-09-03,S-02,SKU-3,Milk,Dairy,10,2.20,USD,C-0423,card
O-903924,2026-09-04,S-03,SKU-4,Eggs,Dairy,12,0.35,EUR,C-0424,cash
O-903925,2026-09-05,S-01,SKU-5,Coffee,Beverages,7,8.99,GBP,C-0425,card
O-903926,2026-09-06,S-02,SKU-1,Apple,Produce,6,1.50,USD,C-0426,cash
O-903927,2026-09-07,S-03,SKU-2,Bread,Bakery,7,3.00,USD,C-0427,card
O-903928,2026-09-08,S-01,SKU-3,Milk,Dairy,6,2.20,USD,C-0428,cash
O-903929,2026-09-09,S-02,SKU-4,Eggs,Dairy,3,0.35,EUR,C-0429,card
O-903930,2026-09-10,S-03,SKU-5,Coffee,Beverages,4,8.99,GBP,C-0430,cash
O-903931,2026-09-11,S-01,SKU-1,Apple,Produce,5,1.50,USD,C-0431,card
O-903932,2026-09-12,S-02,SKU-2,Bread,Bakery,11,3.00,USD,C-0432,cash
O-903933,2026-09-13,S-03,SKU-3,Milk,Dairy,2,2.20,USD,C-0433,card
O-903934,2026-09-14,S-01,SKU-4,Eggs,Dairy,4,0.35,EUR,C-0434,cash
O-903935,2026-09-15,S-02,SKU-5,Coffee,Beverages,9,8.99,GBP,C-0435,card
O-903936,2026-09-16,S-03,SKU-1,Apple,Produce,10,1.50,USD,C-0436,cash
O-903937,2026-09-17,S-01,SKU-2,Bread,Bakery,10,3.00,USD,C-0437,card
O-903938,2026-09-18,S-02,SKU-3,Milk,Dairy,12,2.20,USD,C-0438,cash
O-903939,2026-09-19,S-03,SKU-4,Eggs,Dairy,10,0.35,EUR,C-0439,card
,2026-09-20,S-01,SKU-5,Coffee,Beverages,5,8.99,GBP,C-0440,cash
O-903941,2026-09-21,S-02,SKU-1,Apple,Produce,12,1.50,USD,C-0441,card
O-903942,2026-09-22,S-03,SKU-2,Bread,Bakery,1,3.00,USD,C-0442,cash
O-903943,2026-09-23,S-01,SKU-3,Milk,Dairy,11,2.20,USD,C-0443,card
O-903944,2026-09-24,S-02,SKU-4,Eggs,Dairy,5,0.35,EUR,C-0444,cash
O-903945,2026-09-25,S-03,SKU-5,Coffee,Beverages,4,8.99,GBP,C-0445,card
O-903946,2026-09-26,S-01,SKU-1,Apple,Produce,9,1.50,USD,C-0446,cash
O-903947,2026-09-27,S-02,SKU-2,Bread,Bakery,10,3.00,USD,C-0447,card
O-903948,2026-09-28,S-03,SKU-3,Milk,Dairy,9,2.20,USD,C-0448,cash
O-903949,2026-09-01,S-01,SKU-4,Eggs,Dairy,4,0.35,EUR,C-0449,card
O-903950,2026-09-02,S-02,SKU-5,Coffee,Beverages,12,8.99,GBP,C-0450,cash
O-903951,2026-09-03,S-03,SKU-1,Apple,Produce,7,1.50,USD,C-0451,card
O-903952,2026-09-04,S-01,SKU-2,Bread,Bakery,5,3.00,USD,C-0452,cash
O-903953,2026-09-05,S-02,SKU-3,Milk,Dairy,11,2.20,USD,C-0453,card
O-903954,2026-09-06,S-03,SKU-4,Eggs,Dairy,1,0.35,EUR,C-0454,cash
O-903955,2026-09-07,S-01,SKU-5,Coffee,Beverages,4,8.99,GBP,C-0455,card
O-903956,2026-09-08,S-02,SKU-1,Apple,Produce,8,1.50,USD,C-0456,cash
O-903957,2026-09-09,S-03,SKU-2,Bread,Bakery,7,3.00,USD,C-0457,card
O-903958,2026-09-10,S-01,SKU-3,Milk,Dairy,2,2.20,USD,C-0458,cash
O-903959,2026-09-11,S-02,SKU-4,Eggs,Dairy,4,0.35,EUR,C-0459,card
O-903960,2026-09-12,S-03,SKU-5,Coffee,Beverages,8,8.99,XYZ,C-0460,cash
O-903961,2026-09-13,S-01,SKU-1,Apple,Produce,11,1.50,USD,C-0461,card
O-903962,2026-09-14,S-02,SKU-2,Bread,Bakery,10,3.00,USD,C-0462,cash
O-903963,2026-09-15,S-03,SKU-3,Milk,Dairy,2,2.20,USD,C-0463,card
O-903964,2026-09-16,S-01,SKU-4,Eggs,Dairy,9,0.35,EUR,C-0464,cash
O-903965,2026-09-17,S-02,SKU-5,Coffee,Beverages,1,8.99,GBP,C-0465,card
O-903966,2026-09-18,S-03,SKU-1,Apple,Produce,6,1.50,USD,C-0466,cash
O-903967,2026-09-19,S-01,SKU-2,Bread,Bakery,6,3.00,USD,C-0467,card
O-903968,2026-09-20,S-02,SKU-3,Milk,Dairy,3,2.20,USD,C-0468,cash
O-903969,2026-09-21,S-03,SKU-4,Eggs,Dairy,7,0.35,EUR,C-0469,card
O-903970,2026-09-22,S-01,SKU-5,Coffee,Beverages,10,8.99,GBP,C-0470,cash
O-903971,2026-09-23,S-02,SKU-1,Apple,Produce,7,1.50,USD,C-0471,card
O-903972,2026-09-24,S-03,SKU-2,Bread,Bakery,6,3.00,USD,C-0472,cash
O-903973,2026-09-25,S-01,SKU-3,Milk,Dairy,9,2.20,USD,C-0473,card
O-903974,2026-09-26,S-02,SKU-4,Eggs,Dairy,11,0.35,EUR,C-0474,cash
O-903975,2026-09-27,S-03,SKU-5,Coffee,Beverages,3,8.99,GBP,C-0475,card
O-903976,2026-09-28,S-01,SKU-1,Apple,Produce,8,1.50,USD,C-0476,cash
O-903977,2026-09-01,S-02,SKU-2,Bread,Bakery,2,3.00,USD,C-0477,card
O-903978,2026-09-02,S-03,SKU-3,Milk,Dairy,1,2.20,USD,C-0478,cash
O-903979,2026-09-03,S-01,SKU-4,Eggs,Dairy,10,0.35,EUR,C-0479,card
O-903980,2026-09-04,S-02,SKU-5,Coffee,Beverages,2,8.99,GBP,C-0480,bitcoin
O-903981,2026-09-05,S-03,SKU-1,Apple,Produce,1,1.50,USD,C-0481,card
O-903982,2026-09-06,S-01,SKU-2,Bread,Bakery,5,3.00,USD,C-0482,cash
O-903983,2026-09-07,S-02,SKU-3,Milk,Dairy,4,2.20,USD,C-0483,card
O-903984,2026-09-08,S-03,SKU-4,Eggs,Dairy,1,0.35,EUR,C-0484,cash
O-903985,2026-09-09,S-01,SKU-5,Coffee,Beverages,1,8.99,GBP,C-0485,card
O-903986,2026-09-10,S-02,SKU-1,Apple,Produce,7,1.50,USD,C-0486,cash
O-903987,2026-09-11,S-03,SKU-2,Bread,Bakery,9,3.00,USD,C-0487,card
O-903988,2026-09-12,S-01,SKU-3,Milk,Dairy,5,2.20,USD,C-0488,cash
O-903989,2026-09-13,S-02,SKU-4,Eggs,Dairy,11,0.35,EUR,C-0489,card
O-903990,2026-09-14,S-03,SKU-5,Coffee,Beverages,12,8.99,GBP,C-0490,cash
O-903991,2026-09-15,S-01,SKU-1,Apple,Produce,9,1.50,USD,C-0491,card
O-903992,2026-09-16,S-02,SKU-2,Bread,Bakery,7,3.00,USD,C-0492,cash
O-903993,2026-09-17,S-03,SKU-3,Milk,Dairy,7,2.20,USD,C-0493,card
O-903994,2026-09-18,S-01,SKU-4,Eggs,Dairy,12,0.35,EUR,C-0494,cash
O-903995,2026-09-19,S-02,SKU-5,Coffee,Beverages,7,8.99,GBP,C-0495,card
O-903996,2026-09-20,S-03,SKU-1,Apple,Produce,2,1.50,USD,C-0496,cash
O-903997,2026-09-21,S-01,SKU-2,Bread,Bakery,11,3.00,USD,C-0497,card
O-903998,2026-09-22,S-02,SKU-3,Milk,Dairy,9,2.20,USD,C-0498,cash
O-903999,2026-09-23,S-03,SKU-4,Eggs,Dairy,9,0.35,EUR,C-0499,card
O-904000,2026-09-24,S-01,SKU-5,Coffee,Beverages,0,8.99,GBP,C-0500,cash
O-904001,2026-09-25,S-02,SKU-1,Apple,Produce,3,1.50,USD,C-0001,card
O-904002,2026-09-26,S-03,SKU-2,Bread,Bakery,5,3.00,USD,C-0002,cash
O-904003,2026-09-27,S-01,SKU-3,Milk,Dairy,2,2.20,USD,C-0003,card
O-904004,2026-09-28,S-02,SKU-4,Eggs,Dairy,5,0.35,EUR,C-0004,cash
O-904005,2026-09-01,S-03,SKU-5,Coffee,Beverages,2,8.99,GBP,C-0005,card
O-904006,2026-09-02,S-01,SKU-1,Apple,Produce,9,1.50,USD,C-0006,cash
O-904007,2026-09-03,S-02,SKU-2,Bread,Bakery,4,3.00,USD,C-0007,card
O-904008,2026-09-04,S-03,SKU-3,Milk,Dairy,3,2.20,USD,C-0008,cash
O-904009,2026-09-05,S-01,SKU-4,Eggs,Dairy,9,0.35,EUR,C-0009,card
O-904010,2026-09-06,S-02,SKU-5,Coffee,Beverages,6,8.99,GBP,C-0010,cash
O-904011,2026-09-07,S-03,SKU-1,Apple,Produce,7,1.50,USD,C-0011,card
O-904012,2026-09-08,S-01,SKU-2,Bread,Bakery,10,3.00,USD,C-0012,cash
O-904013,2026-09-09,S-02,SKU-3,Milk,Dairy,11,2.20,USD,C-0013,card
O-904014,2026-09-10,S-03,SKU-4,Eggs,Dairy,11,0.35,EUR,C-0014,cash
O-904015,2026-09-11,S-01,SKU-5,Coffee,Beverages,11,8.99,GBP,C-0015,card
O-904016,2026-09-12,S-02,SKU-1,Apple,Produce,11,1.50,USD,C-0016,cash
O-904017,2026-09-13,S-03,SKU-2,Bread,Bakery,2,3.00,USD,C-0017,card
O-904018,2026-09-14,S-01,SKU-3,Milk,Dairy,5,2.20,USD,C-0018,cash
O-904019,2026-09-15,S-02,SKU-4,Eggs,Dairy,12,0.35,EUR,C-0019,card
O-904020,bad-date,S-03,SKU-5,Coffee,Beverages,7,8.99,GBP,C-0020,cash
O-904021,2026-09-17,S-01,SKU-1,Apple,Produce,12,1.50,USD,C-0021,card
O-904022,2026-09-18,S-02,SKU-2,Bread,Bakery,4,3.00,USD,C-0022,cash
O-904023,2026-09-19,S-03,SKU-3,Milk,Dairy,1,2.20,USD,C-0023,card
O-904024,2026-09-20,S-01,SKU-4,Eggs,Dairy,4,0.35,EUR,C-0024,cash
O-904025,2026-09-21,S-02,SKU-5,Coffee,Beverages,2,8.99,GBP,C-0025,card
O-904026,2026-09-22,S-03,SKU-1,Apple,Produce,7,1.50,USD,C-0026,cash
O-904027,2026-09-23,S-01,SKU-2,Bread,Bakery,2,3.00,USD,C-0027,card
O-904028,2026-09-24,S-02,SKU-3,Milk,Dairy,8,2.20,USD,C-0028,cash
O-904029,2026-09-25,S-03,SKU-4,Eggs,Dairy,10,0.35,EUR,C-0029,card
O-904030,2026-09-26,S-01,SKU-5,Coffee,Beverages,10,8.99,GBP,C-0030,cash
O-904031,2026-09-27,S-02,SKU-1,Apple,Produce,1,1.50,USD,C-0031,card
O-904032,2026-09-28,S-03,SKU-2,Bread,Bakery,5,3.00,USD,C-0032,cash
O-904033,2026-09-01,S-01,SKU-3,Milk,Dairy,11,2.20,USD,C-0033,card
O-904034,2026-09-02,S-02,SKU-4,Eggs,Dairy,12,0.35,EUR,C-0034,cash
O-904035,2026-09-03,S-03,SKU-5,Coffee,Beverages,11,8.99,GBP,C-0035,card
O-904036,2026-09-04,S-01,SKU-1,Apple,Produce,12,1.50,USD,C-0036,cash
O-904037,2026-09-05,S-02,SKU-2,Bread,Bakery,3,3.00,USD,C-0037,card
O-904038,2026-09-06,S-03,SKU-3,Milk,Dairy,2,2.20,USD,C-0038,cash
O-904039,2026-09-07,S-01,SKU-4,Eggs,Dairy,1,0.35,EUR,C-0039,card
O-904040,2026-09-08,S-02,SKU-5,Coffee,Beverages,-3,8.99,GBP,C-0040,cash
O-904041,2026-09-09,S-03,SKU-1,Apple,Produce,3,1.50,USD,C-0041,card
O-904042,2026-09-10,S-01,SKU-2,Bread,Bakery,12,3.00,USD,C-0042,cash
O-904043,2026-09-11,S-02,SKU-3,Milk,Dairy,1,2.20,USD,C-0043,card
O-904044,2026-09-12,S-03,SKU-4,Eggs,Dairy,3,0.35,EUR,C-0044,cash
O-904045,2026-09-13,S-01,SKU-5,Coffee,Beverages,8,8.99,GBP,C-0045,card
O-904046,2026-09-14,S-02,SKU-1,Apple,Produce,6,1.50,USD,C-0046,cash
O-904047,2026-09-15,S-03,SKU-2,Bread,Bakery,9,3.00,USD,C-0047,card
O-904048,2026-09-16,S-01,SKU-3,Milk,Dairy,9,2.20,USD,C-0048,cash
O-904049,2026-09-17,S-02,SKU-4,Eggs,Dairy,12,0.35,EUR,C-0049,card
O-904050,2026-09-18,S-03,SKU-5,Coffee,Beverages,5,8.99,GBP,C-0050,cash
O-904051,2026-09-19,S-01,SKU-1,Apple,Produce,3,1.50,USD,C-0051,card
O-904052,2026-09-20,S-02,SKU-2,Bread,Bakery,6,3.00,USD,C-0052,cash
O-904053,2026-09-21,S-03,SKU-3,Milk,Dairy,3,2.20,USD,C-0053,card
O-904054,2026-09-22,S-01,SKU-4,Eggs,Dairy,12,0.35,EUR,C-0054,cash
O-904055,2026-09-23,S-02,SKU-5,Coffee,Beverages,5,8.99,GBP,C-0055,card
O-904056,2026-09-24,S-03,SKU-1,Apple,Produce,12,1.50,USD,C-0056,cash
O-904057,2026-09-25,S-01,SKU-2,Bread,Bakery,2,3.00,USD,C-0057,card
O-904058,2026-09-26,S-02,SKU-3,Milk,Dairy,1,2.20,USD,C-0058,cash
O-904059,2026-09-27,S-03,SKU-4,Eggs,Dairy,6,0.35,EUR,C-0059,card
O-904060,2026-09-28,S-01,SKU-999,Coffee,Beverages,7,8.99,GBP,C-0060,cash
O-904061,2026-09-01,S-02,SKU-1,Apple,Produce,5,1.50,USD,C-0061,card
O-904062,2026-09-02,S-03,SKU-2,Bread,Bakery,9,3.00,USD,C-0062,cash
O-904063,2026-09-03,S-01,SKU-3,Milk,Dairy,2,2.20,USD,C-0063,card
O-904064,2026-09-04,S-02,SKU-4,Eggs,Dairy,5,0.35,EUR,C-0064,cash
O-904065,2026-09-05,S-03,SKU-5,Coffee,Beverages,12,8.99,GBP,C-0065,card
O-904066,2026-09-06,S-01,SKU-1,Apple,Produce,10,1.50,USD,C-0066,cash
O-904067,2026-09-07,S-02,SKU-2,Bread,Bakery,11,3.00,USD,C-0067,card
O-904068,2026-09-08,S-03,SKU-3,Milk,Dairy,2,2.20,USD,C-0068,cash
O-904069,2026-09-09,S-01,SKU-4,Eggs,Dairy,8,0.35,EUR,C-0069,card
O-904070,2026-09-10,S-02,SKU-5,Coffee,Beverages,8,8.99,GBP,C-0070,cash
O-904071,2026-09-11,S-03,SKU-1,Apple,Produce,9,1.50,USD,C-0071,card
O-904072,2026-09-12,S-01,SKU-2,Bread,Bakery,6,3.00,USD,C-0072,cash
O-904073,2026-09-13,S-02,SKU-3,Milk,Dairy,1,2.20,USD,C-0073,card
O-904074,2026-09-14,S-03,SKU-4,Eggs,Dairy,8,0.35,EUR,C-0074,cash
O-904075,2026-09-15,S-01,SKU-5,Coffee,Beverages,10,8.99,GBP,C-0075,card
O-904076,2026-09-16,S-02,SKU-1,Apple,Produce,3,1.50,USD,C-0076,cash
O-904077,2026-09-17,S-03,SKU-2,Bread,Bakery,6,3.00,USD,C-0077,card
O-904078,2026-09-18,S-01,SKU-3,Milk,Dairy,3,2.20,USD,C-0078,cash
O-904079,2026-09-19,S-02,SKU-4,Eggs,Dairy,5,0.35,EUR,C-0079,card
O-904080,2026-09-20,S-03,SKU-5,Coffee,Beverages,2,,GBP,C-0080,cash
O-904081,2026-09-21,S-01,SKU-1,Apple,Produce,10,1.50,USD,C-0081,card
O-904082,2026-09-22,S-02,SKU-2,Bread,Bakery,11,3.00,USD,C-0082,cash
O-904083,2026-09-23,S-03,SKU-3,Milk,Dairy,12,2.20,USD,C-0083,card
O-904084,2026-09-24,S-01,SKU-4,Eggs,Dairy,2,0.35,EUR,C-0084,cash
O-904085,2026-09-25,S-02,SKU-5,Coffee,Beverages,4,8.99,GBP,C-0085,card
O-904086,2026-09-26,S-03,SKU-1,Apple,Produce,12,1.50,USD,C-0086,cash
O-904087,2026-09-27,S-01,SKU-2,Bread,Bakery,9,3.00,USD,C-0087,card
O-904088,2026-09-28,S-02,SKU-3,Milk,Dairy,1,2.20,USD,C-0088,cash
O-904089,2026-09-01,S-03,SKU-4,Eggs,Dairy,1,0.35,EUR,C-0089,card
O-904090,2026-09-02,S-01,SKU-5,Coffee,Beverages,1,8.99,GBP,C-0090,cash
O-904091,2026-09-03,S-02,SKU-1,Apple,Produce,4,1.50,USD,C-0091,card
O-904092,2026-09-04,S-03,SKU-2,Bread,Bakery,1,3.00,USD,C-0092,cash
O-904093,2026-09-05,S-01,SKU-3,Milk,Dairy,8,2.20,USD,C-0093,card
O-904094,2026-09-06,S-02,SKU-4,Eggs,Dairy,6,0.35,EUR,C-0094,cash
O-904095,2026-09-07,S-03,SKU-5,Coffee,Beverages,7,8.99,GBP,C-0095,card
O-904096,2026-09-08,S-01,SKU-1,Apple,Produce,3,1.50,USD,C-0096,cash
O-904097,2026-09-09,S-02,SKU-2,Bread,Bakery,3,3.00,USD,C-0097,card
O-904098,2026-09-10,S-03,SKU-3,Milk,Dairy,1,2.20,USD,C-0098,cash
O-904099,2026-09-11,S-01,SKU-4,Eggs,Dairy,9,0.35,EUR,C-0099,card
,2026-09-12,S-02,SKU-5,Coffee,Beverages,12,8.99,GBP,C-0100,cash
O-904101,2026-09-13,S-03,SKU-1,Apple,Produce,12,1.50,USD,C-0101,card
O-904102,2026-09-14,S-01,SKU-2,Bread,Bakery,11,3.00,USD,C-0102,cash
O-904103,2026-09-15,S-02,SKU-3,Milk,Dairy,7,2.20,USD,C-0103,card
O-904104,2026-09-16,S-03,SKU-4,Eggs,Dairy,4,0.35,EUR,C-0104,cash
O-904105,2026-09-17,S-01,SKU-5,Coffee,Beverages,6,8.99,GBP,C-0105,card
O-904106,2026-09-18,S-02,SKU-1,Apple,Produce,4,1.50,USD,C-0106,cash
O-904107,2026-09-19,S-03,SKU-2,Bread,Bakery,7,3.00,USD,C-0107,card
O-904108,2026-09-20,S-01,SKU-3,Milk,Dairy,12,2.20,USD,C-0108,cash
O-904109,2026-09-21,S-02,SKU-4,Eggs,Dairy,6,0.35,EUR,C-0109,card
O-904110,2026-09-22,S-03,SKU-5,Coffee,Beverages,5,8.99,GBP,C-0110,cash
O-904111,2026-09-23,S-01,SKU-1,Apple,Produce,2,1.50,USD,C-0111,card
O-904112,2026-09-24,S-02,SKU-2,Bread,Bakery,10,3.00,USD,C-0112,cash
O-904113,2026-09-25,S-03,SKU-3,Milk,Dairy,6,2.20,USD,C-0113,card
O-904114,2026-09-26,S-01,SKU-4,Eggs,Dairy,2,0.35,EUR,C-0114,cash
O-904115,2026-09-27,S-02,SKU-5,Coffee,Beverages,9,8.99,GBP,C-0115,card
O-904116,2026-09-28,S-03,SKU-1,Apple,Produce,11,1.50,USD,C-0116,cash
O-904117,2026-09-01,S-01,SKU-2,Bread,Bakery,1,3.00,USD,C-0117,card
O-904118,2026-09-02,S-02,SKU-3,Milk,Dairy,3,2.20,USD,C-0118,cash
O-904119,2026-09-03,S-03,SKU-4,Eggs,Dairy,4,0.35,EUR,C-0119,card
O-904120,2026-09-04,S-01,SKU-5,Coffee,Beverages,9,8.99,XYZ,C-0120,cash
O-904121,2026-09-05,S-02,SKU-1,Apple,Produce,1,1.50,USD,C-0121,card
O-904122,2026-09-06,S-03,SKU-2,Bread,Bakery,7,3.00,USD,C-0122,cash
O-904123,2026-09-07,S-01,SKU-3,Milk,Dairy,2,2.20,USD,C-0123,card
O-904124,2026-09-08,S-02,SKU-4,Eggs,Dairy,8,0.35,EUR,C-0124,cash
O-904125,2026-09-09,S-03,SKU-5,Coffee,Beverages,5,8.99,GBP,C-0125,card
O-904126,2026-09-10,S-01,SKU-1,Apple,Produce,5,1.50,USD,C-0126,cash
O-904127,2026-09-11,S-02,SKU-2,Bread,Bakery,6,3.00,USD,C-0127,card
O-904128,2026-09-12,S-03,SKU-3,Milk,Dairy,2,2.20,USD,C-0128,cash
O-904129,2026-09-13,S-01,SKU-4,Eggs,Dairy,9,0.35,EUR,C-0129,card
O-904130,2026-09-14,S-02,SKU-5,Coffee,Beverages,8,8.99,GBP,C-0130,cash
O-904131,2026-09-15,S-03,SKU-1,Apple,Produce,1,1.50,USD,C-0131,card
O-904132,2026-09-16,S-01,SKU-2,Bread,Bakery,6,3.00,USD,C-0132,cash
O-904133,2026-09-17,S-02,SKU-3,Milk,Dairy,4,2.20,USD,C-0133,card
O-904134,2026-09-18,S-03,SKU-4,Eggs,Dairy,5,0.35,EUR,C-0134,cash
O-904135,2026-09-19,S-01,SKU-5,Coffee,Beverages,10,8.99,GBP,C-0135,card
O-904136,2026-09-20,S-02,SKU-1,Apple,Produce,5,1.50,USD,C-0136,cash
O-904137,2026-09-21,S-03,SKU-2,Bread,Bakery,12,3.00,USD,C-0137,card
O-904138,2026-09-22,S-01,SKU-3,Milk,Dairy,10,2.20,USD,C-0138,cash
O-904139,2026-09-23,S-02,SKU-4,Eggs,Dairy,4,0.35,EUR,C-0139,card
O-904140,2026-09-24,S-03,SKU-5,Coffee,Beverages,8,8.99,GBP,C-0140,bitcoin
O-904141,2026-09-25,S-01,SKU-1,Apple,Produce,6,1.50,USD,C-0141,card
O-904142,2026-09-26,S-02,SKU-2,Bread,Bakery,10,3.00,USD,C-0142,cash
O-904143,2026-09-27,S-03,SKU-3,Milk,Dairy,8,2.20,USD,C-0143,card
O-904144,2026-09-28,S-01,SKU-4,Eggs,Dairy,4,0.35,EUR,C-0144,cash
O-904145,2026-09-01,S-02,SKU-5,Coffee,Beverages,12,8.99,GBP,C-0145,card
O-904146,2026-09-02,S-03,SKU-1,Apple,Produce,9,1.50,USD,C-0146,cash
O-904147,2026-09-03,S-01,SKU-2,Bread,Bakery,4,3.00,USD,C-0147,card
O-904148,2026-09-04,S-02,SKU-3,Milk,Dairy,3,2.20,USD,C-0148,cash
O-904149,2026-09-05,S-03,SKU-4,Eggs,Dairy,1,0.35,EUR,C-0149,card
O-904150,2026-09-06,S-01,SKU-5,Coffee,Beverages,7,8.99,GBP,C-0150,cash
O-904151,2026-09-07,S-02,SKU-1,Apple,Produce,1,1.50,USD,C-0151,card
O-904152,2026-09-08,S-03,SKU-2,Bread,Bakery,4,3.00,USD,C-0152,cash
O-904153,2026-09-09,S-01,SKU-3,Milk,Dairy,9,2.20,USD,C-0153,card
O-904154,2026-09-10,S-02,SKU-4,Eggs,Dairy,6,0.35,EUR,C-0154,cash
O-904155,2026-09-11,S-03,SKU-5,Coffee,Beverages,11,8.99,GBP,C-0155,card
O-904156,2026-09-12,S-01,SKU-1,Apple,Produce,12,1.50,USD,C-0156,cash
O-904157,2026-09-13,S-02,SKU-2,Bread,Bakery,1,3.00,USD,C-0157,card
O-904158,2026-09-14,S-03,SKU-3,Milk,Dairy,6,2.20,USD,C-0158,cash
O-904159,2026-09-15,S-01,SKU-4,Eggs,Dairy,1,0.35,EUR,C-0159,card
O-904160,2026-09-16,S-02,SKU-5,Coffee,Beverages,0,8.99,GBP,C-0160,cash
O-904161,2026-09-17,S-03,SKU-1,Apple,Produce,7,1.50,USD,C-0161,card
O-904162,2026-09-18,S-01,SKU-2,Bread,Bakery,12,3.00,USD,C-0162,cash
O-904163,2026-09-19,S-02,SKU-3,Milk,Dairy,12,2.20,USD,C-0163,card
O-904164,2026-09-20,S-03,SKU-4,Eggs,Dairy,5,0.35,EUR,C-0164,cash
O-904165,2026-09-21,S-01,SKU-5,Coffee,Beverages,2,8.99,GBP,C-0165,card
O-904166,2026-09-22,S-02,SKU-1,Apple,Produce,4,1.50,USD,C-0166,cash
O-904167,2026-09-23,S-03,SKU-2,Bread,Bakery,9,3.00,USD,C-0167,card
O-904168,2026-09-24,S-01,SKU-3,Milk,Dairy,4,2.20,USD,C-0168,cash
O-904169,2026-09-25,S-02,SKU-4,Eggs,Dairy,7,0.35,EUR,C-0169,card
O-904170,2026-09-26,S-03,SKU-5,Coffee,Beverages,8,8.99,GBP,C-0170,cash
O-904171,2026-09-27,S-01,SKU-1,Apple,Produce,1,1.50,USD,C-0171,card
O-904172,2026-09-28,S-02,SKU-2,Bread,Bakery,3,3.00,USD,C-0172,cash
O-904173,2026-09-01,S-03,SKU-3,Milk,Dairy,12,2.20,USD,C-0173,card
O-904174,2026-09-02,S-01,SKU-4,Eggs,Dairy,5,0.35,EUR,C-0174,cash
O-904175,2026-09-03,S-02,SKU-5,Coffee,Beverages,2,8.99,GBP,C-0175,card
O-904176,2026-09-04,S-03,SKU-1,Apple,Produce,1,1.50,USD,C-0176,cash
O-904177,2026-09-05,S-01,SKU-2,Bread,Bakery,4,3.00,USD,C-0177,card
O-904178,2026-09-06,S-02,SKU-3,Milk,Dairy,9,2.20,USD,C-0178,cash
O-904179,2026-09-07,S-03,SKU-4,Eggs,Dairy,7,0.35,EUR,C-0179,card
O-904180,bad-date,S-01,SKU-5,Coffee,Beverages,12,8.99,GBP,C-0180,cash
O-904181,2026-09-09,S-02,SKU-1,Apple,Produce,6,1.50,USD,C-0181,card
O-904182,2026-09-10,S-03,SKU-2,Bread,Bakery,8,3.00,USD,C-0182,cash
O-904183,2026-09-11,S-01,SKU-3,Milk,Dairy,12,2.20,USD,C-0183,card
O-904184,2026-09-12,S-02,SKU-4,Eggs,Dairy,2,0.35,EUR,C-0184,cash
O-904185,2026-09-13,S-03,SKU-5,Coffee,Beverages,10,8.99,GBP,C-0185,card
O-904186,2026-09-14,S-01,SKU-1,Apple,Produce,2,1.50,USD,C-0186,cash
O-904187,2026-09-15,S-02,SKU-2,Bread,Bakery,9,3.00,USD,C-0187,card
O-904188,2026-09-16,S-03,SKU-3,Milk,Dairy,3,2.20,USD,C-0188,cash
O-904189,2026-09-17,S-01,SKU-4,Eggs,Dairy,11,0.35,EUR,C-0189,card
O-904190,2026-09-18,S-02,SKU-5,Coffee,Beverages,7,8.99,GBP,C-0190,cash
O-904191,2026-09-19,S-03,SKU-1,Apple,Produce,2,1.50,USD,C-0191,card
O-904192,2026-09-20,S-01,SKU-2,Bread,Bakery,10,3.00,USD,C-0192,cash
O-904193,2026-09-21,S-02,SKU-3,Milk,Dairy,10,2.20,USD,C-0193,card
O-904194,2026-09-22,S-03,SKU-4,Eggs,Dairy,1,0.35,EUR,C-0194,cash
O-904195,2026-09-23,S-01,SKU-5,Coffee,Beverages,7,8.99,GBP,C-0195,card
O-904196,2026-09-24,S-02,SKU-1,Apple,Produce,11,1.50,USD,C-0196,cash
O-904197,2026-09-25,S-03,SKU-2,Bread,Bakery,3,3.00,USD,C-0197,card
O-904198,2026-09-26,S-01,SKU-3,Milk,Dairy,4,2.20,USD,C-0198,cash
O-904199,2026-09-27,S-02,SKU-4,Eggs,Dairy,5,0.35,EUR,C-0199,card
O-904200,2026-09-28,S-03,SKU-5,Coffee,Beverages,-3,8.99,GBP,C-0200,cash
O-904201,2026-09-01,S-01,SKU-1,Apple,Produce,6,1.50,USD,C-0201,card
O-904202,2026-09-02,S-02,SKU-2,Bread,Bakery,7,3.00,USD,C-0202,cash
O-904203,2026-09-03,S-03,SKU-3,Milk,Dairy,12,2.20,USD,C-0203,card
O-904204,2026-09-04,S-01,SKU-4,Eggs,Dairy,12,0.35,EUR,C-0204,cash
O-904205,2026-09-05,S-02,SKU-5,Coffee,Beverages,6,8.99,GBP,C-0205,card
O-904206,2026-09-06,S-03,SKU-1,Apple,Produce,6,1.50,USD,C-0206,cash
O-904207,2026-09-07,S-01,SKU-2,Bread,Bakery,8,3.00,USD,C-0207,card
O-904208,2026-09-08,S-02,SKU-3,Milk,Dairy,5,2.20,USD,C-0208,cash
O-904209,2026-09-09,S-03,SKU-4,Eggs,Dairy,4,0.35,EUR,C-0209,card
O-904210,2026-09-10,S-01,SKU-5,Coffee,Beverages,2,8.99,GBP,C-0210,cash
O-904211,2026-09-11,S-02,SKU-1,Apple,Produce,4,1.50,USD,C-0211,card
O-904212,2026-09-12,S-03,SKU-2,Bread,Bakery,3,3.00,USD,C-0212,cash
O-904213,2026-09-13,S-01,SKU-3,Milk,Dairy,10,2.20,USD,C-0213,card
O-904214,2026-09-14,S-02,SKU-4,Eggs,Dairy,2,0.35,EUR,C-0214,cash
O-904215,2026-09-15,S-03,SKU-5,Coffee,Beverages,3,8.99,GBP,C-0215,card
O-904216,2026-09-16,S-01,SKU-1,Apple,Produce,2,1.50,USD,C-0216,cash
O-904217,2026-09-17,S-02,SKU-2,Bread,Bakery,3,3.00,USD,C-0217,card
O-904218,2026-09-18,S-03,SKU-3,Milk,Dairy,8,2.20,USD,C-0218,cash
O-904219,2026-09-19,S-01,SKU-4,Eggs,Dairy,8,0.35,EUR,C-0219,card
O-904220,2026-09-20,S-02,SKU-999,Coffee,Beverages,6,8.99,GBP,C-0220,cash
O-904221,2026-09-21,S-03,SKU-1,Apple,Produce,7,1.50,USD,C-0221,card
O-904222,2026-09-22,S-01,SKU-2,Bread,Bakery,2,3.00,USD,C-0222,cash
O-904223,2026-09-23,S-02,SKU-3,Milk,Dairy,9,2.20,USD,C-0223,card
O-904224,2026-09-24,S-03,SKU-4,Eggs,Dairy,6,0.35,EUR,C-0224,cash
O-904225,2026-09-25,S-01,SKU-5,Coffee,Beverages,4,8.99,GBP,C-0225,card
O-904226,2026-09-26,S-02,SKU-1,Apple,Produce,8,1.50,USD,C-0226,cash
O-904227,2026-09-27,S-03,SKU-2,Bread,Bakery,5,3.00,USD,C-0227,card
O-904228,2026-09-28,S-01,SKU-3,Milk,Dairy,8,2.20,USD,C-0228,cash
O-904229,2026-09-01,S-02,SKU-4,Eggs,Dairy,5,0.35,EUR,C-0229,card
O-904230,2026-09-02,S-03,SKU-5,Coffee,Beverages,2,8.99,GBP,C-0230,cash
O-904231,2026-09-03,S-01,SKU-1,Apple,Produce,2,1.50,USD,C-0231,card
O-904232,2026-09-04,S-02,SKU-2,Bread,Bakery,3,3.00,USD,C-0232,cash
O-904233,2026-09-05,S-03,SKU-3,Milk,Dairy,11,2.20,USD,C-0233,card
O-904234,2026-09-06,S-01,SKU-4,Eggs,Dairy,5,0.35,EUR,C-0234,cash
O-904235,2026-09-07,S-02,SKU-5,Coffee,Beverages,12,8.99,GBP,C-0235,card
O-904236,2026-09-08,S-03,SKU-1,Apple,Produce,12,1.50,USD,C-0236,cash
O-904237,2026-09-09,S-01,SKU-2,Bread,Bakery,10,3.00,USD,C-0237,card
O-904238,2026-09-10,S-02,SKU-3,Milk,Dairy,1,2.20,USD,C-0238,cash
O-904239,2026-09-11,S-03,SKU-4,Eggs,Dairy,4,0.35,EUR,C-0239,card
O-904240,2026-09-12,S-01,SKU-5,Coffee,Beverages,6,,GBP,C-0240,cash
O-904241,2026-09-13,S-02,SKU-1,Apple,Produce,3,1.50,USD,C-0241,card
O-904242,2026-09-14,S-03,SKU-2,Bread,Bakery,2,3.00,USD,C-0242,cash
O-904243,2026-09-15,S-01,SKU-3,Milk,Dairy,12,2.20,USD,C-0243,card
O-904244,2026-09-16,S-02,SKU-4,Eggs,Dairy,4,0.35,EUR,C-0244,cash
O-904245,2026-09-17,S-03,SKU-5,Coffee,Beverages,6,8.99,GBP,C-0245,card
O-904246,2026-09-18,S-01,SKU-1,Apple,Produce,7,1.50,USD,C-0246,cash
O-904247,2026-09-19,S-02,SKU-2,Bread,Bakery,9,3.00,USD,C-0247,card
O-904248,2026-09-20,S-03,SKU-3,Milk,Dairy,1,2.20,USD,C-0248,cash
O-904249,2026-09-21,S-01,SKU-4,Eggs,Dairy,11,0.35,EUR,C-0249,card
O-904250,2026-09-22,S-02,SKU-5,Coffee,Beverages,5,8.99,GBP,C-0250,cash
O-904251,2026-09-23,S-03,SKU-1,Apple,Produce,5,1.50,USD,C-0251,card
O-904252,2026-09-24,S-01,SKU-2,Bread,Bakery,3,3.00,USD,C-0252,cash
O-904253,2026-09-25,S-02,SKU-3,Milk,Dairy,1,2.20,USD,C-0253,card
O-904254,2026-09-26,S-03,SKU-4,Eggs,Dairy,7,0.35,EUR,C-0254,cash
O-904255,2026-09-27,S-01,SKU-5,Coffee,Beverages,8,8.99,GBP,C-0255,card
O-904256,2026-09-28,S-02,SKU-1,Apple,Produce,9,1.50,USD,C-0256,cash
O-904257,2026-09-01,S-03,SKU-2,Bread,Bakery,12,3.00,USD,C-0257,card
O-904258,2026-09-02,S-01,SKU-3,Milk,Dairy,9,2.20,USD,C-0258,cash
O-904259,2026-09-03,S-02,SKU-4,Eggs,Dairy,4,0.35,EUR,C-0259,card
,2026-09-04,S-03,SKU-5,Coffee,Beverages,2,8.99,GBP,C-0260,cash
O-904261,2026-09-05,S-01,SKU-1,Apple,Produce,8,1.50,USD,C-0261,card
O-904262,2026-09-06,S-02,SKU-2,Bread,Bakery,2,3.00,USD,C-0262,cash
O-904263,2026-09-07,S-03,SKU-3,Milk,Dairy,3,2.20,USD,C-0263,card
O-904264,2026-09-08,S-01,SKU-4,Eggs,Dairy,2,0.35,EUR,C-0264,cash
O-904265,2026-09-09,S-02,SKU-5,Coffee,Beverages,1,8.99,GBP,C-0265,card
O-904266,2026-09-10,S-03,SKU-1,Apple,Produce,1,1.50,USD,C-0266,cash
O-904267,2026-09-11,S-01,SKU-2,Bread,Bakery,4,3.00,USD,C-0267,card
O-904268,2026-09-12,S-02,SKU-3,Milk,Dairy,3,2.20,USD,C-0268,cash
O-904269,2026-09-13,S-03,SKU-4,Eggs,Dairy,4,0.35,EUR,C-0269,card
O-904270,2026-09-14,S-01,SKU-5,Coffee,Beverages,7,8.99,GBP,C-0270,cash
O-904271,2026-09-15,S-02,SKU-1,Apple,Produce,6,1.50,USD,C-0271,card
O-904272,2026-09-16,S-03,SKU-2,Bread,Bakery,11,3.00,USD,C-0272,cash
O-904273,2026-09-17,S-01,SKU-3,Milk,Dairy,11,2.20,USD,C-0273,card
O-904274,2026-09-18,S-02,SKU-4,Eggs,Dairy,11,0.35,EUR,C-0274,cash
O-904275,2026-09-19,S-03,SKU-5,Coffee,Beverages,2,8.99,GBP,C-0275,card
O-904276,2026-09-20,S-01,SKU-1,Apple,Produce,10,1.50,USD,C-0276,cash
O-904277,2026-09-21,S-02,SKU-2,Bread,Bakery,10,3.00,USD,C-0277,card
O-904278,2026-09-22,S-03,SKU-3,Milk,Dairy,5,2.20,USD,C-0278,cash
O-904279,2026-09-23,S-01,SKU-4,Eggs,Dairy,2,0.35,EUR,C-0279,card
O-904280,2026-09-24,S-02,SKU-5,Coffee,Beverages,1,8.99,XYZ,C-0280,cash
O-904281,2026-09-25,S-03,SKU-1,Apple,Produce,2,1.50,USD,C-0281,card
O-904282,2026-09-26,S-01,SKU-2,Bread,Bakery,4,3.00,USD,C-0282,cash
O-904283,2026-09-27,S-02,SKU-3,Milk,Dairy,11,2.20,USD,C-0283,card
O-904284,2026-09-28,S-03,SKU-4,Eggs,Dairy,8,0.35,EUR,C-0284,cash
O-904285,2026-09-01,S-01,SKU-5,Coffee,Beverages,3,8.99,GBP,C-0285,card
O-904286,2026-09-02,S-02,SKU-1,Apple,Produce,2,1.50,USD,C-0286,cash
O-904287,2026-09-03,S-03,SKU-2,Bread,Bakery,6,3.00,USD,C-0287,card
O-904288,2026-09-04,S-01,SKU-3,Milk,Dairy,2,2.20,USD,C-0288,cash
O-904289,2026-09-05,S-02,SKU-4,Eggs,Dairy,1,0.35,EUR,C-0289,card
O-904290,2026-09-06,S-03,SKU-5,Coffee,Beverages,8,8.99,GBP,C-0290,cash
O-904291,2026-09-07,S-01,SKU-1,Apple,Produce,1,1.50,USD,C-0291,card
O-904292,2026-09-08,S-02,SKU-2,Bread,Bakery,3,3.00,USD,C-0292,cash
O-904293,2026-09-09,S-03,SKU-3,Milk,Dairy,10,2.20,USD,C-0293,card
O-904294,2026-09-10,S-01,SKU-4,Eggs,Dairy,7,0.35,EUR,C-0294,cash
O-904295,2026-09-11,S-02,SKU-5,Coffee,Beverages,12,8.99,GBP,C-0295,card
O-904296,2026-09-12,S-03,SKU-1,Apple,Produce,7,1.50,USD,C-0296,cash
O-904297,2026-09-13,S-01,SKU-2,Bread,Bakery,8,3.00,USD,C-0297,card
O-904298,2026-09-14,S-02,SKU-3,Milk,Dairy,1,2.20,USD,C-0298,cash
O-904299,2026-09-15,S-03,SKU-4,Eggs,Dairy,7,0.35,EUR,C-0299,card
O-904300,2026-09-16,S-01,SKU-5,Coffee,Beverages,11,8.99,GBP,C-0300,bitcoin
O-904301,2026-09-17,S-02,SKU-1,Apple,Produce,7,1.50,USD,C-0301,card
O-904302,2026-09-18,S-03,SKU-2,Bread,Bakery,3,3.00,USD,C-0302,cash
O-904303,2026-09-19,S-01,SKU-3,Milk,Dairy,6,2.20,USD,C-0303,card
O-904304,2026-09-20,S-02,SKU-4,Eggs,Dairy,4,0.35,EUR,C-0304,cash
O-904305,2026-09-21,S-03,SKU-5,Coffee,Beverages,3,8.99,GBP,C-0305,card
O-904306,2026-09-22,S-01,SKU-1,Apple,Produce,5,1.50,USD,C-0306,cash
O-904307,2026-09-23,S-02,SKU-2,Bread,Bakery,5,3.00,USD,C-0307,card
O-904308,2026-09-24,S-03,SKU-3,Milk,Dairy,8,2.20,USD,C-0308,cash
O-904309,2026-09-25,S-01,SKU-4,Eggs,Dairy,3,0.35,EUR,C-0309,card
O-904310,2026-09-26,S-02,SKU-5,Coffee,Beverages,1,8.99,GBP,C-0310,cash
O-904311,2026-09-27,S-03,SKU-1,Apple,Produce,10,1.50,USD,C-0311,card
O-904312,2026-09-28,S-01,SKU-2,Bread,Bakery,10,3.00,USD,C-0312,cash
O-904313,2026-09-01,S-02,SKU-3,Milk,Dairy,10,2.20,USD,C-0313,card
O-904314,2026-09-02,S-03,SKU-4,Eggs,Dairy,4,0.35,EUR,C-0314,cash
O-904315,2026-09-03,S-01,SKU-5,Coffee,Beverages,11,8.99,GBP,C-0315,card
O-904316,2026-09-04,S-02,SKU-1,Apple,Produce,5,1.50,USD,C-0316,cash
O-904317,2026-09-05,S-03,SKU-2,Bread,Bakery,8,3.00,USD,C-0317,card
O-904318,2026-09-06,S-01,SKU-3,Milk,Dairy,7,2.20,USD,C-0318,cash
O-904319,2026-09-07,S-02,SKU-4,Eggs,Dairy,9,0.35,EUR,C-0319,card
O-904320,2026-09-08,S-03,SKU-5,Coffee,Beverages,0,8.99,GBP,C-0320,cash
O-904321,2026-09-09,S-01,SKU-1,Apple,Produce,1,1.50,USD,C-0321,card
O-904322,2026-09-10,S-02,SKU-2,Bread,Bakery,2,3.00,USD,C-0322,cash
O-904323,2026-09-11,S-03,SKU-3,Milk,Dairy,5,2.20,USD,C-0323,card
O-904324,2026-09-12,S-01,SKU-4,Eggs,Dairy,7,0.35,EUR,C-0324,cash
O-904325,2026-09-13,S-02,SKU-5,Coffee,Beverages,3,8.99,GBP,C-0325,card
O-904326,2026-09-14,S-03,SKU-1,Apple,Produce,7,1.50,USD,C-0326,cash
O-904327,2026-09-15,S-01,SKU-2,Bread,Bakery,4,3.00,USD,C-0327,card
O-904328,2026-09-16,S-02,SKU-3,Milk,Dairy,11,2.20,USD,C-0328,cash
O-904329,2026-09-17,S-03,SKU-4,Eggs,Dairy,9,0.35,EUR,C-0329,card
O-904330,2026-09-18,S-01,SKU-5,Coffee,Beverages,4,8.99,GBP,C-0330,cash
O-904331,2026-09-19,S-02,SKU-1,Apple,Produce,11,1.50,USD,C-0331,card
O-904332,2026-09-20,S-03,SKU-2,Bread,Bakery,9,3.00,USD,C-0332,cash
O-904333,2026-09-21,S-01,SKU-3,Milk,Dairy,1,2.20,USD,C-0333,card
O-904334,2026-09-22,S-02,SKU-4,Eggs,Dairy,7,0.35,EUR,C-0334,cash
O-904335,2026-09-23,S-03,SKU-5,Coffee,Beverages,12,8.99,GBP,C-0335,card
O-904336,2026-09-24,S-01,SKU-1,Apple,Produce,6,1.50,USD,C-0336,cash
O-904337,2026-09-25,S-02,SKU-2,Bread,Bakery,8,3.00,USD,C-0337,card
O-904338,2026-09-26,S-03,SKU-3,Milk,Dairy,9,2.20,USD,C-0338,cash
O-904339,2026-09-27,S-01,SKU-4,Eggs,Dairy,8,0.35,EUR,C-0339,card
O-904340,bad-date,S-02,SKU-5,Coffee,Beverages,6,8.99,GBP,C-0340,cash
O-904341,2026-09-01,S-03,SKU-1,Apple,Produce,10,1.50,USD,C-0341,card
O-904342,2026-09-02,S-01,SKU-2,Bread,Bakery,9,3.00,USD,C-0342,cash
O-904343,2026-09-03,S-02,SKU-3,Milk,Dairy,6,2.20,USD,C-0343,card
O-904344,2026-09-04,S-03,SKU-4,Eggs,Dairy,7,0.35,EUR,C-0344,cash
O-904345,2026-09-05,S-01,SKU-5,Coffee,Beverages,5,8.99,GBP,C-0345,card
O-904346,2026-09-06,S-02,SKU-1,Apple,Produce,3,1.50,USD,C-0346,cash
O-904347,2026-09-07,S-03,SKU-2,Bread,Bakery,1,3.00,USD,C-0347,card
O-904348,2026-09-08,S-01,SKU-3,Milk,Dairy,6,2.20,USD,C-0348,cash
O-904349,2026-09-09,S-02,SKU-4,Eggs,Dairy,10,0.35,EUR,C-0349,card
O-904350,2026-09-10,S-03,SKU-5,Coffee,Beverages,4,8.99,GBP,C-0350,cash
O-904351,2026-09-11,S-01,SKU-1,Apple,Produce,1,1.50,USD,C-0351,card
O-904352,2026-09-12,S-02,SKU-2,Bread,Bakery,5,3.00,USD,C-0352,cash
O-904353,2026-09-13,S-03,SKU-3,Milk,Dairy,1,2.20,USD,C-0353,card
O-904354,2026-09-14,S-01,SKU-4,Eggs,Dairy,8,0.35,EUR,C-0354,cash
O-904355,2026-09-15,S-02,SKU-5,Coffee,Beverages,9,8.99,GBP,C-0355,card
O-904356,2026-09-16,S-03,SKU-1,Apple,Produce,6,1.50,USD,C-0356,cash
O-904357,2026-09-17,S-01,SKU-2,Bread,Bakery,10,3.00,USD,C-0357,card
O-904358,2026-09-18,S-02,SKU-3,Milk,Dairy,4,2.20,USD,C-0358,cash
O-904359,2026-09-19,S-03,SKU-4,Eggs,Dairy,3,0.35,EUR,C-0359,card
O-904360,2026-09-20,S-01,SKU-5,Coffee,Beverages,-3,8.99,GBP,C-0360,cash
O-904361,2026-09-21,S-02,SKU-1,Apple,Produce,4,1.50,USD,C-0361,card
O-904362,2026-09-22,S-03,SKU-2,Bread,Bakery,11,3.00,USD,C-0362,cash
O-904363,2026-09-23,S-01,SKU-3,Milk,Dairy,4,2.20,USD,C-0363,card
O-904364,2026-09-24,S-02,SKU-4,Eggs,Dairy,5,0.35,EUR,C-0364,cash
O-904365,2026-09-25,S-03,SKU-5,Coffee,Beverages,9,8.99,GBP,C-0365,card
O-904366,2026-09-26,S-01,SKU-1,Apple,Produce,12,1.50,USD,C-0366,cash
O-904367,2026-09-27,S-02,SKU-2,Bread,Bakery,1,3.00,USD,C-0367,card
O-904368,2026-09-28,S-03,SKU-3,Milk,Dairy,4,2.20,USD,C-0368,cash
O-904369,2026-09-01,S-01,SKU-4,Eggs,Dairy,10,0.35,EUR,C-0369,card
O-904370,2026-09-02,S-02,SKU-5,Coffee,Beverages,7,8.99,GBP,C-0370,cash
O-904371,2026-09-03,S-03,SKU-1,Apple,Produce,6,1.50,USD,C-0371,card
O-904372,2026-09-04,S-01,SKU-2,Bread,Bakery,3,3.00,USD,C-0372,cash
O-904373,2026-09-05,S-02,SKU-3,Milk,Dairy,3,2.20,USD,C-0373,card
O-904374,2026-09-06,S-03,SKU-4,Eggs,Dairy,4,0.35,EUR,C-0374,cash
O-904375,2026-09-07,S-01,SKU-5,Coffee,Beverages,10,8.99,GBP,C-0375,card
O-904376,2026-09-08,S-02,SKU-1,Apple,Produce,6,1.50,USD,C-0376,cash
O-904377,2026-09-09,S-03,SKU-2,Bread,Bakery,12,3.00,USD,C-0377,card
O-904378,2026-09-10,S-01,SKU-3,Milk,Dairy,12,2.20,USD,C-0378,cash
O-904379,2026-09-11,S-02,SKU-4,Eggs,Dairy,6,0.35,EUR,C-0379,card
O-904380,2026-09-12,S-03,SKU-999,Coffee,Beverages,10,8.99,GBP,C-0380,cash
O-904381,2026-09-13,S-01,SKU-1,Apple,Produce,1,1.50,USD,C-0381,card
O-904382,2026-09-14,S-02,SKU-2,Bread,Bakery,12,3.00,USD,C-0382,cash
O-904383,2026-09-15,S-03,SKU-3,Milk,Dairy,12,2.20,USD,C-0383,card
O-904384,2026-09-16,S-01,SKU-4,Eggs,Dairy,6,0.35,EUR,C-0384,cash
O-904385,2026-09-17,S-02,SKU-5,Coffee,Beverages,10,8.99,GBP,C-0385,card
O-904386,2026-09-18,S-03,SKU-1,Apple,Produce,10,1.50,USD,C-0386,cash
O-904387,2026-09-19,S-01,SKU-2,Bread,Bakery,3,3.00,USD,C-0387,card
O-904388,2026-09-20,S-02,SKU-3,Milk,Dairy,10,2.20,USD,C-0388,cash
O-904389,2026-09-21,S-03,SKU-4,Eggs,Dairy,4,0.35,EUR,C-0389,card
O-904390,2026-09-22,S-01,SKU-5,Coffee,Beverages,8,8.99,GBP,C-0390,cash
O-904391,2026-09-23,S-02,SKU-1,Apple,Produce,9,1.50,USD,C-0391,card
O-904392,2026-09-24,S-03,SKU-2,Bread,Bakery,5,3.00,USD,C-0392,cash
O-904393,2026-09-25,S-01,SKU-3,Milk,Dairy,3,2.20,USD,C-0393,card
O-904394,2026-09-26,S-02,SKU-4,Eggs,Dairy,8,0.35,EUR,C-0394,cash
O-904395,2026-09-27,S-03,SKU-5,Coffee,Beverages,1,8.99,GBP,C-0395,card
O-904396,2026-09-28,S-01,SKU-1,Apple,Produce,2,1.50,USD,C-0396,cash
O-904397,2026-09-01,S-02,SKU-2,Bread,Bakery,1,3.00,USD,C-0397,card
O-904398,2026-09-02,S-03,SKU-3,Milk,Dairy,4,2.20,USD,C-0398,cash
O-904399,2026-09-03,S-01,SKU-4,Eggs,Dairy,10,0.35,EUR,C-0399,card
O-904400,2026-09-04,S-02,SKU-5,Coffee,Beverages,4,,GBP,C-0400,cash
O-904401,2026-09-05,S-03,SKU-1,Apple,Produce,1,1.50,USD,C-0401,card
O-904402,2026-09-06,S-01,SKU-2,Bread,Bakery,9,3.00,USD,C-0402,cash
O-904403,2026-09-07,S-02,SKU-3,Milk,Dairy,8,2.20,USD,C-0403,card
O-904404,2026-09-08,S-03,SKU-4,Eggs,Dairy,1,0.35,EUR,C-0404,cash
O-904405,2026-09-09,S-01,SKU-5,Coffee,Beverages,6,8.99,GBP,C-0405,card
O-904406,2026-09-10,S-02,SKU-1,Apple,Produce,10,1.50,USD,C-0406,cash
O-904407,2026-09-11,S-03,SKU-2,Bread,Bakery,4,3.00,USD,C-0407,card
O-904408,2026-09-12,S-01,SKU-3,Milk,Dairy,3,2.20,USD,C-0408,cash
O-904409,2026-09-13,S-02,SKU-4,Eggs,Dairy,6,0.35,EUR,C-0409,card
O-904410,2026-09-14,S-03,SKU-5,Coffee,Beverages,12,8.99,GBP,C-0410,cash
O-904411,2026-09-15,S-01,SKU-1,Apple,Produce,3,1.50,USD,C-0411,card
O-904412,2026-09-16,S-02,SKU-2,Bread,Bakery,6,3.00,USD,C-0412,cash
O-904413,2026-09-17,S-03,SKU-3,Milk,Dairy,1,2.20,USD,C-0413,card
O-904414,2026-09-18,S-01,SKU-4,Eggs,Dairy,1,0.35,EUR,C-0414,cash
O-904415,2026-09-19,S-02,SKU-5,Coffee,Beverages,3,8.99,GBP,C-0415,card
O-904416,2026-09-20,S-03,SKU-1,Apple,Produce,10,1.50,USD,C-0416,cash
O-904417,2026-09-21,S-01,SKU-2,Bread,Bakery,12,3.00,USD,C-0417,card
O-904418,2026-09-22,S-02,SKU-3,Milk,Dairy,3,2.20,USD,C-0418,cash
O-904419,2026-09-23,S-03,SKU-4,Eggs,Dairy,2,0.35,EUR,C-0419,card
,2026-09-24,S-01,SKU-5,Coffee,Beverages,9,8.99,GBP,C-0420,cash
O-904421,2026-09-25,S-02,SKU-1,Apple,Produce,6,1.50,USD,C-0421,card
O-904422,2026-09-26,S-03,SKU-2,Bread,Bakery,2,3.00,USD,C-0422,cash
O-904423,2026-09-27,S-01,SKU-3,Milk,Dairy,6,2.20,USD,C-0423,card
O-904424,2026-09-28,S-02,SKU-4,Eggs,Dairy,12,0.35,EUR,C-0424,cash
O-904425,2026-09-01,S-03,SKU-5,Coffee,Beverages,11,8.99,GBP,C-0425,card
O-904426,2026-09-02,S-01,SKU-1,Apple,Produce,7,1.50,USD,C-0426,cash
O-904427,2026-09-03,S-02,SKU-2,Bread,Bakery,10,3.00,USD,C-0427,card
O-904428,2026-09-04,S-03,SKU-3,Milk,Dairy,2,2.20,USD,C-0428,cash
O-904429,2026-09-05,S-01,SKU-4,Eggs,Dairy,6,0.35,EUR,C-0429,card
O-904430,2026-09-06,S-02,SKU-5,Coffee,Beverages,5,8.99,GBP,C-0430,cash
O-904431,2026-09-07,S-03,SKU-1,Apple,Produce,6,1.50,USD,C-0431,card
O-904432,2026-09-08,S-01,SKU-2,Bread,Bakery,3,3.00,USD,C-0432,cash
O-904433,2026-09-09,S-02,SKU-3,Milk,Dairy,3,2.20,USD,C-0433,card
O-904434,2026-09-10,S-03,SKU-4,Eggs,Dairy,12,0.35,EUR,C-0434,cash
O-904435,2026-09-11,S-01,SKU-5,Coffee,Beverages,7,8.99,GBP,C-0435,card
O-904436,2026-09-12,S-02,SKU-1,Apple,Produce,11,1.50,USD,C-0436,cash
O-904437,2026-09-13,S-03,SKU-2,Bread,Bakery,8,3.00,USD,C-0437,card
O-904438,2026-09-14,S-01,SKU-3,Milk,Dairy,11,2.20,USD,C-0438,cash
O-904439,2026-09-15,S-02,SKU-4,Eggs,Dairy,6,0.35,EUR,C-0439,card
O-904440,2026-09-16,S-03,SKU-5,Coffee,Beverages,3,8.99,XYZ,C-0440,cash
O-904441,2026-09-17,S-01,SKU-1,Apple,Produce,12,1.50,USD,C-0441,card
O-904442,2026-09-18,S-02,SKU-2,Bread,Bakery,9,3.00,USD,C-0442,cash
O-904443,2026-09-19,S-03,SKU-3,Milk,Dairy,12,2.20,USD,C-0443,card
O-904444,2026-09-20,S-01,SKU-4,Eggs,Dairy,10,0.35,EUR,C-0444,cash
O-904445,2026-09-21,S-02,SKU-5,Coffee,Beverages,6,8.99,GBP,C-0445,card
O-904446,2026-09-22,S-03,SKU-1,Apple,Produce,4,1.50,USD,C-0446,cash
O-904447,2026-09-23,S-01,SKU-2,Bread,Bakery,11,3.00,USD,C-0447,card
O-904448,2026-09-24,S-02,SKU-3,Milk,Dairy,10,2.20,USD,C-0448,cash
O-904449,2026-09-25,S-03,SKU-4,Eggs,Dairy,3,0.35,EUR,C-0449,card
O-904450,2026-09-26,S-01,SKU-5,Coffee,Beverages,7,8.99,GBP,C-0450,cash
O-904451,2026-09-27,S-02,SKU-1,Apple,Produce,5,1.50,USD,C-0451,card
O-904452,2026-09-28,S-03,SKU-2,Bread,Bakery,12,3.00,USD,C-0452,cash
O-904453,2026-09-01,S-01,SKU-3,Milk,Dairy,12,2.20,USD,C-0453,card
O-904454,2026-09-02,S-02,SKU-4,Eggs,Dairy,5,0.35,EUR,C-0454,cash
O-904455,2026-09-03,S-03,SKU-5,Coffee,Beverages,3,8.99,GBP,C-0455,card
O-904456,2026-09-04,S-01,SKU-1,Apple,Produce,3,1.50,USD,C-0456,cash
O-904457,2026-09-05,S-02,SKU-2,Bread,Bakery,12,3.00,USD,C-0457,card
O-904458,2026-09-06,S-03,SKU-3,Milk,Dairy,1,2.20,USD,C-0458,cash
O-904459,2026-09-07,S-01,SKU-4,Eggs,Dairy,12,0.35,EUR,C-0459,card
O-904460,2026-09-08,S-02,SKU-5,Coffee,Beverages,10,8.99,GBP,C-0460,bitcoin
O-904461,2026-09-09,S-03,SKU-1,Apple,Produce,7,1.50,USD,C-0461,card
O-904462,2026-09-10,S-01,SKU-2,Bread,Bakery,10,3.00,USD,C-0462,cash
O-904463,2026-09-11,S-02,SKU-3,Milk,Dairy,1,2.20,USD,C-0463,card
O-904464,2026-09-12,S-03,SKU-4,Eggs,Dairy,3,0.35,EUR,C-0464,cash
O-904465,2026-09-13,S-01,SKU-5,Coffee,Beverages,10,8.99,GBP,C-0465,card
O-904466,2026-09-14,S-02,SKU-1,Apple,Produce,6,1.50,USD,C-0466,cash
O-904467,2026-09-15,S-03,SKU-2,Bread,Bakery,10,3.00,USD,C-0467,card
O-904468,2026-09-16,S-01,SKU-3,Milk,Dairy,4,2.20,USD,C-0468,cash
O-904469,2026-09-17,S-02,SKU-4,Eggs,Dairy,11,0.35,EUR,C-0469,card
O-904470,2026-09-18,S-03,SKU-5,Coffee,Beverages,10,8.99,GBP,C-0470,cash
O-904471,2026-09-19,S-01,SKU-1,Apple,Produce,2,1.50,USD,C-0471,card
O-904472,2026-09-20,S-02,SKU-2,Bread,Bakery,8,3.00,USD,C-0472,cash
O-904473,2026-09-21,S-03,SKU-3,Milk,Dairy,3,2.20,USD,C-0473,card
O-904474,2026-09-22,S-01,SKU-4,Eggs,Dairy,6,0.35,EUR,C-0474,cash
O-904475,2026-09-23,S-02,SKU-5,Coffee,Beverages,12,8.99,GBP,C-0475,card
O-904476,2026-09-24,S-03,SKU-1,Apple,Produce,2,1.50,USD,C-0476,cash
O-904477,2026-09-25,S-01,SKU-2,Bread,Bakery,4,3.00,USD,C-0477,card
O-904478,2026-09-26,S-02,SKU-3,Milk,Dairy,6,2.20,USD,C-0478,cash
O-904479,2026-09-27,S-03,SKU-4,Eggs,Dairy,6,0.35,EUR,C-0479,card
O-904480,2026-09-28,S-01,SKU-5,Coffee,Beverages,0,8.99,GBP,C-0480,cash
O-904481,2026-09-01,S-02,SKU-1,Apple,Produce,11,1.50,USD,C-0481,card
O-904482,2026-09-02,S-03,SKU-2,Bread,Bakery,2,3.00,USD,C-0482,cash
O-904483,2026-09-03,S-01,SKU-3,Milk,Dairy,12,2.20,USD,C-0483,card
O-904484,2026-09-04,S-02,SKU-4,Eggs,Dairy,11,0.35,EUR,C-0484,cash
O-904485,2026-09-05,S-03,SKU-5,Coffee,Beverages,11,8.99,GBP,C-0485,card
O-904486,2026-09-06,S-01,SKU-1,Apple,Produce,12,1.50,USD,C-0486,cash
O-904487,2026-09-07,S-02,SKU-2,Bread,Bakery,6,3.00,USD,C-0487,card
O-904488,2026-09-08,S-03,SKU-3,Milk,Dairy,8,2.20,USD,C-0488,cash
O-904489,2026-09-09,S-01,SKU-4,Eggs,Dairy,1,0.35,EUR,C-0489,card
O-904490,2026-09-10,S-02,SKU-5,Coffee,Beverages,5,8.99,GBP,C-0490,cash
O-904491,2026-09-11,S-03,SKU-1,Apple,Produce,4,1.50,USD,C-0491,card
O-904492,2026-09-12,S-01,SKU-2,Bread,Bakery,4,3.00,USD,C-0492,cash
O-904493,2026-09-13,S-02,SKU-3,Milk,Dairy,12,2.20,USD,C-0493,card
O-904494,2026-09-14,S-03,SKU-4,Eggs,Dairy,2,0.35,EUR,C-0494,cash
O-904495,2026-09-15,S-01,SKU-5,Coffee,Beverages,6,8.99,GBP,C-0495,card
O-904496,2026-09-16,S-02,SKU-1,Apple,Produce,5,1.50,USD,C-0496,cash
O-904497,2026-09-17,S-03,SKU-2,Bread,Bakery,2,3.00,USD,C-0497,card
O-904498,2026-09-18,S-01,SKU-3,Milk,Dairy,12,2.20,USD,C-0498,cash
O-904499,2026-09-19,S-02,SKU-4,Eggs,Dairy,1,0.35,EUR,C-0499,card
O-904500,bad-date,S-03,SKU-5,Coffee,Beverages,1,8.99,GBP,C-0500,cash
O-904501,2026-09-21,S-01,SKU-1,Apple,Produce,7,1.50,USD,C-0001,card
O-904502,2026-09-22,S-02,SKU-2,Bread,Bakery,8,3.00,USD,C-0002,cash
O-904503,2026-09-23,S-03,SKU-3,Milk,Dairy,12,2.20,USD,C-0003,card
O-904504,2026-09-24,S-01,SKU-4,Eggs,Dairy,7,0.35,EUR,C-0004,cash
O-904505,2026-09-25,S-02,SKU-5,Coffee,Beverages,3,8.99,GBP,C-0005,card
O-904506,2026-09-26,S-03,SKU-1,Apple,Produce,7,1.50,USD,C-0006,cash
O-904507,2026-09-27,S-01,SKU-2,Bread,Bakery,8,3.00,USD,C-0007,card
O-904508,2026-09-28,S-02,SKU-3,Milk,Dairy,7,2.20,USD,C-0008,cash
O-904509,2026-09-01,S-03,SKU-4,Eggs,Dairy,6,0.35,EUR,C-0009,card
O-904510,2026-09-02,S-01,SKU-5,Coffee,Beverages,9,8.99,GBP,C-0010,cash
O-904511,2026-09-03,S-02,SKU-1,Apple,Produce,7,1.50,USD,C-0011,card
O-904512,2026-09-04,S-03,SKU-2,Bread,Bakery,2,3.00,USD,C-0012,cash
O-904513,2026-09-05,S-01,SKU-3,Milk,Dairy,8,2.20,USD,C-0013,card
O-904514,2026-09-06,S-02,SKU-4,Eggs,Dairy,10,0.35,EUR,C-0014,cash
O-904515,2026-09-07,S-03,SKU-5,Coffee,Beverages,11,8.99,GBP,C-0015,card
O-904516,2026-09-08,S-01,SKU-1,Apple,Produce,11,1.50,USD,C-0016,cash
O-904517,2026-09-09,S-02,SKU-2,Bread,Bakery,4,3.00,USD,C-0017,card
O-904518,2026-09-10,S-03,SKU-3,Milk,Dairy,3,2.20,USD,C-0018,cash
O-904519,2026-09-11,S-01,SKU-4,Eggs,Dairy,8,0.35,EUR,C-0019,card
O-904520,2026-09-12,S-02,SKU-5,Coffee,Beverages,-3,8.99,GBP,C-0020,cash
O-904521,2026-09-13,S-03,SKU-1,Apple,Produce,1,1.50,USD,C-0021,card
O-904522,2026-09-14,S-01,SKU-2,Bread,Bakery,5,3.00,USD,C-0022,cash
O-904523,2026-09-15,S-02,SKU-3,Milk,Dairy,1,2.20,USD,C-0023,card
O-904524,2026-09-16,S-03,SKU-4,Eggs,Dairy,6,0.35,EUR,C-0024,cash
O-904525,2026-09-17,S-01,SKU-5,Coffee,Beverages,5,8.99,GBP,C-0025,card
O-904526,2026-09-18,S-02,SKU-1,Apple,Produce,2,1.50,USD,C-0026,cash
O-904527,2026-09-19,S-03,SKU-2,Bread,Bakery,2,3.00,USD,C-0027,card
O-904528,2026-09-20,S-01,SKU-3,Milk,Dairy,6,2.20,USD,C-0028,cash
O-904529,2026-09-21,S-02,SKU-4,Eggs,Dairy,3,0.35,EUR,C-0029,card
O-904530,2026-09-22,S-03,SKU-5,Coffee,Beverages,7,8.99,GBP,C-0030,cash
O-904531,2026-09-23,S-01,SKU-1,Apple,Produce,3,1.50,USD,C-0031,card
O-904532,2026-09-24,S-02,SKU-2,Bread,Bakery,12,3.00,USD,C-0032,cash
O-904533,2026-09-25,S-03,SKU-3,Milk,Dairy,2,2.20,USD,C-0033,card
O-904534,2026-09-26,S-01,SKU-4,Eggs,Dairy,9,0.35,EUR,C-0034,cash
O-904535,2026-09-27,S-02,SKU-5,Coffee,Beverages,2,8.99,GBP,C-0035,card
O-904536,2026-09-28,S-03,SKU-1,Apple,Produce,6,1.50,USD,C-0036,cash
O-904537,2026-09-01,S-01,SKU-2,Bread,Bakery,10,3.00,USD,C-0037,card
O-904538,2026-09-02,S-02,SKU-3,Milk,Dairy,10,2.20,USD,C-0038,cash
O-904539,2026-09-03,S-03,SKU-4,Eggs,Dairy,8,0.35,EUR,C-0039,card
O-904540,2026-09-04,S-01,SKU-999,Coffee,Beverages,12,8.99,GBP,C-0040,cash
O-904541,2026-09-05,S-02,SKU-1,Apple,Produce,1,1.50,USD,C-0041,card
O-904542,2026-09-06,S-03,SKU-2,Bread,Bakery,7,3.00,USD,C-0042,cash
O-904543,2026-09-07,S-01,SKU-3,Milk,Dairy,11,2.20,USD,C-0043,card
O-904544,2026-09-08,S-02,SKU-4,Eggs,Dairy,3,0.35,EUR,C-0044,cash
O-904545,2026-09-09,S-03,SKU-5,Coffee,Beverages,10,8.99,GBP,C-0045,card
O-904546,2026-09-10,S-01,SKU-1,Apple,Produce,7,1.50,USD,C-0046,cash
O-904547,2026-09-11,S-02,SKU-2,Bread,Bakery,3,3.00,USD,C-0047,card
O-904548,2026-09-12,S-03,SKU-3,Milk,Dairy,1,2.20,USD,C-0048,cash
O-904549,2026-09-13,S-01,SKU-4,Eggs,Dairy,2,0.35,EUR,C-0049,card
O-904550,2026-09-14,S-02,SKU-5,Coffee,Beverages,6,8.99,GBP,C-0050,cash
O-904551,2026-09-15,S-03,SKU-1,Apple,Produce,4,1.50,USD,C-0051,card
O-904552,2026-09-16,S-01,SKU-2,Bread,Bakery,4,3.00,USD,C-0052,cash
O-904553,2026-09-17,S-02,SKU-3,Milk,Dairy,7,2.20,USD,C-0053,card
O-904554,2026-09-18,S-03,SKU-4,Eggs,Dairy,12,0.35,EUR,C-0054,cash
O-904555,2026-09-19,S-01,SKU-5,Coffee,Beverages,9,8.99,GBP,C-0055,card
O-904556,2026-09-20,S-02,SKU-1,Apple,Produce,12,1.50,USD,C-0056,cash
O-904557,2026-09-21,S-03,SKU-2,Bread,Bakery,12,3.00,USD,C-0057,card
O-904558,2026-09-22,S-01,SKU-3,Milk,Dairy,9,2.20,USD,C-0058,cash
O-904559,2026-09-23,S-02,SKU-4,Eggs,Dairy,5,0.35,EUR,C-0059,card
O-904560,2026-09-24,S-03,SKU-5,Coffee,Beverages,11,,GBP,C-0060,cash
O-904561,2026-09-25,S-01,SKU-1,Apple,Produce,5,1.50,USD,C-0061,card
O-904562,2026-09-26,S-02,SKU-2,Bread,Bakery,5,3.00,USD,C-0062,cash
O-904563,2026-09-27,S-03,SKU-3,Milk,Dairy,4,2.20,USD,C-0063,card
O-904564,2026-09-28,S-01,SKU-4,Eggs,Dairy,2,0.35,EUR,C-0064,cash
O-904565,2026-09-01,S-02,SKU-5,Coffee,Beverages,1,8.99,GBP,C-0065,card
O-904566,2026-09-02,S-03,SKU-1,Apple,Produce,7,1.50,USD,C-0066,cash
O-904567,2026-09-03,S-01,SKU-2,Bread,Bakery,10,3.00,USD,C-0067,card
O-904568,2026-09-04,S-02,SKU-3,Milk,Dairy,9,2.20,USD,C-0068,cash
O-904569,2026-09-05,S-03,SKU-4,Eggs,Dairy,8,0.35,EUR,C-0069,card
O-904570,2026-09-06,S-01,SKU-5,Coffee,Beverages,3,8.99,GBP,C-0070,cash
O-904571,2026-09-07,S-02,SKU-1,Apple,Produce,1,1.50,USD,C-0071,card
O-904572,2026-09-08,S-03,SKU-2,Bread,Bakery,6,3.00,USD,C-0072,cash
O-904573,2026-09-09,S-01,SKU-3,Milk,Dairy,1,2.20,USD,C-0073,card
O-904574,2026-09-10,S-02,SKU-4,Eggs,Dairy,7,0.35,EUR,C-0074,cash
O-904575,2026-09-11,S-03,SKU-5,Coffee,Beverages,2,8.99,GBP,C-0075,card
O-904576,2026-09-12,S-01,SKU-1,Apple,Produce,5,1.50,USD,C-0076,cash
O-904577,2026-09-13,S-02,SKU-2,Bread,Bakery,11,3.00,USD,C-0077,card
O-904578,2026-09-14,S-03,SKU-3,Milk,Dairy,11,2.20,USD,C-0078,cash
O-904579,2026-09-15,S-01,SKU-4,Eggs,Dairy,10,0.35,EUR,C-0079,card
,2026-09-16,S-02,SKU-5,Coffee,Beverages,8,8.99,GBP,C-0080,cash
O-904581,2026-09-17,S-03,SKU-1,Apple,Produce,4,1.50,USD,C-0081,card
O-904582,2026-09-18,S-01,SKU-2,Bread,Bakery,2,3.00,USD,C-0082,cash
O-904583,2026-09-19,S-02,SKU-3,Milk,Dairy,1,2.20,USD,C-0083,card
O-904584,2026-09-20,S-03,SKU-4,Eggs,Dairy,4,0.35,EUR,C-0084,cash
O-904585,2026-09-21,S-01,SKU-5,Coffee,Beverages,3,8.99,GBP,C-0085,card
O-904586,2026-09-22,S-02,SKU-1,Apple,Produce,11,1.50,USD,C-0086,cash
O-904587,2026-09-23,S-03,SKU-2,Bread,Bakery,5,3.00,USD,C-0087,card
O-904588,2026-09-24,S-01,SKU-3,Milk,Dairy,2,2.20,USD,C-0088,cash
O-904589,2026-09-25,S-02,SKU-4,Eggs,Dairy,8,0.35,EUR,C-0089,card
O-904590,2026-09-26,S-03,SKU-5,Coffee,Beverages,2,8.99,GBP,C-0090,cash
O-904591,2026-09-27,S-01,SKU-1,Apple,Produce,5,1.50,USD,C-0091,card
O-904592,2026-09-28,S-02,SKU-2,Bread,Bakery,7,3.00,USD,C-0092,cash
O-904593,2026-09-01,S-03,SKU-3,Milk,Dairy,8,2.20,USD,C-0093,card
O-904594,2026-09-02,S-01,SKU-4,Eggs,Dairy,8,0.35,EUR,C-0094,cash
O-904595,2026-09-03,S-02,SKU-5,Coffee,Beverages,11,8.99,GBP,C-0095,card
O-904596,2026-09-04,S-03,SKU-1,Apple,Produce,5,1.50,USD,C-0096,cash
O-904597,2026-09-05,S-01,SKU-2,Bread,Bakery,2,3.00,USD,C-0097,card
O-904598,2026-09-06,S-02,SKU-3,Milk,Dairy,11,2.20,USD,C-0098,cash
O-904599,2026-09-07,S-03,SKU-4,Eggs,Dairy,9,0.35,EUR,C-0099,card
O-904600,2026-09-08,S-01,SKU-5,Coffee,Beverages,7,8.99,XYZ,C-0100,cash
O-904601,2026-09-09,S-02,SKU-1,Apple,Produce,3,1.50,USD,C-0101,card
O-904602,2026-09-10,S-03,SKU-2,Bread,Bakery,6,3.00,USD,C-0102,cash
O-904603,2026-09-11,S-01,SKU-3,Milk,Dairy,7,2.20,USD,C-0103,card
O-904604,2026-09-12,S-02,SKU-4,Eggs,Dairy,6,0.35,EUR,C-0104,cash
O-904605,2026-09-13,S-03,SKU-5,Coffee,Beverages,3,8.99,GBP,C-0105,card
O-904606,2026-09-14,S-01,SKU-1,Apple,Produce,8,1.50,USD,C-0106,cash
O-904607,2026-09-15,S-02,SKU-2,Bread,Bakery,1,3.00,USD,C-0107,card
O-904608,2026-09-16,S-03,SKU-3,Milk,Dairy,5,2.20,USD,C-0108,cash
O-904609,2026-09-17,S-01,SKU-4,Eggs,Dairy,8,0.35,EUR,C-0109,card
O-904610,2026-09-18,S-02,SKU-5,Coffee,Beverages,8,8.99,GBP,C-0110,cash
O-904611,2026-09-19,S-03,SKU-1,Apple,Produce,5,1.50,USD,C-0111,card
O-904612,2026-09-20,S-01,SKU-2,Bread,Bakery,4,3.00,USD,C-0112,cash
O-904613,2026-09-21,S-02,SKU-3,Milk,Dairy,5,2.20,USD,C-0113,card
O-904614,2026-09-22,S-03,SKU-4,Eggs,Dairy,10,0.35,EUR,C-0114,cash
O-904615,2026-09-23,S-01,SKU-5,Coffee,Beverages,1,8.99,GBP,C-0115,card
O-904616,2026-09-24,S-02,SKU-1,Apple,Produce,3,1.50,USD,C-0116,cash
O-904617,2026-09-25,S-03,SKU-2,Bread,Bakery,12,3.00,USD,C-0117,card
O-904618,2026-09-26,S-01,SKU-3,Milk,Dairy,11,2.20,USD,C-0118,cash
O-904619,2026-09-27,S-02,SKU-4,Eggs,Dairy,2,0.35,EUR,C-0119,card
O-904620,2026-09-28,S-03,SKU-5,Coffee,Beverages,2,8.99,GBP,C-0120,bitcoin
O-904621,2026-09-01,S-01,SKU-1,Apple,Produce,11,1.50,USD,C-0121,card
O-904622,2026-09-02,S-02,SKU-2,Bread,Bakery,6,3.00,USD,C-0122,cash
O-904623,2026-09-03,S-03,SKU-3,Milk,Dairy,9,2.20,USD,C-0123,card
O-904624,2026-09-04,S-01,SKU-4,Eggs,Dairy,7,0.35,EUR,C-0124,cash
O-904625,2026-09-05,S-02,SKU-5,Coffee,Beverages,10,8.99,GBP,C-0125,card
O-904626,2026-09-06,S-03,SKU-1,Apple,Produce,4,1.50,USD,C-0126,cash
O-904627,2026-09-07,S-01,SKU-2,Bread,Bakery,9,3.00,USD,C-0127,card
O-904628,2026-09-08,S-02,SKU-3,Milk,Dairy,1,2.20,USD,C-0128,cash
O-904629,2026-09-09,S-03,SKU-4,Eggs,Dairy,7,0.35,EUR,C-0129,card
O-904630,2026-09-10,S-01,SKU-5,Coffee,Beverages,9,8.99,GBP,C-0130,cash
O-904631,2026-09-11,S-02,SKU-1,Apple,Produce,7,1.50,USD,C-0131,card
O-904632,2026-09-12,S-03,SKU-2,Bread,Bakery,9,3.00,USD,C-0132,cash
O-904633,2026-09-13,S-01,SKU-3,Milk,Dairy,11,2.20,USD,C-0133,card
O-904634,2026-09-14,S-02,SKU-4,Eggs,Dairy,8,0.35,EUR,C-0134,cash
O-904635,2026-09-15,S-03,SKU-5,Coffee,Beverages,10,8.99,GBP,C-0135,card
O-904636,2026-09-16,S-01,SKU-1,Apple,Produce,4,1.50,USD,C-0136,cash
O-904637,2026-09-17,S-02,SKU-2,Bread,Bakery,8,3.00,USD,C-0137,card
O-904638,2026-09-18,S-03,SKU-3,Milk,Dairy,5,2.20,USD,C-0138,cash
O-904639,2026-09-19,S-01,SKU-4,Eggs,Dairy,2,0.35,EUR,C-0139,card
O-904640,2026-09-20,S-02,SKU-5,Coffee,Beverages,0,8.99,GBP,C-0140,cash
O-904641,2026-09-21,S-03,SKU-1,Apple,Produce,12,1.50,USD,C-0141,card
O-904642,2026-09-22,S-01,SKU-2,Bread,Bakery,1,3.00,USD,C-0142,cash
O-904643,2026-09-23,S-02,SKU-3,Milk,Dairy,9,2.20,USD,C-0143,card
O-904644,2026-09-24,S-03,SKU-4,Eggs,Dairy,10,0.35,EUR,C-0144,cash
O-904645,2026-09-25,S-01,SKU-5,Coffee,Beverages,9,8.99,GBP,C-0145,card
O-904646,2026-09-26,S-02,SKU-1,Apple,Produce,10,1.50,USD,C-0146,cash
O-904647,2026-09-27,S-03,SKU-2,Bread,Bakery,11,3.00,USD,C-0147,card
O-904648,2026-09-28,S-01,SKU-3,Milk,Dairy,10,2.20,USD,C-0148,cash
O-904649,2026-09-01,S-02,SKU-4,Eggs,Dairy,3,0.35,EUR,C-0149,card
O-904650,2026-09-02,S-03,SKU-5,Coffee,Beverages,2,8.99,GBP,C-0150,cash
O-904651,2026-09-03,S-01,SKU-1,Apple,Produce,8,1.50,USD,C-0151,card
O-904652,2026-09-04,S-02,SKU-2,Bread,Bakery,3,3.00,USD,C-0152,cash
O-904653,2026-09-05,S-03,SKU-3,Milk,Dairy,3,2.20,USD,C-0153,card
O-904654,2026-09-06,S-01,SKU-4,Eggs,Dairy,4,0.35,EUR,C-0154,cash
O-904655,2026-09-07,S-02,SKU-5,Coffee,Beverages,4,8.99,GBP,C-0155,card
O-904656,2026-09-08,S-03,SKU-1,Apple,Produce,3,1.50,USD,C-0156,cash
O-904657,2026-09-09,S-01,SKU-2,Bread,Bakery,1,3.00,USD,C-0157,card
O-904658,2026-09-10,S-02,SKU-3,Milk,Dairy,7,2.20,USD,C-0158,cash
O-904659,2026-09-11,S-03,SKU-4,Eggs,Dairy,2,0.35,EUR,C-0159,card
O-904660,bad-date,S-01,SKU-5,Coffee,Beverages,11,8.99,GBP,C-0160,cash
O-904661,2026-09-13,S-02,SKU-1,Apple,Produce,7,1.50,USD,C-0161,card
O-904662,2026-09-14,S-03,SKU-2,Bread,Bakery,4,3.00,USD,C-0162,cash
O-904663,2026-09-15,S-01,SKU-3,Milk,Dairy,11,2.20,USD,C-0163,card
O-904664,2026-09-16,S-02,SKU-4,Eggs,Dairy,3,0.35,EUR,C-0164,cash
O-904665,2026-09-17,S-03,SKU-5,Coffee,Beverages,10,8.99,GBP,C-0165,card
O-904666,2026-09-18,S-01,SKU-1,Apple,Produce,5,1.50,USD,C-0166,cash
O-904667,2026-09-19,S-02,SKU-2,Bread,Bakery,6,3.00,USD,C-0167,card
O-904668,2026-09-20,S-03,SKU-3,Milk,Dairy,12,2.20,USD,C-0168,cash
O-904669,2026-09-21,S-01,SKU-4,Eggs,Dairy,2,0.35,EUR,C-0169,card
O-904670,2026-09-22,S-02,SKU-5,Coffee,Beverages,2,8.99,GBP,C-0170,cash
O-904671,2026-09-23,S-03,SKU-1,Apple,Produce,7,1.50,USD,C-0171,card
O-904672,2026-09-24,S-01,SKU-2,Bread,Bakery,9,3.00,USD,C-0172,cash
O-904673,2026-09-25,S-02,SKU-3,Milk,Dairy,7,2.20,USD,C-0173,card
O-904674,2026-09-26,S-03,SKU-4,Eggs,Dairy,9,0.35,EUR,C-0174,cash
O-904675,2026-09-27,S-01,SKU-5,Coffee,Beverages,6,8.99,GBP,C-0175,card
O-904676,2026-09-28,S-02,SKU-1,Apple,Produce,5,1.50,USD,C-0176,cash
O-904677,2026-09-01,S-03,SKU-2,Bread,Bakery,9,3.00,USD,C-0177,card
O-904678,2026-09-02,S-01,SKU-3,Milk,Dairy,8,2.20,USD,C-0178,cash
O-904679,2026-09-03,S-02,SKU-4,Eggs,Dairy,1,0.35,EUR,C-0179,card
O-904680,2026-09-04,S-03,SKU-5,Coffee,Beverages,-3,8.99,GBP,C-0180,cash
O-904681,2026-09-05,S-01,SKU-1,Apple,Produce,10,1.50,USD,C-0181,card
O-904682,2026-09-06,S-02,SKU-2,Bread,Bakery,10,3.00,USD,C-0182,cash
O-904683,2026-09-07,S-03,SKU-3,Milk,Dairy,9,2.20,USD,C-0183,card
O-904684,2026-09-08,S-01,SKU-4,Eggs,Dairy,7,0.35,EUR,C-0184,cash
O-904685,2026-09-09,S-02,SKU-5,Coffee,Beverages,2,8.99,GBP,C-0185,card
O-904686,2026-09-10,S-03,SKU-1,Apple,Produce,7,1.50,USD,C-0186,cash
O-904687,2026-09-11,S-01,SKU-2,Bread,Bakery,3,3.00,USD,C-0187,card
O-904688,2026-09-12,S-02,SKU-3,Milk,Dairy,3,2.20,USD,C-0188,cash
O-904689,2026-09-13,S-03,SKU-4,Eggs,Dairy,10,0.35,EUR,C-0189,card
O-904690,2026-09-14,S-01,SKU-5,Coffee,Beverages,10,8.99,GBP,C-0190,cash
O-904691,2026-09-15,S-02,SKU-1,Apple,Produce,10,1.50,USD,C-0191,card
O-904692,2026-09-16,S-03,SKU-2,Bread,Bakery,2,3.00,USD,C-0192,cash
O-904693,2026-09-17,S-01,SKU-3,Milk,Dairy,2,2.20,USD,C-0193,card
O-904694,2026-09-18,S-02,SKU-4,Eggs,Dairy,10,0.35,EUR,C-0194,cash
O-904695,2026-09-19,S-03,SKU-5,Coffee,Beverages,2,8.99,GBP,C-0195,card
O-904696,2026-09-20,S-01,SKU-1,Apple,Produce,5,1.50,USD,C-0196,cash
O-904697,2026-09-21,S-02,SKU-2,Bread,Bakery,9,3.00,USD,C-0197,card
O-904698,2026-09-22,S-03,SKU-3,Milk,Dairy,6,2.20,USD,C-0198,cash
O-904699,2026-09-23,S-01,SKU-4,Eggs,Dairy,7,0.35,EUR,C-0199,card
O-904700,2026-09-24,S-02,SKU-999,Coffee,Beverages,5,8.99,GBP,C-0200,cash
O-904701,2026-09-25,S-03,SKU-1,Apple,Produce,7,1.50,USD,C-0201,card
O-904702,2026-09-26,S-01,SKU-2,Bread,Bakery,11,3.00,USD,C-0202,cash
O-904703,2026-09-27,S-02,SKU-3,Milk,Dairy,8,2.20,USD,C-0203,card
O-904704,2026-09-28,S-03,SKU-4,Eggs,Dairy,10,0.35,EUR,C-0204,cash
O-904705,2026-09-01,S-01,SKU-5,Coffee,Beverages,10,8.99,GBP,C-0205,card
O-904706,2026-09-02,S-02,SKU-1,Apple,Produce,8,1.50,USD,C-0206,cash
O-904707,2026-09-03,S-03,SKU-2,Bread,Bakery,1,3.00,USD,C-0207,card
O-904708,2026-09-04,S-01,SKU-3,Milk,Dairy,3,2.20,USD,C-0208,cash
O-904709,2026-09-05,S-02,SKU-4,Eggs,Dairy,5,0.35,EUR,C-0209,card
O-904710,2026-09-06,S-03,SKU-5,Coffee,Beverages,7,8.99,GBP,C-0210,cash
O-904711,2026-09-07,S-01,SKU-1,Apple,Produce,3,1.50,USD,C-0211,card
O-904712,2026-09-08,S-02,SKU-2,Bread,Bakery,10,3.00,USD,C-0212,cash
O-904713,2026-09-09,S-03,SKU-3,Milk,Dairy,10,2.20,USD,C-0213,card
O-904714,2026-09-10,S-01,SKU-4,Eggs,Dairy,11,0.35,EUR,C-0214,cash
O-904715,2026-09-11,S-02,SKU-5,Coffee,Beverages,12,8.99,GBP,C-0215,card
O-904716,2026-09-12,S-03,SKU-1,Apple,Produce,7,1.50,USD,C-0216,cash
O-904717,2026-09-13,S-01,SKU-2,Bread,Bakery,1,3.00,USD,C-0217,card
O-904718,2026-09-14,S-02,SKU-3,Milk,Dairy,7,2.20,USD,C-0218,cash
O-904719,2026-09-15,S-03,SKU-4,Eggs,Dairy,6,0.35,EUR,C-0219,card
O-904720,2026-09-16,S-01,SKU-5,Coffee,Beverages,12,,GBP,C-0220,cash
O-904721,2026-09-17,S-02,SKU-1,Apple,Produce,4,1.50,USD,C-0221,card
O-904722,2026-09-18,S-03,SKU-2,Bread,Bakery,1,3.00,USD,C-0222,cash
O-904723,2026-09-19,S-01,SKU-3,Milk,Dairy,12,2.20,USD,C-0223,card
O-904724,2026-09-20,S-02,SKU-4,Eggs,Dairy,8,0.35,EUR,C-0224,cash
O-904725,2026-09-21,S-03,SKU-5,Coffee,Beverages,5,8.99,GBP,C-0225,card
O-904726,2026-09-22,S-01,SKU-1,Apple,Produce,6,1.50,USD,C-0226,cash
O-904727,2026-09-23,S-02,SKU-2,Bread,Bakery,1,3.00,USD,C-0227,card
O-904728,2026-09-24,S-03,SKU-3,Milk,Dairy,6,2.20,USD,C-0228,cash
O-904729,2026-09-25,S-01,SKU-4,Eggs,Dairy,5,0.35,EUR,C-0229,card
O-904730,2026-09-26,S-02,SKU-5,Coffee,Beverages,5,8.99,GBP,C-0230,cash
O-904731,2026-09-27,S-03,SKU-1,Apple,Produce,5,1.50,USD,C-0231,card
O-904732,2026-09-28,S-01,SKU-2,Bread,Bakery,8,3.00,USD,C-0232,cash
O-904733,2026-09-01,S-02,SKU-3,Milk,Dairy,12,2.20,USD,C-0233,card
O-904734,2026-09-02,S-03,SKU-4,Eggs,Dairy,11,0.35,EUR,C-0234,cash
O-904735,2026-09-03,S-01,SKU-5,Coffee,Beverages,2,8.99,GBP,C-0235,card
O-904736,2026-09-04,S-02,SKU-1,Apple,Produce,4,1.50,USD,C-0236,cash
O-904737,2026-09-05,S-03,SKU-2,Bread,Bakery,3,3.00,USD,C-0237,card
O-904738,2026-09-06,S-01,SKU-3,Milk,Dairy,5,2.20,USD,C-0238,cash
O-904739,2026-09-07,S-02,SKU-4,Eggs,Dairy,12,0.35,EUR,C-0239,card
,2026-09-08,S-03,SKU-5,Coffee,Beverages,8,8.99,GBP,C-0240,cash
O-904741,2026-09-09,S-01,SKU-1,Apple,Produce,6,1.50,USD,C-0241,card
O-904742,2026-09-10,S-02,SKU-2,Bread,Bakery,5,3.00,USD,C-0242,cash
O-904743,2026-09-11,S-03,SKU-3,Milk,Dairy,12,2.20,USD,C-0243,card
O-904744,2026-09-12,S-01,SKU-4,Eggs,Dairy,7,0.35,EUR,C-0244,cash
O-904745,2026-09-13,S-02,SKU-5,Coffee,Beverages,10,8.99,GBP,C-0245,card
O-904746,2026-09-14,S-03,SKU-1,Apple,Produce,11,1.50,USD,C-0246,cash
O-904747,2026-09-15,S-01,SKU-2,Bread,Bakery,2,3.00,USD,C-0247,card
O-904748,2026-09-16,S-02,SKU-3,Milk,Dairy,4,2.20,USD,C-0248,cash
O-904749,2026-09-17,S-03,SKU-4,Eggs,Dairy,8,0.35,EUR,C-0249,card
O-904750,2026-09-18,S-01,SKU-5,Coffee,Beverages,4,8.99,GBP,C-0250,cash
O-904751,2026-09-19,S-02,SKU-1,Apple,Produce,7,1.50,USD,C-0251,card
O-904752,2026-09-20,S-03,SKU-2,Bread,Bakery,12,3.00,USD,C-0252,cash
O-904753,2026-09-21,S-01,SKU-3,Milk,Dairy,8,2.20,USD,C-0253,card
O-904754,2026-09-22,S-02,SKU-4,Eggs,Dairy,9,0.35,EUR,C-0254,cash
O-904755,2026-09-23,S-03,SKU-5,Coffee,Beverages,6,8.99,GBP,C-0255,card
O-904756,2026-09-24,S-01,SKU-1,Apple,Produce,1,1.50,USD,C-0256,cash
O-904757,2026-09-25,S-02,SKU-2,Bread,Bakery,9,3.00,USD,C-0257,card
O-904758,2026-09-26,S-03,SKU-3,Milk,Dairy,3,2.20,USD,C-0258,cash
O-904759,2026-09-27,S-01,SKU-4,Eggs,Dairy,2,0.35,EUR,C-0259,card
O-904760,2026-09-28,S-02,SKU-5,Coffee,Beverages,5,8.99,XYZ,C-0260,cash
O-904761,2026-09-01,S-03,SKU-1,Apple,Produce,12,1.50,USD,C-0261,card
O-904762,2026-09-02,S-01,SKU-2,Bread,Bakery,9,3.00,USD,C-0262,cash
O-904763,2026-09-03,S-02,SKU-3,Milk,Dairy,7,2.20,USD,C-0263,card
O-904764,2026-09-04,S-03,SKU-4,Eggs,Dairy,3,0.35,EUR,C-0264,cash
O-904765,2026-09-05,S-01,SKU-5,Coffee,Beverages,9,8.99,GBP,C-0265,card
O-904766,2026-09-06,S-02,SKU-1,Apple,Produce,10,1.50,USD,C-0266,cash
O-904767,2026-09-07,S-03,SKU-2,Bread,Bakery,1,3.00,USD,C-0267,card
O-904768,2026-09-08,S-01,SKU-3,Milk,Dairy,3,2.20,USD,C-0268,cash
O-904769,2026-09-09,S-02,SKU-4,Eggs,Dairy,4,0.35,EUR,C-0269,card
O-904770,2026-09-10,S-03,SKU-5,Coffee,Beverages,4,8.99,GBP,C-0270,cash
O-904771,2026-09-11,S-01,SKU-1,Apple,Produce,1,1.50,USD,C-0271,card
O-904772,2026-09-12,S-02,SKU-2,Bread,Bakery,4,3.00,USD,C-0272,cash
O-904773,2026-09-13,S-03,SKU-3,Milk,Dairy,1,2.20,USD,C-0273,card
O-904774,2026-09-14,S-01,SKU-4,Eggs,Dairy,8,0.35,EUR,C-0274,cash
O-904775,2026-09-15,S-02,SKU-5,Coffee,Beverages,1,8.99,GBP,C-0275,card
O-904776,2026-09-16,S-03,SKU-1,Apple,Produce,6,1.50,USD,C-0276,cash
O-904777,2026-09-17,S-01,SKU-2,Bread,Bakery,12,3.00,USD,C-0277,card
O-904778,2026-09-18,S-02,SKU-3,Milk,Dairy,4,2.20,USD,C-0278,cash
O-904779,2026-09-19,S-03,SKU-4,Eggs,Dairy,5,0.35,EUR,C-0279,card
O-904780,2026-09-20,S-01,SKU-5,Coffee,Beverages,6,8.99,GBP,C-0280,bitcoin
O-904781,2026-09-21,S-02,SKU-1,Apple,Produce,8,1.50,USD,C-0281,card
O-904782,2026-09-22,S-03,SKU-2,Bread,Bakery,9,3.00,USD,C-0282,cash
O-904783,2026-09-23,S-01,SKU-3,Milk,Dairy,7,2.20,USD,C-0283,card
O-904784,2026-09-24,S-02,SKU-4,Eggs,Dairy,11,0.35,EUR,C-0284,cash
O-904785,2026-09-25,S-03,SKU-5,Coffee,Beverages,2,8.99,GBP,C-0285,card
O-904786,2026-09-26,S-01,SKU-1,Apple,Produce,11,1.50,USD,C-0286,cash
O-904787,2026-09-27,S-02,SKU-2,Bread,Bakery,1,3.00,USD,C-0287,card
O-904788,2026-09-28,S-03,SKU-3,Milk,Dairy,4,2.20,USD,C-0288,cash
O-904789,2026-09-01,S-01,SKU-4,Eggs,Dairy,6,0.35,EUR,C-0289,card
O-904790,2026-09-02,S-02,SKU-5,Coffee,Beverages,8,8.99,GBP,C-0290,cash
O-904791,2026-09-03,S-03,SKU-1,Apple,Produce,10,1.50,USD,C-0291,card
O-904792,2026-09-04,S-01,SKU-2,Bread,Bakery,8,3.00,USD,C-0292,cash
O-904793,2026-09-05,S-02,SKU-3,Milk,Dairy,3,2.20,USD,C-0293,card
O-904794,2026-09-06,S-03,SKU-4,Eggs,Dairy,8,0.35,EUR,C-0294,cash
O-904795,2026-09-07,S-01,SKU-5,Coffee,Beverages,10,8.99,GBP,C-0295,card
O-904796,2026-09-08,S-02,SKU-1,Apple,Produce,9,1.50,USD,C-0296,cash
O-904797,2026-09-09,S-03,SKU-2,Bread,Bakery,6,3.00,USD,C-0297,card
O-904798,2026-09-10,S-01,SKU-3,Milk,Dairy,6,2.20,USD,C-0298,cash
O-904799,2026-09-11,S-02,SKU-4,Eggs,Dairy,3,0.35,EUR,C-0299,card
O-904800,2026-09-12,S-03,SKU-5,Coffee,Beverages,0,8.99,GBP,C-0300,cash
O-904801,2026-09-13,S-01,SKU-1,Apple,Produce,12,1.50,USD,C-0301,card
O-904802,2026-09-14,S-02,SKU-2,Bread,Bakery,12,3.00,USD,C-0302,cash
O-904803,2026-09-15,S-03,SKU-3,Milk,Dairy,2,2.20,USD,C-0303,card
O-904804,2026-09-16,S-01,SKU-4,Eggs,Dairy,5,0.35,EUR,C-0304,cash
O-904805,2026-09-17,S-02,SKU-5,Coffee,Beverages,1,8.99,GBP,C-0305,card
O-904806,2026-09-18,S-03,SKU-1,Apple,Produce,7,1.50,USD,C-0306,cash
O-904807,2026-09-19,S-01,SKU-2,Bread,Bakery,1,3.00,USD,C-0307,card
O-904808,2026-09-20,S-02,SKU-3,Milk,Dairy,3,2.20,USD,C-0308,cash
O-904809,2026-09-21,S-03,SKU-4,Eggs,Dairy,10,0.35,EUR,C-0309,card
O-904810,2026-09-22,S-01,SKU-5,Coffee,Beverages,4,8.99,GBP,C-0310,cash
O-904811,2026-09-23,S-02,SKU-1,Apple,Produce,4,1.50,USD,C-0311,card
O-904812,2026-09-24,S-03,SKU-2,Bread,Bakery,11,3.00,USD,C-0312,cash
O-904813,2026-09-25,S-01,SKU-3,Milk,Dairy,4,2.20,USD,C-0313,card
O-904814,2026-09-26,S-02,SKU-4,Eggs,Dairy,11,0.35,EUR,C-0314,cash
O-904815,2026-09-27,S-03,SKU-5,Coffee,Beverages,4,8.99,GBP,C-0315,card
O-904816,2026-09-28,S-01,SKU-1,Apple,Produce,5,1.50,USD,C-0316,cash
O-904817,2026-09-01,S-02,SKU-2,Bread,Bakery,11,3.00,USD,C-0317,card
O-904818,2026-09-02,S-03,SKU-3,Milk,Dairy,7,2.20,USD,C-0318,cash
O-904819,2026-09-03,S-01,SKU-4,Eggs,Dairy,9,0.35,EUR,C-0319,card
O-904820,bad-date,S-02,SKU-5,Coffee,Beverages,1,8.99,GBP,C-0320,cash
O-904821,2026-09-05,S-03,SKU-1,Apple,Produce,11,1.50,USD,C-0321,card
O-904822,2026-09-06,S-01,SKU-2,Bread,Bakery,1,3.00,USD,C-0322,cash
O-904823,2026-09-07,S-02,SKU-3,Milk,Dairy,8,2.20,USD,C-0323,card
O-904824,2026-09-08,S-03,SKU-4,Eggs,Dairy,3,0.35,EUR,C-0324,cash
O-904825,2026-09-09,S-01,SKU-5,Coffee,Beverages,11,8.99,GBP,C-0325,card
O-904826,2026-09-10,S-02,SKU-1,Apple,Produce,3,1.50,USD,C-0326,cash
O-904827,2026-09-11,S-03,SKU-2,Bread,Bakery,10,3.00,USD,C-0327,card
O-904828,2026-09-12,S-01,SKU-3,Milk,Dairy,1,2.20,USD,C-0328,cash
O-904829,2026-09-13,S-02,SKU-4,Eggs,Dairy,4,0.35,EUR,C-0329,card
O-904830,2026-09-14,S-03,SKU-5,Coffee,Beverages,5,8.99,GBP,C-0330,cash
O-904831,2026-09-15,S-01,SKU-1,Apple,Produce,10,1.50,USD,C-0331,card
O-904832,2026-09-16,S-02,SKU-2,Bread,Bakery,5,3.00,USD,C-0332,cash
O-904833,2026-09-17,S-03,SKU-3,Milk,Dairy,12,2.20,USD,C-0333,card
O-904834,2026-09-18,S-01,SKU-4,Eggs,Dairy,12,0.35,EUR,C-0334,cash
O-904835,2026-09-19,S-02,SKU-5,Coffee,Beverages,11,8.99,GBP,C-0335,card
O-904836,2026-09-20,S-03,SKU-1,Apple,Produce,5,1.50,USD,C-0336,cash
O-904837,2026-09-21,S-01,SKU-2,Bread,Bakery,7,3.00,USD,C-0337,card
O-904838,2026-09-22,S-02,SKU-3,Milk,Dairy,7,2.20,USD,C-0338,cash
O-904839,2026-09-23,S-03,SKU-4,Eggs,Dairy,6,0.35,EUR,C-0339,card
O-904840,2026-09-24,S-01,SKU-5,Coffee,Beverages,-3,8.99,GBP,C-0340,cash
O-904841,2026-09-25,S-02,SKU-1,Apple,Produce,5,1.50,USD,C-0341,card
O-904842,2026-09-26,S-03,SKU-2,Bread,Bakery,4,3.00,USD,C-0342,cash
O-904843,2026-09-27,S-01,SKU-3,Milk,Dairy,8,2.20,USD,C-0343,card
O-904844,2026-09-28,S-02,SKU-4,Eggs,Dairy,5,0.35,EUR,C-0344,cash
O-904845,2026-09-01,S-03,SKU-5,Coffee,Beverages,11,8.99,GBP,C-0345,card
O-904846,2026-09-02,S-01,SKU-1,Apple,Produce,9,1.50,USD,C-0346,cash
O-904847,2026-09-03,S-02,SKU-2,Bread,Bakery,10,3.00,USD,C-0347,card
O-904848,2026-09-04,S-03,SKU-3,Milk,Dairy,7,2.20,USD,C-0348,cash
O-904849,2026-09-05,S-01,SKU-4,Eggs,Dairy,10,0.35,EUR,C-0349,card
O-904850,2026-09-06,S-02,SKU-5,Coffee,Beverages,2,8.99,GBP,C-0350,cash
O-904851,2026-09-07,S-03,SKU-1,Apple,Produce,1,1.50,USD,C-0351,card
O-904852,2026-09-08,S-01,SKU-2,Bread,Bakery,9,3.00,USD,C-0352,cash
O-904853,2026-09-09,S-02,SKU-3,Milk,Dairy,11,2.20,USD,C-0353,card
O-904854,2026-09-10,S-03,SKU-4,Eggs,Dairy,6,0.35,EUR,C-0354,cash
O-904855,2026-09-11,S-01,SKU-5,Coffee,Beverages,9,8.99,GBP,C-0355,card
O-904856,2026-09-12,S-02,SKU-1,Apple,Produce,11,1.50,USD,C-0356,cash
O-904857,2026-09-13,S-03,SKU-2,Bread,Bakery,10,3.00,USD,C-0357,card
O-904858,2026-09-14,S-01,SKU-3,Milk,Dairy,10,2.20,USD,C-0358,cash
O-904859,2026-09-15,S-02,SKU-4,Eggs,Dairy,5,0.35,EUR,C-0359,card
O-904860,2026-09-16,S-03,SKU-999,Coffee,Beverages,5,8.99,GBP,C-0360,cash
O-904861,2026-09-17,S-01,SKU-1,Apple,Produce,11,1.50,USD,C-0361,card
O-904862,2026-09-18,S-02,SKU-2,Bread,Bakery,2,3.00,USD,C-0362,cash
O-904863,2026-09-19,S-03,SKU-3,Milk,Dairy,8,2.20,USD,C-0363,card
O-904864,2026-09-20,S-01,SKU-4,Eggs,Dairy,2,0.35,EUR,C-0364,cash
O-904865,2026-09-21,S-02,SKU-5,Coffee,Beverages,6,8.99,GBP,C-0365,card
O-904866,2026-09-22,S-03,SKU-1,Apple,Produce,5,1.50,USD,C-0366,cash
O-904867,2026-09-23,S-01,SKU-2,Bread,Bakery,11,3.00,USD,C-0367,card
O-904868,2026-09-24,S-02,SKU-3,Milk,Dairy,6,2.20,USD,C-0368,cash
O-904869,2026-09-25,S-03,SKU-4,Eggs,Dairy,5,0.35,EUR,C-0369,card
O-904870,2026-09-26,S-01,SKU-5,Coffee,Beverages,5,8.99,GBP,C-0370,cash
O-904871,2026-09-27,S-02,SKU-1,Apple,Produce,11,1.50,USD,C-0371,card
O-904872,2026-09-28,S-03,SKU-2,Bread,Bakery,12,3.00,USD,C-0372,cash
O-904873,2026-09-01,S-01,SKU-3,Milk,Dairy,11,2.20,USD,C-0373,card
O-904874,2026-09-02,S-02,SKU-4,Eggs,Dairy,5,0.35,EUR,C-0374,cash
O-904875,2026-09-03,S-03,SKU-5,Coffee,Beverages,4,8.99,GBP,C-0375,card
O-904876,2026-09-04,S-01,SKU-1,Apple,Produce,3,1.50,USD,C-0376,cash
O-904877,2026-09-05,S-02,SKU-2,Bread,Bakery,9,3.00,USD,C-0377,card
O-904878,2026-09-06,S-03,SKU-3,Milk,Dairy,4,2.20,USD,C-0378,cash
O-904879,2026-09-07,S-01,SKU-4,Eggs,Dairy,1,0.35,EUR,C-0379,card
O-904880,2026-09-08,S-02,SKU-5,Coffee,Beverages,10,,GBP,C-0380,cash
O-904881,2026-09-09,S-03,SKU-1,Apple,Produce,7,1.50,USD,C-0381,card
O-904882,2026-09-10,S-01,SKU-2,Bread,Bakery,11,3.00,USD,C-0382,cash
O-904883,2026-09-11,S-02,SKU-3,Milk,Dairy,6,2.20,USD,C-0383,card
O-904884,2026-09-12,S-03,SKU-4,Eggs,Dairy,11,0.35,EUR,C-0384,cash
O-904885,2026-09-13,S-01,SKU-5,Coffee,Beverages,3,8.99,GBP,C-0385,card
O-904886,2026-09-14,S-02,SKU-1,Apple,Produce,12,1.50,USD,C-0386,cash
O-904887,2026-09-15,S-03,SKU-2,Bread,Bakery,1,3.00,USD,C-0387,card
O-904888,2026-09-16,S-01,SKU-3,Milk,Dairy,11,2.20,USD,C-0388,cash
O-904889,2026-09-17,S-02,SKU-4,Eggs,Dairy,8,0.35,EUR,C-0389,card
O-904890,2026-09-18,S-03,SKU-5,Coffee,Beverages,5,8.99,GBP,C-0390,cash
O-904891,2026-09-19,S-01,SKU-1,Apple,Produce,5,1.50,USD,C-0391,card
O-904892,2026-09-20,S-02,SKU-2,Bread,Bakery,7,3.00,USD,C-0392,cash
O-904893,2026-09-21,S-03,SKU-3,Milk,Dairy,7,2.20,USD,C-0393,card
O-904894,2026-09-22,S-01,SKU-4,Eggs,Dairy,7,0.35,EUR,C-0394,cash
O-904895,2026-09-23,S-02,SKU-5,Coffee,Beverages,12,8.99,GBP,C-0395,card
O-904896,2026-09-24,S-03,SKU-1,Apple,Produce,1,1.50,USD,C-0396,cash
O-904897,2026-09-25,S-01,SKU-2,Bread,Bakery,10,3.00,USD,C-0397,card
O-904898,2026-09-26,S-02,SKU-3,Milk,Dairy,12,2.20,USD,C-0398,cash
O-904899,2026-09-27,S-03,SKU-4,Eggs,Dairy,10,0.35,EUR,C-0399,card
,2026-09-28,S-01,SKU-5,Coffee,Beverages,4,8.99,GBP,C-0400,cash
O-904901,2026-09-01,S-02,SKU-1,Apple,Produce,6,1.50,USD,C-0401,card
O-904902,2026-09-02,S-03,SKU-2,Bread,Bakery,12,3.00,USD,C-0402,cash
O-904903,2026-09-03,S-01,SKU-3,Milk,Dairy,12,2.20,USD,C-0403,card
O-904904,2026-09-04,S-02,SKU-4,Eggs,Dairy,4,0.35,EUR,C-0404,cash
O-904905,2026-09-05,S-03,SKU-5,Coffee,Beverages,11,8.99,GBP,C-0405,card
O-904906,2026-09-06,S-01,SKU-1,Apple,Produce,9,1.50,USD,C-0406,cash
O-904907,2026-09-07,S-02,SKU-2,Bread,Bakery,11,3.00,USD,C-0407,card
O-904908,2026-09-08,S-03,SKU-3,Milk,Dairy,8,2.20,USD,C-0408,cash
O-904909,2026-09-09,S-01,SKU-4,Eggs,Dairy,11,0.35,EUR,C-0409,card
O-904910,2026-09-10,S-02,SKU-5,Coffee,Beverages,6,8.99,GBP,C-0410,cash
O-904911,2026-09-11,S-03,SKU-1,Apple,Produce,9,1.50,USD,C-0411,card
O-904912,2026-09-12,S-01,SKU-2,Bread,Bakery,5,3.00,USD,C-0412,cash
O-904913,2026-09-13,S-02,SKU-3,Milk,Dairy,3,2.20,USD,C-0413,card
O-904914,2026-09-14,S-03,SKU-4,Eggs,Dairy,11,0.35,EUR,C-0414,cash
O-904915,2026-09-15,S-01,SKU-5,Coffee,Beverages,9,8.99,GBP,C-0415,card
O-904916,2026-09-16,S-02,SKU-1,Apple,Produce,3,1.50,USD,C-0416,cash
O-904917,2026-09-17,S-03,SKU-2,Bread,Bakery,5,3.00,USD,C-0417,card
O-904918,2026-09-18,S-01,SKU-3,Milk,Dairy,2,2.20,USD,C-0418,cash
O-904919,2026-09-19,S-02,SKU-4,Eggs,Dairy,8,0.35,EUR,C-0419,card
O-904920,2026-09-20,S-03,SKU-5,Coffee,Beverages,3,8.99,XYZ,C-0420,cash
O-904921,2026-09-21,S-01,SKU-1,Apple,Produce,12,1.50,USD,C-0421,card
O-904922,2026-09-22,S-02,SKU-2,Bread,Bakery,5,3.00,USD,C-0422,cash
O-904923,2026-09-23,S-03,SKU-3,Milk,Dairy,12,2.20,USD,C-0423,card
O-904924,2026-09-24,S-01,SKU-4,Eggs,Dairy,9,0.35,EUR,C-0424,cash
O-904925,2026-09-25,S-02,SKU-5,Coffee,Beverages,3,8.99,GBP,C-0425,card
O-904926,2026-09-26,S-03,SKU-1,Apple,Produce,11,1.50,USD,C-0426,cash
O-904927,2026-09-27,S-01,SKU-2,Bread,Bakery,6,3.00,USD,C-0427,card
O-904928,2026-09-28,S-02,SKU-3,Milk,Dairy,11,2.20,USD,C-0428,cash
O-904929,2026-09-01,S-03,SKU-4,Eggs,Dairy,2,0.35,EUR,C-0429,card
O-904930,2026-09-02,S-01,SKU-5,Coffee,Beverages,4,8.99,GBP,C-0430,cash
O-904931,2026-09-03,S-02,SKU-1,Apple,Produce,6,1.50,USD,C-0431,card
O-904932,2026-09-04,S-03,SKU-2,Bread,Bakery,4,3.00,USD,C-0432,cash
O-904933,2026-09-05,S-01,SKU-3,Milk,Dairy,12,2.20,USD,C-0433,card
O-904934,2026-09-06,S-02,SKU-4,Eggs,Dairy,5,0.35,EUR,C-0434,cash
O-904935,2026-09-07,S-03,SKU-5,Coffee,Beverages,7,8.99,GBP,C-0435,card
O-904936,2026-09-08,S-01,SKU-1,Apple,Produce,6,1.50,USD,C-0436,cash
O-904937,2026-09-09,S-02,SKU-2,Bread,Bakery,6,3.00,USD,C-0437,card
O-904938,2026-09-10,S-03,SKU-3,Milk,Dairy,5,2.20,USD,C-0438,cash
O-904939,2026-09-11,S-01,SKU-4,Eggs,Dairy,10,0.35,EUR,C-0439,card
O-904940,2026-09-12,S-02,SKU-5,Coffee,Beverages,5,8.99,GBP,C-0440,bitcoin
O-904941,2026-09-13,S-03,SKU-1,Apple,Produce,8,1.50,USD,C-0441,card
O-904942,2026-09-14,S-01,SKU-2,Bread,Bakery,2,3.00,USD,C-0442,cash
O-904943,2026-09-15,S-02,SKU-3,Milk,Dairy,8,2.20,USD,C-0443,card
O-904944,2026-09-16,S-03,SKU-4,Eggs,Dairy,1,0.35,EUR,C-0444,cash
O-904945,2026-09-17,S-01,SKU-5,Coffee,Beverages,11,8.99,GBP,C-0445,card
O-904946,2026-09-18,S-02,SKU-1,Apple,Produce,10,1.50,USD,C-0446,cash
O-904947,2026-09-19,S-03,SKU-2,Bread,Bakery,10,3.00,USD,C-0447,card
O-904948,2026-09-20,S-01,SKU-3,Milk,Dairy,10,2.20,USD,C-0448,cash
O-904949,2026-09-21,S-02,SKU-4,Eggs,Dairy,2,0.35,EUR,C-0449,card
O-904950,2026-09-22,S-03,SKU-5,Coffee,Beverages,8,8.99,GBP,C-0450,cash
O-904951,2026-09-23,S-01,SKU-1,Apple,Produce,4,1.50,USD,C-0451,card
O-904952,2026-09-24,S-02,SKU-2,Bread,Bakery,9,3.00,USD,C-0452,cash
O-904953,2026-09-25,S-03,SKU-3,Milk,Dairy,2,2.20,USD,C-0453,card
O-904954,2026-09-26,S-01,SKU-4,Eggs,Dairy,11,0.35,EUR,C-0454,cash
O-904955,2026-09-27,S-02,SKU-5,Coffee,Beverages,7,8.99,GBP,C-0455,card
O-904956,2026-09-28,S-03,SKU-1,Apple,Produce,9,1.50,USD,C-0456,cash
O-904957,2026-09-01,S-01,SKU-2,Bread,Bakery,5,3.00,USD,C-0457,card
O-904958,2026-09-02,S-02,SKU-3,Milk,Dairy,7,2.20,USD,C-0458,cash
O-904959,2026-09-03,S-03,SKU-4,Eggs,Dairy,1,0.35,EUR,C-0459,card
O-904960,2026-09-04,S-01,SKU-5,Coffee,Beverages,0,8.99,GBP,C-0460,cash
O-904961,2026-09-05,S-02,SKU-1,Apple,Produce,3,1.50,USD,C-0461,card
O-904962,2026-09-06,S-03,SKU-2,Bread,Bakery,4,3.00,USD,C-0462,cash
O-904963,2026-09-07,S-01,SKU-3,Milk,Dairy,6,2.20,USD,C-0463,card
O-904964,2026-09-08,S-02,SKU-4,Eggs,Dairy,7,0.35,EUR,C-0464,cash
O-904965,2026-09-09,S-03,SKU-5,Coffee,Beverages,10,8.99,GBP,C-0465,card
O-904966,2026-09-10,S-01,SKU-1,Apple,Produce,8,1.50,USD,C-0466,cash
O-904967,2026-09-11,S-02,SKU-2,Bread,Bakery,3,3.00,USD,C-0467,card
O-904968,2026-09-12,S-03,SKU-3,Milk,Dairy,6,2.20,USD,C-0468,cash
O-904969,2026-09-13,S-01,SKU-4,Eggs,Dairy,12,0.35,EUR,C-0469,card
O-904970,2026-09-14,S-02,SKU-5,Coffee,Beverages,3,8.99,GBP,C-0470,cash
O-904971,2026-09-15,S-03,SKU-1,Apple,Produce,2,1.50,USD,C-0471,card
O-904972,2026-09-16,S-01,SKU-2,Bread,Bakery,8,3.00,USD,C-0472,cash
O-904973,2026-09-17,S-02,SKU-3,Milk,Dairy,6,2.20,USD,C-0473,card
O-904974,2026-09-18,S-03,SKU-4,Eggs,Dairy,11,0.35,EUR,C-0474,cash
O-904975,2026-09-19,S-01,SKU-5,Coffee,Beverages,3,8.99,GBP,C-0475,card
O-904976,2026-09-20,S-02,SKU-1,Apple,Produce,6,1.50,USD,C-0476,cash
O-904977,2026-09-21,S-03,SKU-2,Bread,Bakery,11,3.00,USD,C-0477,card
O-904978,2026-09-22,S-01,SKU-3,Milk,Dairy,1,2.20,USD,C-0478,cash
O-904979,2026-09-23,S-02,SKU-4,Eggs,Dairy,1,0.35,EUR,C-0479,card
O-904980,bad-date,S-03,SKU-5,Coffee,Beverages,8,8.99,GBP,C-0480,cash
O-904981,2026-09-25,S-01,SKU-1,Apple,Produce,5,1.50,USD,C-0481,card
O-904982,2026-09-26,S-02,SKU-2,Bread,Bakery,4,3.00,USD,C-0482,cash
O-904983,2026-09-27,S-03,SKU-3,Milk,Dairy,3,2.20,USD,C-0483,card
O-904984,2026-09-28,S-01,SKU-4,Eggs,Dairy,10,0.35,EUR,C-0484,cash
O-904985,2026-09-01,S-02,SKU-5,Coffee,Beverages,3,8.99,GBP,C-0485,card
O-904986,2026-09-02,S-03,SKU-1,Apple,Produce,8,1.50,USD,C-0486,cash
O-904987,2026-09-03,S-01,SKU-2,Bread,Bakery,2,3.00,USD,C-0487,card
O-904988,2026-09-04,S-02,SKU-3,Milk,Dairy,3,2.20,USD,C-0488,cash
O-904989,2026-09-05,S-03,SKU-4,Eggs,Dairy,10,0.35,EUR,C-0489,card
O-904990,2026-09-06,S-01,SKU-5,Coffee,Beverages,7,8.99,GBP,C-0490,cash
O-904991,2026-09-07,S-02,SKU-1,Apple,Produce,11,1.50,USD,C-0491,card
O-904992,2026-09-08,S-03,SKU-2,Bread,Bakery,7,3.00,USD,C-0492,cash
O-904993,2026-09-09,S-01,SKU-3,Milk,Dairy,7,2.20,USD,C-0493,card
O-904994,2026-09-10,S-02,SKU-4,Eggs,Dairy,7,0.35,EUR,C-0494,cash
O-904995,2026-09-11,S-03,SKU-5,Coffee,Beverages,8,8.99,GBP,C-0495,card
O-904996,2026-09-12,S-01,SKU-1,Apple,Produce,7,1.50,USD,C-0496,cash
O-904997,2026-09-13,S-02,SKU-2,Bread,Bakery,1,3.00,USD,C-0497,card
O-904998,2026-09-14,S-03,SKU-3,Milk,Dairy,1,2.20,USD,C-0498,cash
O-904999,2026-09-15,S-01,SKU-4,Eggs,Dairy,9,0.35,EUR,C-0499,card
O-905000,2026-09-16,S-02,SKU-5,Coffee,Beverages,-3,8.99,GBP,C-0500,cash
O-905001,2026-09-17,S-03,SKU-1,Apple,Produce,12,1.50,USD,C-0001,card
O-905002,2026-09-18,S-01,SKU-2,Bread,Bakery,6,3.00,USD,C-0002,cash
O-905003,2026-09-19,S-02,SKU-3,Milk,Dairy,1,2.20,USD,C-0003,card
O-905004,2026-09-20,S-03,SKU-4,Eggs,Dairy,6,0.35,EUR,C-0004,cash
O-905005,2026-09-21,S-01,SKU-5,Coffee,Beverages,9,8.99,GBP,C-0005,card
O-905006,2026-09-22,S-02,SKU-1,Apple,Produce,4,1.50,USD,C-0006,cash
O-905007,2026-09-23,S-03,SKU-2,Bread,Bakery,1,3.00,USD,C-0007,card
O-905008,2026-09-24,S-01,SKU-3,Milk,Dairy,11,2.20,USD,C-0008,cash
O-905009,2026-09-25,S-02,SKU-4,Eggs,Dairy,1,0.35,EUR,C-0009,card
O-905010,2026-09-26,S-03,SKU-5,Coffee,Beverages,11,8.99,GBP,C-0010,cash
O-905011,2026-09-27,S-01,SKU-1,Apple,Produce,12,1.50,USD,C-0011,card
O-905012,2026-09-28,S-02,SKU-2,Bread,Bakery,4,3.00,USD,C-0012,cash
O-905013,2026-09-01,S-03,SKU-3,Milk,Dairy,4,2.20,USD,C-0013,card
O-905014,2026-09-02,S-01,SKU-4,Eggs,Dairy,12,0.35,EUR,C-0014,cash
O-905015,2026-09-03,S-02,SKU-5,Coffee,Beverages,6,8.99,GBP,C-0015,card
O-905016,2026-09-04,S-03,SKU-1,Apple,Produce,5,1.50,USD,C-0016,cash
O-905017,2026-09-05,S-01,SKU-2,Bread,Bakery,3,3.00,USD,C-0017,card
O-905018,2026-09-06,S-02,SKU-3,Milk,Dairy,2,2.20,USD,C-0018,cash
O-905019,2026-09-07,S-03,SKU-4,Eggs,Dairy,7,0.35,EUR,C-0019,card
O-905020,2026-09-08,S-01,SKU-999,Coffee,Beverages,9,8.99,GBP,C-0020,cash
O-905021,2026-09-09,S-02,SKU-1,Apple,Produce,10,1.50,USD,C-0021,card
O-905022,2026-09-10,S-03,SKU-2,Bread,Bakery,5,3.00,USD,C-0022,cash
O-905023,2026-09-11,S-01,SKU-3,Milk,Dairy,3,2.20,USD,C-0023,card
O-905024,2026-09-12,S-02,SKU-4,Eggs,Dairy,2,0.35,EUR,C-0024,cash
O-905025,2026-09-13,S-03,SKU-5,Coffee,Beverages,1,8.99,GBP,C-0025,card
O-905026,2026-09-14,S-01,SKU-1,Apple,Produce,5,1.50,USD,C-0026,cash
O-905027,2026-09-15,S-02,SKU-2,Bread,Bakery,5,3.00,USD,C-0027,card
O-905028,2026-09-16,S-03,SKU-3,Milk,Dairy,8,2.20,USD,C-0028,cash
O-905029,2026-09-17,S-01,SKU-4,Eggs,Dairy,12,0.35,EUR,C-0029,card
O-905030,2026-09-18,S-02,SKU-5,Coffee,Beverages,9,8.99,GBP,C-0030,cash
O-905031,2026-09-19,S-03,SKU-1,Apple,Produce,10,1.50,USD,C-0031,card
O-905032,2026-09-20,S-01,SKU-2,Bread,Bakery,9,3.00,USD,C-0032,cash
O-905033,2026-09-21,S-02,SKU-3,Milk,Dairy,6,2.20,USD,C-0033,card
O-905034,2026-09-22,S-03,SKU-4,Eggs,Dairy,7,0.35,EUR,C-0034,cash
O-905035,2026-09-23,S-01,SKU-5,Coffee,Beverages,11,8.99,GBP,C-0035,card
O-905036,2026-09-24,S-02,SKU-1,Apple,Produce,3,1.50,USD,C-0036,cash
O-905037,2026-09-25,S-03,SKU-2,Bread,Bakery,6,3.00,USD,C-0037,card
O-905038,2026-09-26,S-01,SKU-3,Milk,Dairy,8,2.20,USD,C-0038,cash
O-905039,2026-09-27,S-02,SKU-4,Eggs,Dairy,6,0.35,EUR,C-0039,card
O-905040,2026-09-28,S-03,SKU-5,Coffee,Beverages,4,,GBP,C-0040,cash
O-905041,2026-09-01,S-01,SKU-1,Apple,Produce,3,1.50,USD,C-0041,card
O-905042,2026-09-02,S-02,SKU-2,Bread,Bakery,7,3.00,USD,C-0042,cash
O-905043,2026-09-03,S-03,SKU-3,Milk,Dairy,1,2.20,USD,C-0043,card
O-905044,2026-09-04,S-01,SKU-4,Eggs,Dairy,4,0.35,EUR,C-0044,cash
O-905045,2026-09-05,S-02,SKU-5,Coffee,Beverages,4,8.99,GBP,C-0045,card
O-905046,2026-09-06,S-03,SKU-1,Apple,Produce,12,1.50,USD,C-0046,cash
O-905047,2026-09-07,S-01,SKU-2,Bread,Bakery,3,3.00,USD,C-0047,card
O-905048,2026-09-08,S-02,SKU-3,Milk,Dairy,4,2.20,USD,C-0048,cash
O-905049,2026-09-09,S-03,SKU-4,Eggs,Dairy,12,0.35,EUR,C-0049,card
O-905050,2026-09-10,S-01,SKU-5,Coffee,Beverages,1,8.99,GBP,C-0050,cash
O-905051,2026-09-11,S-02,SKU-1,Apple,Produce,10,1.50,USD,C-0051,card
O-905052,2026-09-12,S-03,SKU-2,Bread,Bakery,9,3.00,USD,C-0052,cash
O-905053,2026-09-13,S-01,SKU-3,Milk,Dairy,3,2.20,USD,C-0053,card
O-905054,2026-09-14,S-02,SKU-4,Eggs,Dairy,2,0.35,EUR,C-0054,cash
O-905055,2026-09-15,S-03,SKU-5,Coffee,Beverages,6,8.99,GBP,C-0055,card
O-905056,2026-09-16,S-01,SKU-1,Apple,Produce,12,1.50,USD,C-0056,cash
O-905057,2026-09-17,S-02,SKU-2,Bread,Bakery,11,3.00,USD,C-0057,card
O-905058,2026-09-18,S-03,SKU-3,Milk,Dairy,1,2.20,USD,C-0058,cash
O-905059,2026-09-19,S-01,SKU-4,Eggs,Dairy,7,0.35,EUR,C-0059,card
,2026-09-20,S-02,SKU-5,Coffee,Beverages,11,8.99,GBP,C-0060,cash
O-905061,2026-09-21,S-03,SKU-1,Apple,Produce,5,1.50,USD,C-0061,card
O-905062,2026-09-22,S-01,SKU-2,Bread,Bakery,9,3.00,USD,C-0062,cash
O-905063,2026-09-23,S-02,SKU-3,Milk,Dairy,10,2.20,USD,C-0063,card
O-905064,2026-09-24,S-03,SKU-4,Eggs,Dairy,1,0.35,EUR,C-0064,cash
O-905065,2026-09-25,S-01,SKU-5,Coffee,Beverages,10,8.99,GBP,C-0065,card
O-905066,2026-09-26,S-02,SKU-1,Apple,Produce,1,1.50,USD,C-0066,cash
O-905067,2026-09-27,S-03,SKU-2,Bread,Bakery,11,3.00,USD,C-0067,card
O-905068,2026-09-28,S-01,SKU-3,Milk,Dairy,2,2.20,USD,C-0068,cash
O-905069,2026-09-01,S-02,SKU-4,Eggs,Dairy,11,0.35,EUR,C-0069,card
O-905070,2026-09-02,S-03,SKU-5,Coffee,Beverages,1,8.99,GBP,C-0070,cash
O-905071,2026-09-03,S-01,SKU-1,Apple,Produce,1,1.50,USD,C-0071,card
O-905072,2026-09-04,S-02,SKU-2,Bread,Bakery,12,3.00,USD,C-0072,cash
O-905073,2026-09-05,S-03,SKU-3,Milk,Dairy,2,2.20,USD,C-0073,card
O-905074,2026-09-06,S-01,SKU-4,Eggs,Dairy,7,0.35,EUR,C-0074,cash
O-905075,2026-09-07,S-02,SKU-5,Coffee,Beverages,8,8.99,GBP,C-0075,card
O-905076,2026-09-08,S-03,SKU-1,Apple,Produce,7,1.50,USD,C-0076,cash
O-905077,2026-09-09,S-01,SKU-2,Bread,Bakery,2,3.00,USD,C-0077,card
O-905078,2026-09-10,S-02,SKU-3,Milk,Dairy,9,2.20,USD,C-0078,cash
O-905079,2026-09-11,S-03,SKU-4,Eggs,Dairy,5,0.35,EUR,C-0079,card
O-905080,2026-09-12,S-01,SKU-5,Coffee,Beverages,8,8.99,XYZ,C-0080,cash
O-905081,2026-09-13,S-02,SKU-1,Apple,Produce,12,1.50,USD,C-0081,card
O-905082,2026-09-14,S-03,SKU-2,Bread,Bakery,3,3.00,USD,C-0082,cash
O-905083,2026-09-15,S-01,SKU-3,Milk,Dairy,4,2.20,USD,C-0083,card
O-905084,2026-09-16,S-02,SKU-4,Eggs,Dairy,12,0.35,EUR,C-0084,cash
O-905085,2026-09-17,S-03,SKU-5,Coffee,Beverages,11,8.99,GBP,C-0085,card
O-905086,2026-09-18,S-01,SKU-1,Apple,Produce,11,1.50,USD,C-0086,cash
O-905087,2026-09-19,S-02,SKU-2,Bread,Bakery,1,3.00,USD,C-0087,card
O-905088,2026-09-20,S-03,SKU-3,Milk,Dairy,5,2.20,USD,C-0088,cash
O-905089,2026-09-21,S-01,SKU-4,Eggs,Dairy,7,0.35,EUR,C-0089,card
O-905090,2026-09-22,S-02,SKU-5,Coffee,Beverages,11,8.99,GBP,C-0090,cash
O-905091,2026-09-23,S-03,SKU-1,Apple,Produce,2,1.50,USD,C-0091,card
O-905092,2026-09-24,S-01,SKU-2,Bread,Bakery,11,3.00,USD,C-0092,cash
O-905093,2026-09-25,S-02,SKU-3,Milk,Dairy,9,2.20,USD,C-0093,card
O-905094,2026-09-26,S-03,SKU-4,Eggs,Dairy,5,0.35,EUR,C-0094,cash
O-905095,2026-09-27,S-01,SKU-5,Coffee,Beverages,10,8.99,GBP,C-0095,card
O-905096,2026-09-28,S-02,SKU-1,Apple,Produce,10,1.50,USD,C-0096,cash
O-905097,2026-09-01,S-03,SKU-2,Bread,Bakery,12,3.00,USD,C-0097,card
O-905098,2026-09-02,S-01,SKU-3,Milk,Dairy,3,2.20,USD,C-0098,cash
O-905099,2026-09-03,S-02,SKU-4,Eggs,Dairy,7,0.35,EUR,C-0099,card
O-905100,2026-09-04,S-03,SKU-5,Coffee,Beverages,2,8.99,GBP,C-0100,bitcoin
O-905101,2026-09-05,S-01,SKU-1,Apple,Produce,9,1.50,USD,C-0101,card
O-905102,2026-09-06,S-02,SKU-2,Bread,Bakery,12,3.00,USD,C-0102,cash
O-905103,2026-09-07,S-03,SKU-3,Milk,Dairy,10,2.20,USD,C-0103,card
O-905104,2026-09-08,S-01,SKU-4,Eggs,Dairy,2,0.35,EUR,C-0104,cash
O-905105,2026-09-09,S-02,SKU-5,Coffee,Beverages,5,8.99,GBP,C-0105,card
O-905106,2026-09-10,S-03,SKU-1,Apple,Produce,2,1.50,USD,C-0106,cash
O-905107,2026-09-11,S-01,SKU-2,Bread,Bakery,2,3.00,USD,C-0107,card
O-905108,2026-09-12,S-02,SKU-3,Milk,Dairy,8,2.20,USD,C-0108,cash
O-905109,2026-09-13,S-03,SKU-4,Eggs,Dairy,4,0.35,EUR,C-0109,card
O-905110,2026-09-14,S-01,SKU-5,Coffee,Beverages,10,8.99,GBP,C-0110,cash
O-905111,2026-09-15,S-02,SKU-1,Apple,Produce,4,1.50,USD,C-0111,card
O-905112,2026-09-16,S-03,SKU-2,Bread,Bakery,5,3.00,USD,C-0112,cash
O-905113,2026-09-17,S-01,SKU-3,Milk,Dairy,9,2.20,USD,C-0113,card
O-905114,2026-09-18,S-02,SKU-4,Eggs,Dairy,4,0.35,EUR,C-0114,cash
O-905115,2026-09-19,S-03,SKU-5,Coffee,Beverages,6,8.99,GBP,C-0115,card
O-905116,2026-09-20,S-01,SKU-1,Apple,Produce,12,1.50,USD,C-0116,cash
O-905117,2026-09-21,S-02,SKU-2,Bread,Bakery,7,3.00,USD,C-0117,card
O-905118,2026-09-22,S-03,SKU-3,Milk,Dairy,5,2.20,USD,C-0118,cash
O-905119,2026-09-23,S-01,SKU-4,Eggs,Dairy,3,0.35,EUR,C-0119,card
O-905120,2026-09-24,S-02,SKU-5,Coffee,Beverages,0,8.99,GBP,C-0120,cash
O-905121,2026-09-25,S-03,SKU-1,Apple,Produce,9,1.50,USD,C-0121,card
O-905122,2026-09-26,S-01,SKU-2,Bread,Bakery,8,3.00,USD,C-0122,cash
O-905123,2026-09-27,S-02,SKU-3,Milk,Dairy,4,2.20,USD,C-0123,card
O-905124,2026-09-28,S-03,SKU-4,Eggs,Dairy,12,0.35,EUR,C-0124,cash
O-905125,2026-09-01,S-01,SKU-5,Coffee,Beverages,8,8.99,GBP,C-0125,card
O-905126,2026-09-02,S-02,SKU-1,Apple,Produce,6,1.50,USD,C-0126,cash
O-905127,2026-09-03,S-03,SKU-2,Bread,Bakery,4,3.00,USD,C-0127,card
O-905128,2026-09-04,S-01,SKU-3,Milk,Dairy,1,2.20,USD,C-0128,cash
O-905129,2026-09-05,S-02,SKU-4,Eggs,Dairy,1,0.35,EUR,C-0129,card
O-905130,2026-09-06,S-03,SKU-5,Coffee,Beverages,11,8.99,GBP,C-0130,cash
O-905131,2026-09-07,S-01,SKU-1,Apple,Produce,2,1.50,USD,C-0131,card
O-905132,2026-09-08,S-02,SKU-2,Bread,Bakery,2,3.00,USD,C-0132,cash
O-905133,2026-09-09,S-03,SKU-3,Milk,Dairy,10,2.20,USD,C-0133,card
O-905134,2026-09-10,S-01,SKU-4,Eggs,Dairy,11,0.35,EUR,C-0134,cash
O-905135,2026-09-11,S-02,SKU-5,Coffee,Beverages,8,8.99,GBP,C-0135,card
O-905136,2026-09-12,S-03,SKU-1,Apple,Produce,3,1.50,USD,C-0136,cash
O-905137,2026-09-13,S-01,SKU-2,Bread,Bakery,2,3.00,USD,C-0137,card
O-905138,2026-09-14,S-02,SKU-3,Milk,Dairy,9,2.20,USD,C-0138,cash
O-905139,2026-09-15,S-03,SKU-4,Eggs,Dairy,2,0.35,EUR,C-0139,card
O-905140,bad-date,S-01,SKU-5,Coffee,Beverages,12,8.99,GBP,C-0140,cash
O-905141,2026-09-17,S-02,SKU-1,Apple,Produce,12,1.50,USD,C-0141,card
O-905142,2026-09-18,S-03,SKU-2,Bread,Bakery,2,3.00,USD,C-0142,cash
O-905143,2026-09-19,S-01,SKU-3,Milk,Dairy,5,2.20,USD,C-0143,card
O-905144,2026-09-20,S-02,SKU-4,Eggs,Dairy,11,0.35,EUR,C-0144,cash
O-905145,2026-09-21,S-03,SKU-5,Coffee,Beverages,4,8.99,GBP,C-0145,card
O-905146,2026-09-22,S-01,SKU-1,Apple,Produce,8,1.50,USD,C-0146,cash
O-905147,2026-09-23,S-02,SKU-2,Bread,Bakery,5,3.00,USD,C-0147,card
O-905148,2026-09-24,S-03,SKU-3,Milk,Dairy,5,2.20,USD,C-0148,cash
O-905149,2026-09-25,S-01,SKU-4,Eggs,Dairy,8,0.35,EUR,C-0149,card
O-905150,2026-09-26,S-02,SKU-5,Coffee,Beverages,1,8.99,GBP,C-0150,cash
O-905151,2026-09-27,S-03,SKU-1,Apple,Produce,2,1.50,USD,C-0151,card
O-905152,2026-09-28,S-01,SKU-2,Bread,Bakery,3,3.00,USD,C-0152,cash
O-905153,2026-09-01,S-02,SKU-3,Milk,Dairy,1,2.20,USD,C-0153,card
O-905154,2026-09-02,S-03,SKU-4,Eggs,Dairy,5,0.35,EUR,C-0154,cash
O-905155,2026-09-03,S-01,SKU-5,Coffee,Beverages,6,8.99,GBP,C-0155,card
O-905156,2026-09-04,S-02,SKU-1,Apple,Produce,11,1.50,USD,C-0156,cash
O-905157,2026-09-05,S-03,SKU-2,Bread,Bakery,6,3.00,USD,C-0157,card
O-905158,2026-09-06,S-01,SKU-3,Milk,Dairy,7,2.20,USD,C-0158,cash
O-905159,2026-09-07,S-02,SKU-4,Eggs,Dairy,12,0.35,EUR,C-0159,card
O-905160,2026-09-08,S-03,SKU-5,Coffee,Beverages,-3,8.99,GBP,C-0160,cash
O-905161,2026-09-09,S-01,SKU-1,Apple,Produce,2,1.50,USD,C-0161,card
O-905162,2026-09-10,S-02,SKU-2,Bread,Bakery,1,3.00,USD,C-0162,cash
O-905163,2026-09-11,S-03,SKU-3,Milk,Dairy,1,2.20,USD,C-0163,card
O-905164,2026-09-12,S-01,SKU-4,Eggs,Dairy,3,0.35,EUR,C-0164,cash
O-905165,2026-09-13,S-02,SKU-5,Coffee,Beverages,11,8.99,GBP,C-0165,card
O-905166,2026-09-14,S-03,SKU-1,Apple,Produce,11,1.50,USD,C-0166,cash
O-905167,2026-09-15,S-01,SKU-2,Bread,Bakery,3,3.00,USD,C-0167,card
O-905168,2026-09-16,S-02,SKU-3,Milk,Dairy,6,2.20,USD,C-0168,cash
O-905169,2026-09-17,S-03,SKU-4,Eggs,Dairy,6,0.35,EUR,C-0169,card
O-905170,2026-09-18,S-01,SKU-5,Coffee,Beverages,8,8.99,GBP,C-0170,cash
O-905171,2026-09-19,S-02,SKU-1,Apple,Produce,10,1.50,USD,C-0171,card
O-905172,2026-09-20,S-03,SKU-2,Bread,Bakery,5,3.00,USD,C-0172,cash
O-905173,2026-09-21,S-01,SKU-3,Milk,Dairy,12,2.20,USD,C-0173,card
O-905174,2026-09-22,S-02,SKU-4,Eggs,Dairy,2,0.35,EUR,C-0174,cash
O-905175,2026-09-23,S-03,SKU-5,Coffee,Beverages,6,8.99,GBP,C-0175,card
O-905176,2026-09-24,S-01,SKU-1,Apple,Produce,6,1.50,USD,C-0176,cash
O-905177,2026-09-25,S-02,SKU-2,Bread,Bakery,3,3.00,USD,C-0177,card
O-905178,2026-09-26,S-03,SKU-3,Milk,Dairy,2,2.20,USD,C-0178,cash
O-905179,2026-09-27,S-01,SKU-4,Eggs,Dairy,7,0.35,EUR,C-0179,card
O-905180,2026-09-28,S-02,SKU-999,Coffee,Beverages,7,8.99,GBP,C-0180,cash
O-905181,2026-09-01,S-03,SKU-1,Apple,Produce,8,1.50,USD,C-0181,card
O-905182,2026-09-02,S-01,SKU-2,Bread,Bakery,5,3.00,USD,C-0182,cash
O-905183,2026-09-03,S-02,SKU-3,Milk,Dairy,7,2.20,USD,C-0183,card
O-905184,2026-09-04,S-03,SKU-4,Eggs,Dairy,12,0.35,EUR,C-0184,cash
O-905185,2026-09-05,S-01,SKU-5,Coffee,Beverages,8,8.99,GBP,C-0185,card
O-905186,2026-09-06,S-02,SKU-1,Apple,Produce,7,1.50,USD,C-0186,cash
O-905187,2026-09-07,S-03,SKU-2,Bread,Bakery,11,3.00,USD,C-0187,card
O-905188,2026-09-08,S-01,SKU-3,Milk,Dairy,3,2.20,USD,C-0188,cash
O-905189,2026-09-09,S-02,SKU-4,Eggs,Dairy,2,0.35,EUR,C-0189,card
O-905190,2026-09-10,S-03,SKU-5,Coffee,Beverages,3,8.99,GBP,C-0190,cash
O-905191,2026-09-11,S-01,SKU-1,Apple,Produce,12,1.50,USD,C-0191,card
O-905192,2026-09-12,S-02,SKU-2,Bread,Bakery,12,3.00,USD,C-0192,cash
O-905193,2026-09-13,S-03,SKU-3,Milk,Dairy,1,2.20,USD,C-0193,card
O-905194,2026-09-14,S-01,SKU-4,Eggs,Dairy,3,0.35,EUR,C-0194,cash
O-905195,2026-09-15,S-02,SKU-5,Coffee,Beverages,2,8.99,GBP,C-0195,card
O-905196,2026-09-16,S-03,SKU-1,Apple,Produce,7,1.50,USD,C-0196,cash
O-905197,2026-09-17,S-01,SKU-2,Bread,Bakery,10,3.00,USD,C-0197,card
O-905198,2026-09-18,S-02,SKU-3,Milk,Dairy,8,2.20,USD,C-0198,cash
O-905199,2026-09-19,S-03,SKU-4,Eggs,Dairy,10,0.35,EUR,C-0199,card
O-905200,2026-09-20,S-01,SKU-5,Coffee,Beverages,11,,GBP,C-0200,cash
O-905201,2026-09-21,S-02,SKU-1,Apple,Produce,8,1.50,USD,C-0201,card
O-905202,2026-09-22,S-03,SKU-2,Bread,Bakery,3,3.00,USD,C-0202,cash
O-905203,2026-09-23,S-01,SKU-3,Milk,Dairy,10,2.20,USD,C-0203,card
O-905204,2026-09-24,S-02,SKU-4,Eggs,Dairy,7,0.35,EUR,C-0204,cash
O-905205,2026-09-25,S-03,SKU-5,Coffee,Beverages,6,8.99,GBP,C-0205,card
O-905206,2026-09-26,S-01,SKU-1,Apple,Produce,10,1.50,USD,C-0206,cash
O-905207,2026-09-27,S-02,SKU-2,Bread,Bakery,1,3.00,USD,C-0207,card
O-905208,2026-09-28,S-03,SKU-3,Milk,Dairy,11,2.20,USD,C-0208,cash
O-905209,2026-09-01,S-01,SKU-4,Eggs,Dairy,12,0.35,EUR,C-0209,card
O-905210,2026-09-02,S-02,SKU-5,Coffee,Beverages,3,8.99,GBP,C-0210,cash
O-905211,2026-09-03,S-03,SKU-1,Apple,Produce,8,1.50,USD,C-0211,card
O-905212,2026-09-04,S-01,SKU-2,Bread,Bakery,8,3.00,USD,C-0212,cash
O-905213,2026-09-05,S-02,SKU-3,Milk,Dairy,2,2.20,USD,C-0213,card
O-905214,2026-09-06,S-03,SKU-4,Eggs,Dairy,7,0.35,EUR,C-0214,cash
O-905215,2026-09-07,S-01,SKU-5,Coffee,Beverages,8,8.99,GBP,C-0215,card
O-905216,2026-09-08,S-02,SKU-1,Apple,Produce,1,1.50,USD,C-0216,cash
O-905217,2026-09-09,S-03,SKU-2,Bread,Bakery,2,3.00,USD,C-0217,card
O-905218,2026-09-10,S-01,SKU-3,Milk,Dairy,5,2.20,USD,C-0218,cash
O-905219,2026-09-11,S-02,SKU-4,Eggs,Dairy,11,0.35,EUR,C-0219,card
,2026-09-12,S-03,SKU-5,Coffee,Beverages,6,8.99,GBP,C-0220,cash
O-905221,2026-09-13,S-01,SKU-1,Apple,Produce,1,1.50,USD,C-0221,card
O-905222,2026-09-14,S-02,SKU-2,Bread,Bakery,12,3.00,USD,C-0222,cash
O-905223,2026-09-15,S-03,SKU-3,Milk,Dairy,11,2.20,USD,C-0223,card
O-905224,2026-09-16,S-01,SKU-4,Eggs,Dairy,9,0.35,EUR,C-0224,cash
O-905225,2026-09-17,S-02,SKU-5,Coffee,Beverages,12,8.99,GBP,C-0225,card
O-905226,2026-09-18,S-03,SKU-1,Apple,Produce,10,1.50,USD,C-0226,cash
O-905227,2026-09-19,S-01,SKU-2,Bread,Bakery,12,3.00,USD,C-0227,card
O-905228,2026-09-20,S-02,SKU-3,Milk,Dairy,10,2.20,USD,C-0228,cash
O-905229,2026-09-21,S-03,SKU-4,Eggs,Dairy,4,0.35,EUR,C-0229,card
O-905230,2026-09-22,S-01,SKU-5,Coffee,Beverages,11,8.99,GBP,C-0230,cash
O-905231,2026-09-23,S-02,SKU-1,Apple,Produce,6,1.50,USD,C-0231,card
O-905232,2026-09-24,S-03,SKU-2,Bread,Bakery,9,3.00,USD,C-0232,cash
O-905233,2026-09-25,S-01,SKU-3,Milk,Dairy,9,2.20,USD,C-0233,card
O-905234,2026-09-26,S-02,SKU-4,Eggs,Dairy,12,0.35,EUR,C-0234,cash
O-905235,2026-09-27,S-03,SKU-5,Coffee,Beverages,12,8.99,GBP,C-0235,card
O-905236,2026-09-28,S-01,SKU-1,Apple,Produce,10,1.50,USD,C-0236,cash
O-905237,2026-09-01,S-02,SKU-2,Bread,Bakery,2,3.00,USD,C-0237,card
O-905238,2026-09-02,S-03,SKU-3,Milk,Dairy,7,2.20,USD,C-0238,cash
O-905239,2026-09-03,S-01,SKU-4,Eggs,Dairy,11,0.35,EUR,C-0239,card
O-905240,2026-09-04,S-02,SKU-5,Coffee,Beverages,12,8.99,XYZ,C-0240,cash
O-905241,2026-09-05,S-03,SKU-1,Apple,Produce,4,1.50,USD,C-0241,card
O-905242,2026-09-06,S-01,SKU-2,Bread,Bakery,8,3.00,USD,C-0242,cash
O-905243,2026-09-07,S-02,SKU-3,Milk,Dairy,6,2.20,USD,C-0243,card
O-905244,2026-09-08,S-03,SKU-4,Eggs,Dairy,11,0.35,EUR,C-0244,cash
O-905245,2026-09-09,S-01,SKU-5,Coffee,Beverages,11,8.99,GBP,C-0245,card
O-905246,2026-09-10,S-02,SKU-1,Apple,Produce,11,1.50,USD,C-0246,cash
O-905247,2026-09-11,S-03,SKU-2,Bread,Bakery,7,3.00,USD,C-0247,card
O-905248,2026-09-12,S-01,SKU-3,Milk,Dairy,3,2.20,USD,C-0248,cash
O-905249,2026-09-13,S-02,SKU-4,Eggs,Dairy,9,0.35,EUR,C-0249,card
O-905250,2026-09-14,S-03,SKU-5,Coffee,Beverages,10,8.99,GBP,C-0250,cash
O-905251,2026-09-15,S-01,SKU-1,Apple,Produce,1,1.50,USD,C-0251,card
O-905252,2026-09-16,S-02,SKU-2,Bread,Bakery,1,3.00,USD,C-0252,cash
O-905253,2026-09-17,S-03,SKU-3,Milk,Dairy,11,2.20,USD,C-0253,card
O-905254,2026-09-18,S-01,SKU-4,Eggs,Dairy,3,0.35,EUR,C-0254,cash
O-905255,2026-09-19,S-02,SKU-5,Coffee,Beverages,9,8.99,GBP,C-0255,card
O-905256,2026-09-20,S-03,SKU-1,Apple,Produce,8,1.50,USD,C-0256,cash
O-905257,2026-09-21,S-01,SKU-2,Bread,Bakery,8,3.00,USD,C-0257,card
O-905258,2026-09-22,S-02,SKU-3,Milk,Dairy,3,2.20,USD,C-0258,cash
O-905259,2026-09-23,S-03,SKU-4,Eggs,Dairy,2,0.35,EUR,C-0259,card
O-905260,2026-09-24,S-01,SKU-5,Coffee,Beverages,8,8.99,GBP,C-0260,bitcoin
O-905261,2026-09-25,S-02,SKU-1,Apple,Produce,6,1.50,USD,C-0261,card
O-905262,2026-09-26,S-03,SKU-2,Bread,Bakery,4,3.00,USD,C-0262,cash
O-905263,2026-09-27,S-01,SKU-3,Milk,Dairy,6,2.20,USD,C-0263,card
O-905264,2026-09-28,S-02,SKU-4,Eggs,Dairy,5,0.35,EUR,C-0264,cash
O-905265,2026-09-01,S-03,SKU-5,Coffee,Beverages,1,8.99,GBP,C-0265,card
O-905266,2026-09-02,S-01,SKU-1,Apple,Produce,9,1.50,USD,C-0266,cash
O-905267,2026-09-03,S-02,SKU-2,Bread,Bakery,4,3.00,USD,C-0267,card
O-905268,2026-09-04,S-03,SKU-3,Milk,Dairy,9,2.20,USD,C-0268,cash
O-905269,2026-09-05,S-01,SKU-4,Eggs,Dairy,11,0.35,EUR,C-0269,card
O-905270,2026-09-06,S-02,SKU-5,Coffee,Beverages,7,8.99,GBP,C-0270,cash
O-905271,2026-09-07,S-03,SKU-1,Apple,Produce,7,1.50,USD,C-0271,card
O-905272,2026-09-08,S-01,SKU-2,Bread,Bakery,4,3.00,USD,C-0272,cash
O-905273,2026-09-09,S-02,SKU-3,Milk,Dairy,2,2.20,USD,C-0273,card
O-905274,2026-09-10,S-03,SKU-4,Eggs,Dairy,8,0.35,EUR,C-0274,cash
O-905275,2026-09-11,S-01,SKU-5,Coffee,Beverages,8,8.99,GBP,C-0275,card
O-905276,2026-09-12,S-02,SKU-1,Apple,Produce,10,1.50,USD,C-0276,cash
O-905277,2026-09-13,S-03,SKU-2,Bread,Bakery,8,3.00,USD,C-0277,card
O-905278,2026-09-14,S-01,SKU-3,Milk,Dairy,2,2.20,USD,C-0278,cash
O-905279,2026-09-15,S-02,SKU-4,Eggs,Dairy,8,0.35,EUR,C-0279,card
O-905280,2026-09-16,S-03,SKU-5,Coffee,Beverages,0,8.99,GBP,C-0280,cash
O-905281,2026-09-17,S-01,SKU-1,Apple,Produce,6,1.50,USD,C-0281,card
O-905282,2026-09-18,S-02,SKU-2,Bread,Bakery,2,3.00,USD,C-0282,cash
O-905283,2026-09-19,S-03,SKU-3,Milk,Dairy,8,2.20,USD,C-0283,card
O-905284,2026-09-20,S-01,SKU-4,Eggs,Dairy,12,0.35,EUR,C-0284,cash
O-905285,2026-09-21,S-02,SKU-5,Coffee,Beverages,11,8.99,GBP,C-0285,card
O-905286,2026-09-22,S-03,SKU-1,Apple,Produce,1,1.50,USD,C-0286,cash
O-905287,2026-09-23,S-01,SKU-2,Bread,Bakery,2,3.00,USD,C-0287,card
O-905288,2026-09-24,S-02,SKU-3,Milk,Dairy,7,2.20,USD,C-0288,cash
O-905289,2026-09-25,S-03,SKU-4,Eggs,Dairy,7,0.35,EUR,C-0289,card
O-905290,2026-09-26,S-01,SKU-5,Coffee,Beverages,1,8.99,GBP,C-0290,cash
O-905291,2026-09-27,S-02,SKU-1,Apple,Produce,9,1.50,USD,C-0291,card
O-905292,2026-09-28,S-03,SKU-2,Bread,Bakery,9,3.00,USD,C-0292,cash
O-905293,2026-09-01,S-01,SKU-3,Milk,Dairy,1,2.20,USD,C-0293,card
O-905294,2026-09-02,S-02,SKU-4,Eggs,Dairy,2,0.35,EUR,C-0294,cash
O-905295,2026-09-03,S-03,SKU-5,Coffee,Beverages,10,8.99,GBP,C-0295,card
O-905296,2026-09-04,S-01,SKU-1,Apple,Produce,10,1.50,USD,C-0296,cash
O-905297,2026-09-05,S-02,SKU-2,Bread,Bakery,11,3.00,USD,C-0297,card
O-905298,2026-09-06,S-03,SKU-3,Milk,Dairy,5,2.20,USD,C-0298,cash
O-905299,2026-09-07,S-01,SKU-4,Eggs,Dairy,9,0.35,EUR,C-0299,card
O-905300,bad-date,S-02,SKU-5,Coffee,Beverages,9,8.99,GBP,C-0300,cash
O-905301,2026-09-09,S-03,SKU-1,Apple,Produce,4,1.50,USD,C-0301,card
O-905302,2026-09-10,S-01,SKU-2,Bread,Bakery,11,3.00,USD,C-0302,cash
O-905303,2026-09-11,S-02,SKU-3,Milk,Dairy,11,2.20,USD,C-0303,card
O-905304,2026-09-12,S-03,SKU-4,Eggs,Dairy,8,0.35,EUR,C-0304,cash
O-905305,2026-09-13,S-01,SKU-5,Coffee,Beverages,6,8.99,GBP,C-0305,card
O-905306,2026-09-14,S-02,SKU-1,Apple,Produce,6,1.50,USD,C-0306,cash
O-905307,2026-09-15,S-03,SKU-2,Bread,Bakery,1,3.00,USD,C-0307,card
O-905308,2026-09-16,S-01,SKU-3,Milk,Dairy,4,2.20,USD,C-0308,cash
O-905309,2026-09-17,S-02,SKU-4,Eggs,Dairy,8,0.35,EUR,C-0309,card
O-905310,2026-09-18,S-03,SKU-5,Coffee,Beverages,6,8.99,GBP,C-0310,cash
O-905311,2026-09-19,S-01,SKU-1,Apple,Produce,9,1.50,USD,C-0311,card
O-905312,2026-09-20,S-02,SKU-2,Bread,Bakery,10,3.00,USD,C-0312,cash
O-905313,2026-09-21,S-03,SKU-3,Milk,Dairy,10,2.20,USD,C-0313,card
O-905314,2026-09-22,S-01,SKU-4,Eggs,Dairy,8,0.35,EUR,C-0314,cash
O-905315,2026-09-23,S-02,SKU-5,Coffee,Beverages,12,8.99,GBP,C-0315,card
O-905316,2026-09-24,S-03,SKU-1,Apple,Produce,11,1.50,USD,C-0316,cash
O-905317,2026-09-25,S-01,SKU-2,Bread,Bakery,6,3.00,USD,C-0317,card
O-905318,2026-09-26,S-02,SKU-3,Milk,Dairy,12,2.20,USD,C-0318,cash
O-905319,2026-09-27,S-03,SKU-4,Eggs,Dairy,8,0.35,EUR,C-0319,card
O-905320,2026-09-28,S-01,SKU-5,Coffee,Beverages,-3,8.99,GBP,C-0320,cash
O-905321,2026-09-01,S-02,SKU-1,Apple,Produce,2,1.50,USD,C-0321,card
O-905322,2026-09-02,S-03,SKU-2,Bread,Bakery,11,3.00,USD,C-0322,cash
O-905323,2026-09-03,S-01,SKU-3,Milk,Dairy,4,2.20,USD,C-0323,card
O-905324,2026-09-04,S-02,SKU-4,Eggs,Dairy,1,0.35,EUR,C-0324,cash
O-905325,2026-09-05,S-03,SKU-5,Coffee,Beverages,6,8.99,GBP,C-0325,card
O-905326,2026-09-06,S-01,SKU-1,Apple,Produce,6,1.50,USD,C-0326,cash
O-905327,2026-09-07,S-02,SKU-2,Bread,Bakery,11,3.00,USD,C-0327,card
O-905328,2026-09-08,S-03,SKU-3,Milk,Dairy,5,2.20,USD,C-0328,cash
O-905329,2026-09-09,S-01,SKU-4,Eggs,Dairy,9,0.35,EUR,C-0329,card
O-905330,2026-09-10,S-02,SKU-5,Coffee,Beverages,9,8.99,GBP,C-0330,cash
O-905331,2026-09-11,S-03,SKU-1,Apple,Produce,6,1.50,USD,C-0331,card
O-905332,2026-09-12,S-01,SKU-2,Bread,Bakery,12,3.00,USD,C-0332,cash
O-905333,2026-09-13,S-02,SKU-3,Milk,Dairy,2,2.20,USD,C-0333,card
O-905334,2026-09-14,S-03,SKU-4,Eggs,Dairy,1,0.35,EUR,C-0334,cash
O-905335,2026-09-15,S-01,SKU-5,Coffee,Beverages,3,8.99,GBP,C-0335,card
O-905336,2026-09-16,S-02,SKU-1,Apple,Produce,8,1.50,USD,C-0336,cash
O-905337,2026-09-17,S-03,SKU-2,Bread,Bakery,3,3.00,USD,C-0337,card
O-905338,2026-09-18,S-01,SKU-3,Milk,Dairy,12,2.20,USD,C-0338,cash
O-905339,2026-09-19,S-02,SKU-4,Eggs,Dairy,12,0.35,EUR,C-0339,card
O-905340,2026-09-20,S-03,SKU-999,Coffee,Beverages,12,8.99,GBP,C-0340,cash
O-905341,2026-09-21,S-01,SKU-1,Apple,Produce,7,1.50,USD,C-0341,card
O-905342,2026-09-22,S-02,SKU-2,Bread,Bakery,2,3.00,USD,C-0342,cash
O-905343,2026-09-23,S-03,SKU-3,Milk,Dairy,5,2.20,USD,C-0343,card
O-905344,2026-09-24,S-01,SKU-4,Eggs,Dairy,10,0.35,EUR,C-0344,cash
O-905345,2026-09-25,S-02,SKU-5,Coffee,Beverages,4,8.99,GBP,C-0345,card
O-905346,2026-09-26,S-03,SKU-1,Apple,Produce,4,1.50,USD,C-0346,cash
O-905347,2026-09-27,S-01,SKU-2,Bread,Bakery,2,3.00,USD,C-0347,card
O-905348,2026-09-28,S-02,SKU-3,Milk,Dairy,7,2.20,USD,C-0348,cash
O-905349,2026-09-01,S-03,SKU-4,Eggs,Dairy,4,0.35,EUR,C-0349,card
O-905350,2026-09-02,S-01,SKU-5,Coffee,Beverages,8,8.99,GBP,C-0350,cash
O-905351,2026-09-03,S-02,SKU-1,Apple,Produce,4,1.50,USD,C-0351,card
O-905352,2026-09-04,S-03,SKU-2,Bread,Bakery,12,3.00,USD,C-0352,cash
O-905353,2026-09-05,S-01,SKU-3,Milk,Dairy,6,2.20,USD,C-0353,card
O-905354,2026-09-06,S-02,SKU-4,Eggs,Dairy,2,0.35,EUR,C-0354,cash
O-905355,2026-09-07,S-03,SKU-5,Coffee,Beverages,7,8.99,GBP,C-0355,card
O-905356,2026-09-08,S-01,SKU-1,Apple,Produce,1,1.50,USD,C-0356,cash
O-905357,2026-09-09,S-02,SKU-2,Bread,Bakery,11,3.00,USD,C-0357,card
O-905358,2026-09-10,S-03,SKU-3,Milk,Dairy,11,2.20,USD,C-0358,cash
O-905359,2026-09-11,S-01,SKU-4,Eggs,Dairy,10,0.35,EUR,C-0359,card
O-905360,2026-09-12,S-02,SKU-5,Coffee,Beverages,2,,GBP,C-0360,cash
O-905361,2026-09-13,S-03,SKU-1,Apple,Produce,8,1.50,USD,C-0361,card
O-905362,2026-09-14,S-01,SKU-2,Bread,Bakery,8,3.00,USD,C-0362,cash
O-905363,2026-09-15,S-02,SKU-3,Milk,Dairy,11,2.20,USD,C-0363,card
O-905364,2026-09-16,S-03,SKU-4,Eggs,Dairy,10,0.35,EUR,C-0364,cash
O-905365,2026-09-17,S-01,SKU-5,Coffee,Beverages,9,8.99,GBP,C-0365,card
O-905366,2026-09-18,S-02,SKU-1,Apple,Produce,3,1.50,USD,C-0366,cash
O-905367,2026-09-19,S-03,SKU-2,Bread,Bakery,8,3.00,USD,C-0367,card
O-905368,2026-09-20,S-01,SKU-3,Milk,Dairy,1,2.20,USD,C-0368,cash
O-905369,2026-09-21,S-02,SKU-4,Eggs,Dairy,9,0.35,EUR,C-0369,card
O-905370,2026-09-22,S-03,SKU-5,Coffee,Beverages,12,8.99,GBP,C-0370,cash
O-905371,2026-09-23,S-01,SKU-1,Apple,Produce,1,1.50,USD,C-0371,card
O-905372,2026-09-24,S-02,SKU-2,Bread,Bakery,9,3.00,USD,C-0372,cash
O-905373,2026-09-25,S-03,SKU-3,Milk,Dairy,7,2.20,USD,C-0373,card
O-905374,2026-09-26,S-01,SKU-4,Eggs,Dairy,10,0.35,EUR,C-0374,cash
O-905375,2026-09-27,S-02,SKU-5,Coffee,Beverages,8,8.99,GBP,C-0375,card
O-905376,2026-09-28,S-03,SKU-1,Apple,Produce,9,1.50,USD,C-0376,cash
O-905377,2026-09-01,S-01,SKU-2,Bread,Bakery,3,3.00,USD,C-0377,card
O-905378,2026-09-02,S-02,SKU-3,Milk,Dairy,12,2.20,USD,C-0378,cash
O-905379,2026-09-03,S-03,SKU-4,Eggs,Dairy,10,0.35,EUR,C-0379,card
,2026-09-04,S-01,SKU-5,Coffee,Beverages,3,8.99,GBP,C-0380,cash
O-905381,2026-09-05,S-02,SKU-1,Apple,Produce,12,1.50,USD,C-0381,card
O-905382,2026-09-06,S-03,SKU-2,Bread,Bakery,3,3.00,USD,C-0382,cash
O-905383,2026-09-07,S-01,SKU-3,Milk,Dairy,2,2.20,USD,C-0383,card
O-905384,2026-09-08,S-02,SKU-4,Eggs,Dairy,7,0.35,EUR,C-0384,cash
O-905385,2026-09-09,S-03,SKU-5,Coffee,Beverages,11,8.99,GBP,C-0385,card
O-905386,2026-09-10,S-01,SKU-1,Apple,Produce,10,1.50,USD,C-0386,cash
O-905387,2026-09-11,S-02,SKU-2,Bread,Bakery,10,3.00,USD,C-0387,card
O-905388,2026-09-12,S-03,SKU-3,Milk,Dairy,6,2.20,USD,C-0388,cash
O-905389,2026-09-13,S-01,SKU-4,Eggs,Dairy,9,0.35,EUR,C-0389,card
O-905390,2026-09-14,S-02,SKU-5,Coffee,Beverages,7,8.99,GBP,C-0390,cash
O-905391,2026-09-15,S-03,SKU-1,Apple,Produce,7,1.50,USD,C-0391,card
O-905392,2026-09-16,S-01,SKU-2,Bread,Bakery,10,3.00,USD,C-0392,cash
O-905393,2026-09-17,S-02,SKU-3,Milk,Dairy,12,2.20,USD,C-0393,card
O-905394,2026-09-18,S-03,SKU-4,Eggs,Dairy,4,0.35,EUR,C-0394,cash
O-905395,2026-09-19,S-01,SKU-5,Coffee,Beverages,5,8.99,GBP,C-0395,card
O-905396,2026-09-20,S-02,SKU-1,Apple,Produce,7,1.50,USD,C-0396,cash
O-905397,2026-09-21,S-03,SKU-2,Bread,Bakery,6,3.00,USD,C-0397,card
O-905398,2026-09-22,S-01,SKU-3,Milk,Dairy,5,2.20,USD,C-0398,cash
O-905399,2026-09-23,S-02,SKU-4,Eggs,Dairy,8,0.35,EUR,C-0399,card
O-905400,2026-09-24,S-03,SKU-5,Coffee,Beverages,3,8.99,XYZ,C-0400,cash
O-905401,2026-09-25,S-01,SKU-1,Apple,Produce,3,1.50,USD,C-0401,card
O-905402,2026-09-26,S-02,SKU-2,Bread,Bakery,7,3.00,USD,C-0402,cash
O-905403,2026-09-27,S-03,SKU-3,Milk,Dairy,10,2.20,USD,C-0403,card
O-905404,2026-09-28,S-01,SKU-4,Eggs,Dairy,12,0.35,EUR,C-0404,cash
O-905405,2026-09-01,S-02,SKU-5,Coffee,Beverages,12,8.99,GBP,C-0405,card
O-905406,2026-09-02,S-03,SKU-1,Apple,Produce,9,1.50,USD,C-0406,cash
O-905407,2026-09-03,S-01,SKU-2,Bread,Bakery,5,3.00,USD,C-0407,card
O-905408,2026-09-04,S-02,SKU-3,Milk,Dairy,12,2.20,USD,C-0408,cash
O-905409,2026-09-05,S-03,SKU-4,Eggs,Dairy,9,0.35,EUR,C-0409,card
O-905410,2026-09-06,S-01,SKU-5,Coffee,Beverages,6,8.99,GBP,C-0410,cash
O-905411,2026-09-07,S-02,SKU-1,Apple,Produce,12,1.50,USD,C-0411,card
O-905412,2026-09-08,S-03,SKU-2,Bread,Bakery,12,3.00,USD,C-0412,cash
O-905413,2026-09-09,S-01,SKU-3,Milk,Dairy,9,2.20,USD,C-0413,card
O-905414,2026-09-10,S-02,SKU-4,Eggs,Dairy,11,0.35,EUR,C-0414,cash
O-905415,2026-09-11,S-03,SKU-5,Coffee,Beverages,4,8.99,GBP,C-0415,card
O-905416,2026-09-12,S-01,SKU-1,Apple,Produce,4,1.50,USD,C-0416,cash
O-905417,2026-09-13,S-02,SKU-2,Bread,Bakery,4,3.00,USD,C-0417,card
O-905418,2026-09-14,S-03,SKU-3,Milk,Dairy,10,2.20,USD,C-0418,cash
O-905419,2026-09-15,S-01,SKU-4,Eggs,Dairy,12,0.35,EUR,C-0419,card
O-905420,2026-09-16,S-02,SKU-5,Coffee,Beverages,5,8.99,GBP,C-0420,bitcoin
O-905421,2026-09-17,S-03,SKU-1,Apple,Produce,11,1.50,USD,C-0421,card
O-905422,2026-09-18,S-01,SKU-2,Bread,Bakery,6,3.00,USD,C-0422,cash
O-905423,2026-09-19,S-02,SKU-3,Milk,Dairy,11,2.20,USD,C-0423,card
O-905424,2026-09-20,S-03,SKU-4,Eggs,Dairy,3,0.35,EUR,C-0424,cash
O-905425,2026-09-21,S-01,SKU-5,Coffee,Beverages,12,8.99,GBP,C-0425,card
O-905426,2026-09-22,S-02,SKU-1,Apple,Produce,11,1.50,USD,C-0426,cash
O-905427,2026-09-23,S-03,SKU-2,Bread,Bakery,3,3.00,USD,C-0427,card
O-905428,2026-09-24,S-01,SKU-3,Milk,Dairy,9,2.20,USD,C-0428,cash
O-905429,2026-09-25,S-02,SKU-4,Eggs,Dairy,9,0.35,EUR,C-0429,card
O-905430,2026-09-26,S-03,SKU-5,Coffee,Beverages,12,8.99,GBP,C-0430,cash
O-905431,2026-09-27,S-01,SKU-1,Apple,Produce,11,1.50,USD,C-0431,card
O-905432,2026-09-28,S-02,SKU-2,Bread,Bakery,6,3.00,USD,C-0432,cash
O-905433,2026-09-01,S-03,SKU-3,Milk,Dairy,12,2.20,USD,C-0433,card
O-905434,2026-09-02,S-01,SKU-4,Eggs,Dairy,2,0.35,EUR,C-0434,cash
O-905435,2026-09-03,S-02,SKU-5,Coffee,Beverages,6,8.99,GBP,C-0435,card
O-905436,2026-09-04,S-03,SKU-1,Apple,Produce,9,1.50,USD,C-0436,cash
O-905437,2026-09-05,S-01,SKU-2,Bread,Bakery,8,3.00,USD,C-0437,card
O-905438,2026-09-06,S-02,SKU-3,Milk,Dairy,10,2.20,USD,C-0438,cash
O-905439,2026-09-07,S-03,SKU-4,Eggs,Dairy,10,0.35,EUR,C-0439,card
O-905440,2026-09-08,S-01,SKU-5,Coffee,Beverages,0,8.99,GBP,C-0440,cash
O-905441,2026-09-09,S-02,SKU-1,Apple,Produce,12,1.50,USD,C-0441,card
O-905442,2026-09-10,S-03,SKU-2,Bread,Bakery,7,3.00,USD,C-0442,cash
O-905443,2026-09-11,S-01,SKU-3,Milk,Dairy,11,2.20,USD,C-0443,card
O-905444,2026-09-12,S-02,SKU-4,Eggs,Dairy,12,0.35,EUR,C-0444,cash
O-905445,2026-09-13,S-03,SKU-5,Coffee,Beverages,9,8.99,GBP,C-0445,card
O-905446,2026-09-14,S-01,SKU-1,Apple,Produce,5,1.50,USD,C-0446,cash
O-905447,2026-09-15,S-02,SKU-2,Bread,Bakery,7,3.00,USD,C-0447,card
O-905448,2026-09-16,S-03,SKU-3,Milk,Dairy,1,2.20,USD,C-0448,cash
O-905449,2026-09-17,S-01,SKU-4,Eggs,Dairy,9,0.35,EUR,C-0449,card
O-905450,2026-09-18,S-02,SKU-5,Coffee,Beverages,2,8.99,GBP,C-0450,cash
O-905451,2026-09-19,S-03,SKU-1,Apple,Produce,1,1.50,USD,C-0451,card
O-905452,2026-09-20,S-01,SKU-2,Bread,Bakery,7,3.00,USD,C-0452,cash
O-905453,2026-09-21,S-02,SKU-3,Milk,Dairy,3,2.20,USD,C-0453,card
O-905454,2026-09-22,S-03,SKU-4,Eggs,Dairy,1,0.35,EUR,C-0454,cash
O-905455,2026-09-23,S-01,SKU-5,Coffee,Beverages,11,8.99,GBP,C-0455,card
O-905456,2026-09-24,S-02,SKU-1,Apple,Produce,1,1.50,USD,C-0456,cash
O-905457,2026-09-25,S-03,SKU-2,Bread,Bakery,4,3.00,USD,C-0457,card
O-905458,2026-09-26,S-01,SKU-3,Milk,Dairy,5,2.20,USD,C-0458,cash
O-905459,2026-09-27,S-02,SKU-4,Eggs,Dairy,3,0.35,EUR,C-0459,card
O-905460,bad-date,S-03,SKU-5,Coffee,Beverages,5,8.99,GBP,C-0460,cash
O-905461,2026-09-01,S-01,SKU-1,Apple,Produce,11,1.50,USD,C-0461,card
O-905462,2026-09-02,S-02,SKU-2,Bread,Bakery,5,3.00,USD,C-0462,cash
O-905463,2026-09-03,S-03,SKU-3,Milk,Dairy,3,2.20,USD,C-0463,card
O-905464,2026-09-04,S-01,SKU-4,Eggs,Dairy,1,0.35,EUR,C-0464,cash
O-905465,2026-09-05,S-02,SKU-5,Coffee,Beverages,12,8.99,GBP,C-0465,card
O-905466,2026-09-06,S-03,SKU-1,Apple,Produce,5,1.50,USD,C-0466,cash
O-905467,2026-09-07,S-01,SKU-2,Bread,Bakery,4,3.00,USD,C-0467,card
O-905468,2026-09-08,S-02,SKU-3,Milk,Dairy,9,2.20,USD,C-0468,cash
O-905469,2026-09-09,S-03,SKU-4,Eggs,Dairy,1,0.35,EUR,C-0469,card
O-905470,2026-09-10,S-01,SKU-5,Coffee,Beverages,6,8.99,GBP,C-0470,cash
O-905471,2026-09-11,S-02,SKU-1,Apple,Produce,8,1.50,USD,C-0471,card
O-905472,2026-09-12,S-03,SKU-2,Bread,Bakery,2,3.00,USD,C-0472,cash
O-905473,2026-09-13,S-01,SKU-3,Milk,Dairy,10,2.20,USD,C-0473,card
O-905474,2026-09-14,S-02,SKU-4,Eggs,Dairy,11,0.35,EUR,C-0474,cash
O-905475,2026-09-15,S-03,SKU-5,Coffee,Beverages,12,8.99,GBP,C-0475,card
O-905476,2026-09-16,S-01,SKU-1,Apple,Produce,9,1.50,USD,C-0476,cash
O-905477,2026-09-17,S-02,SKU-2,Bread,Bakery,4,3.00,USD,C-0477,card
O-905478,2026-09-18,S-03,SKU-3,Milk,Dairy,12,2.20,USD,C-0478,cash
O-905479,2026-09-19,S-01,SKU-4,Eggs,Dairy,11,0.35,EUR,C-0479,card
O-905480,2026-09-20,S-02,SKU-5,Coffee,Beverages,-3,8.99,GBP,C-0480,cash
O-905481,2026-09-21,S-03,SKU-1,Apple,Produce,7,1.50,USD,C-0481,card
O-905482,2026-09-22,S-01,SKU-2,Bread,Bakery,4,3.00,USD,C-0482,cash
O-905483,2026-09-23,S-02,SKU-3,Milk,Dairy,9,2.20,USD,C-0483,card
O-905484,2026-09-24,S-03,SKU-4,Eggs,Dairy,12,0.35,EUR,C-0484,cash
O-905485,2026-09-25,S-01,SKU-5,Coffee,Beverages,5,8.99,GBP,C-0485,card
O-905486,2026-09-26,S-02,SKU-1,Apple,Produce,12,1.50,USD,C-0486,cash
O-905487,2026-09-27,S-03,SKU-2,Bread,Bakery,11,3.00,USD,C-0487,card
O-905488,2026-09-28,S-01,SKU-3,Milk,Dairy,1,2.20,USD,C-0488,cash
O-905489,2026-09-01,S-02,SKU-4,Eggs,Dairy,7,0.35,EUR,C-0489,card
O-905490,2026-09-02,S-03,SKU-5,Coffee,Beverages,7,8.99,GBP,C-0490,cash
O-905491,2026-09-03,S-01,SKU-1,Apple,Produce,7,1.50,USD,C-0491,card
O-905492,2026-09-04,S-02,SKU-2,Bread,Bakery,11,3.00,USD,C-0492,cash
O-905493,2026-09-05,S-03,SKU-3,Milk,Dairy,6,2.20,USD,C-0493,card
O-905494,2026-09-06,S-01,SKU-4,Eggs,Dairy,9,0.35,EUR,C-0494,cash
O-905495,2026-09-07,S-02,SKU-5,Coffee,Beverages,1,8.99,GBP,C-0495,card
O-905496,2026-09-08,S-03,SKU-1,Apple,Produce,1,1.50,USD,C-0496,cash
O-905497,2026-09-09,S-01,SKU-2,Bread,Bakery,12,3.00,USD,C-0497,card
O-905498,2026-09-10,S-02,SKU-3,Milk,Dairy,5,2.20,USD,C-0498,cash
O-905499,2026-09-11,S-03,SKU-4,Eggs,Dairy,4,0.35,EUR,C-0499,card
O-905500,2026-09-12,S-01,SKU-999,Coffee,Beverages,10,8.99,GBP,C-0500,cash
O-905501,2026-09-13,S-02,SKU-1,Apple,Produce,8,1.50,USD,C-0001,card
O-905502,2026-09-14,S-03,SKU-2,Bread,Bakery,4,3.00,USD,C-0002,cash
O-905503,2026-09-15,S-01,SKU-3,Milk,Dairy,11,2.20,USD,C-0003,card
O-905504,2026-09-16,S-02,SKU-4,Eggs,Dairy,12,0.35,EUR,C-0004,cash
O-905505,2026-09-17,S-03,SKU-5,Coffee,Beverages,12,8.99,GBP,C-0005,card
O-905506,2026-09-18,S-01,SKU-1,Apple,Produce,11,1.50,USD,C-0006,cash
O-905507,2026-09-19,S-02,SKU-2,Bread,Bakery,6,3.00,USD,C-0007,card
O-905508,2026-09-20,S-03,SKU-3,Milk,Dairy,10,2.20,USD,C-0008,cash
O-905509,2026-09-21,S-01,SKU-4,Eggs,Dairy,9,0.35,EUR,C-0009,card
O-905510,2026-09-22,S-02,SKU-5,Coffee,Beverages,12,8.99,GBP,C-0010,cash
O-905511,2026-09-23,S-03,SKU-1,Apple,Produce,10,1.50,USD,C-0011,card
O-905512,2026-09-24,S-01,SKU-2,Bread,Bakery,4,3.00,USD,C-0012,cash
O-905513,2026-09-25,S-02,SKU-3,Milk,Dairy,12,2.20,USD,C-0013,card
O-905514,2026-09-26,S-03,SKU-4,Eggs,Dairy,4,0.35,EUR,C-0014,cash
O-905515,2026-09-27,S-01,SKU-5,Coffee,Beverages,5,8.99,GBP,C-0015,card
O-905516,2026-09-28,S-02,SKU-1,Apple,Produce,8,1.50,USD,C-0016,cash
O-905517,2026-09-01,S-03,SKU-2,Bread,Bakery,3,3.00,USD,C-0017,card
O-905518,2026-09-02,S-01,SKU-3,Milk,Dairy,11,2.20,USD,C-0018,cash
O-905519,2026-09-03,S-02,SKU-4,Eggs,Dairy,2,0.35,EUR,C-0019,card
O-905520,2026-09-04,S-03,SKU-5,Coffee,Beverages,3,,GBP,C-0020,cash
O-905521,2026-09-05,S-01,SKU-1,Apple,Produce,3,1.50,USD,C-0021,card
O-905522,2026-09-06,S-02,SKU-2,Bread,Bakery,12,3.00,USD,C-0022,cash
O-905523,2026-09-07,S-03,SKU-3,Milk,Dairy,9,2.20,USD,C-0023,card
O-905524,2026-09-08,S-01,SKU-4,Eggs,Dairy,2,0.35,EUR,C-0024,cash
O-905525,2026-09-09,S-02,SKU-5,Coffee,Beverages,7,8.99,GBP,C-0025,card
O-905526,2026-09-10,S-03,SKU-1,Apple,Produce,1,1.50,USD,C-0026,cash
O-905527,2026-09-11,S-01,SKU-2,Bread,Bakery,7,3.00,USD,C-0027,card
O-905528,2026-09-12,S-02,SKU-3,Milk,Dairy,5,2.20,USD,C-0028,cash
O-905529,2026-09-13,S-03,SKU-4,Eggs,Dairy,9,0.35,EUR,C-0029,card
O-905530,2026-09-14,S-01,SKU-5,Coffee,Beverages,5,8.99,GBP,C-0030,cash
O-905531,2026-09-15,S-02,SKU-1,Apple,Produce,3,1.50,USD,C-0031,card
O-905532,2026-09-16,S-03,SKU-2,Bread,Bakery,3,3.00,USD,C-0032,cash
O-905533,2026-09-17,S-01,SKU-3,Milk,Dairy,10,2.20,USD,C-0033,card
O-905534,2026-09-18,S-02,SKU-4,Eggs,Dairy,5,0.35,EUR,C-0034,cash
O-905535,2026-09-19,S-03,SKU-5,Coffee,Beverages,1,8.99,GBP,C-0035,card
O-905536,2026-09-20,S-01,SKU-1,Apple,Produce,6,1.50,USD,C-0036,cash
O-905537,2026-09-21,S-02,SKU-2,Bread,Bakery,8,3.00,USD,C-0037,card
O-905538,2026-09-22,S-03,SKU-3,Milk,Dairy,12,2.20,USD,C-0038,cash
O-905539,2026-09-23,S-01,SKU-4,Eggs,Dairy,3,0.35,EUR,C-0039,card
,2026-09-24,S-02,SKU-5,Coffee,Beverages,1,8.99,GBP,C-0040,cash
O-905541,2026-09-25,S-03,SKU-1,Apple,Produce,3,1.50,USD,C-0041,card
O-905542,2026-09-26,S-01,SKU-2,Bread,Bakery,6,3.00,USD,C-0042,cash
O-905543,2026-09-27,S-02,SKU-3,Milk,Dairy,10,2.20,USD,C-0043,card
O-905544,2026-09-28,S-03,SKU-4,Eggs,Dairy,1,0.35,EUR,C-0044,cash
O-905545,2026-09-01,S-01,SKU-5,Coffee,Beverages,11,8.99,GBP,C-0045,card
O-905546,2026-09-02,S-02,SKU-1,Apple,Produce,10,1.50,USD,C-0046,cash
O-905547,2026-09-03,S-03,SKU-2,Bread,Bakery,11,3.00,USD,C-0047,card
O-905548,2026-09-04,S-01,SKU-3,Milk,Dairy,5,2.20,USD,C-0048,cash
O-905549,2026-09-05,S-02,SKU-4,Eggs,Dairy,8,0.35,EUR,C-0049,card
O-905550,2026-09-06,S-03,SKU-5,Coffee,Beverages,10,8.99,GBP,C-0050,cash
O-905551,2026-09-07,S-01,SKU-1,Apple,Produce,9,1.50,USD,C-0051,card
O-905552,2026-09-08,S-02,SKU-2,Bread,Bakery,6,3.00,USD,C-0052,cash
O-905553,2026-09-09,S-03,SKU-3,Milk,Dairy,2,2.20,USD,C-0053,card
O-905554,2026-09-10,S-01,SKU-4,Eggs,Dairy,12,0.35,EUR,C-0054,cash
O-905555,2026-09-11,S-02,SKU-5,Coffee,Beverages,6,8.99,GBP,C-0055,card
O-905556,2026-09-12,S-03,SKU-1,Apple,Produce,9,1.50,USD,C-0056,cash
O-905557,2026-09-13,S-01,SKU-2,Bread,Bakery,4,3.00,USD,C-0057,card
O-905558,2026-09-14,S-02,SKU-3,Milk,Dairy,3,2.20,USD,C-0058,cash
O-905559,2026-09-15,S-03,SKU-4,Eggs,Dairy,9,0.35,EUR,C-0059,card
O-905560,2026-09-16,S-01,SKU-5,Coffee,Beverages,2,8.99,XYZ,C-0060,cash
O-905561,2026-09-17,S-02,SKU-1,Apple,Produce,9,1.50,USD,C-0061,card
O-905562,2026-09-18,S-03,SKU-2,Bread,Bakery,3,3.00,USD,C-0062,cash
O-905563,2026-09-19,S-01,SKU-3,Milk,Dairy,7,2.20,USD,C-0063,card
O-905564,2026-09-20,S-02,SKU-4,Eggs,Dairy,9,0.35,EUR,C-0064,cash
O-905565,2026-09-21,S-03,SKU-5,Coffee,Beverages,9,8.99,GBP,C-0065,card
O-905566,2026-09-22,S-01,SKU-1,Apple,Produce,7,1.50,USD,C-0066,cash
O-905567,2026-09-23,S-02,SKU-2,Bread,Bakery,2,3.00,USD,C-0067,card
O-905568,2026-09-24,S-03,SKU-3,Milk,Dairy,6,2.20,USD,C-0068,cash
O-905569,2026-09-25,S-01,SKU-4,Eggs,Dairy,4,0.35,EUR,C-0069,card
O-905570,2026-09-26,S-02,SKU-5,Coffee,Beverages,4,8.99,GBP,C-0070,cash
O-905571,2026-09-27,S-03,SKU-1,Apple,Produce,11,1.50,USD,C-0071,card
O-905572,2026-09-28,S-01,SKU-2,Bread,Bakery,6,3.00,USD,C-0072,cash
O-905573,2026-09-01,S-02,SKU-3,Milk,Dairy,6,2.20,USD,C-0073,card
O-905574,2026-09-02,S-03,SKU-4,Eggs,Dairy,6,0.35,EUR,C-0074,cash
O-905575,2026-09-03,S-01,SKU-5,Coffee,Beverages,5,8.99,GBP,C-0075,card
O-905576,2026-09-04,S-02,SKU-1,Apple,Produce,4,1.50,USD,C-0076,cash
O-905577,2026-09-05,S-03,SKU-2,Bread,Bakery,10,3.00,USD,C-0077,card
O-905578,2026-09-06,S-01,SKU-3,Milk,Dairy,9,2.20,USD,C-0078,cash
O-905579,2026-09-07,S-02,SKU-4,Eggs,Dairy,8,0.35,EUR,C-0079,card
O-905580,2026-09-08,S-03,SKU-5,Coffee,Beverages,9,8.99,GBP,C-0080,bitcoin
O-905581,2026-09-09,S-01,SKU-1,Apple,Produce,11,1.50,USD,C-0081,card
O-905582,2026-09-10,S-02,SKU-2,Bread,Bakery,1,3.00,USD,C-0082,cash
O-905583,2026-09-11,S-03,SKU-3,Milk,Dairy,2,2.20,USD,C-0083,card
O-905584,2026-09-12,S-01,SKU-4,Eggs,Dairy,11,0.35,EUR,C-0084,cash
O-905585,2026-09-13,S-02,SKU-5,Coffee,Beverages,6,8.99,GBP,C-0085,card
O-905586,2026-09-14,S-03,SKU-1,Apple,Produce,8,1.50,USD,C-0086,cash
O-905587,2026-09-15,S-01,SKU-2,Bread,Bakery,4,3.00,USD,C-0087,card
O-905588,2026-09-16,S-02,SKU-3,Milk,Dairy,11,2.20,USD,C-0088,cash
O-905589,2026-09-17,S-03,SKU-4,Eggs,Dairy,10,0.35,EUR,C-0089,card
O-905590,2026-09-18,S-01,SKU-5,Coffee,Beverages,10,8.99,GBP,C-0090,cash
O-905591,2026-09-19,S-02,SKU-1,Apple,Produce,4,1.50,USD,C-0091,card
O-905592,2026-09-20,S-03,SKU-2,Bread,Bakery,1,3.00,USD,C-0092,cash
O-905593,2026-09-21,S-01,SKU-3,Milk,Dairy,11,2.20,USD,C-0093,card
O-905594,2026-09-22,S-02,SKU-4,Eggs,Dairy,6,0.35,EUR,C-0094,cash
O-905595,2026-09-23,S-03,SKU-5,Coffee,Beverages,7,8.99,GBP,C-0095,card
O-905596,2026-09-24,S-01,SKU-1,Apple,Produce,2,1.50,USD,C-0096,cash
O-905597,2026-09-25,S-02,SKU-2,Bread,Bakery,7,3.00,USD,C-0097,card
O-905598,2026-09-26,S-03,SKU-3,Milk,Dairy,5,2.20,USD,C-0098,cash
O-905599,2026-09-27,S-01,SKU-4,Eggs,Dairy,9,0.35,EUR,C-0099,card
O-905600,2026-09-28,S-02,SKU-5,Coffee,Beverages,0,8.99,GBP,C-0100,cash
O-905601,2026-09-01,S-03,SKU-1,Apple,Produce,5,1.50,USD,C-0101,card
O-905602,2026-09-02,S-01,SKU-2,Bread,Bakery,1,3.00,USD,C-0102,cash
O-905603,2026-09-03,S-02,SKU-3,Milk,Dairy,9,2.20,USD,C-0103,card
O-905604,2026-09-04,S-03,SKU-4,Eggs,Dairy,6,0.35,EUR,C-0104,cash
O-905605,2026-09-05,S-01,SKU-5,Coffee,Beverages,9,8.99,GBP,C-0105,card
O-905606,2026-09-06,S-02,SKU-1,Apple,Produce,9,1.50,USD,C-0106,cash
O-905607,2026-09-07,S-03,SKU-2,Bread,Bakery,8,3.00,USD,C-0107,card
O-905608,2026-09-08,S-01,SKU-3,Milk,Dairy,8,2.20,USD,C-0108,cash
O-905609,2026-09-09,S-02,SKU-4,Eggs,Dairy,1,0.35,EUR,C-0109,card
O-905610,2026-09-10,S-03,SKU-5,Coffee,Beverages,5,8.99,GBP,C-0110,cash
O-905611,2026-09-11,S-01,SKU-1,Apple,Produce,11,1.50,USD,C-0111,card
O-905612,2026-09-12,S-02,SKU-2,Bread,Bakery,4,3.00,USD,C-0112,cash
O-905613,2026-09-13,S-03,SKU-3,Milk,Dairy,6,2.20,USD,C-0113,card
O-905614,2026-09-14,S-01,SKU-4,Eggs,Dairy,9,0.35,EUR,C-0114,cash
O-905615,2026-09-15,S-02,SKU-5,Coffee,Beverages,2,8.99,GBP,C-0115,card
O-905616,2026-09-16,S-03,SKU-1,Apple,Produce,2,1.50,USD,C-0116,cash
O-905617,2026-09-17,S-01,SKU-2,Bread,Bakery,3,3.00,USD,C-0117,card
O-905618,2026-09-18,S-02,SKU-3,Milk,Dairy,9,2.20,USD,C-0118,cash
O-905619,2026-09-19,S-03,SKU-4,Eggs,Dairy,9,0.35,EUR,C-0119,card
O-905620,bad-date,S-01,SKU-5,Coffee,Beverages,1,8.99,GBP,C-0120,cash
O-905621,2026-09-21,S-02,SKU-1,Apple,Produce,11,1.50,USD,C-0121,card
O-905622,2026-09-22,S-03,SKU-2,Bread,Bakery,2,3.00,USD,C-0122,cash
O-905623,2026-09-23,S-01,SKU-3,Milk,Dairy,4,2.20,USD,C-0123,card
O-905624,2026-09-24,S-02,SKU-4,Eggs,Dairy,11,0.35,EUR,C-0124,cash
O-905625,2026-09-25,S-03,SKU-5,Coffee,Beverages,11,8.99,GBP,C-0125,card
O-905626,2026-09-26,S-01,SKU-1,Apple,Produce,4,1.50,USD,C-0126,cash
O-905627,2026-09-27,S-02,SKU-2,Bread,Bakery,11,3.00,USD,C-0127,card
O-905628,2026-09-28,S-03,SKU-3,Milk,Dairy,7,2.20,USD,C-0128,cash
O-905629,2026-09-01,S-01,SKU-4,Eggs,Dairy,2,0.35,EUR,C-0129,card
O-905630,2026-09-02,S-02,SKU-5,Coffee,Beverages,4,8.99,GBP,C-0130,cash
O-905631,2026-09-03,S-03,SKU-1,Apple,Produce,9,1.50,USD,C-0131,card
O-905632,2026-09-04,S-01,SKU-2,Bread,Bakery,12,3.00,USD,C-0132,cash
O-905633,2026-09-05,S-02,SKU-3,Milk,Dairy,12,2.20,USD,C-0133,card
O-905634,2026-09-06,S-03,SKU-4,Eggs,Dairy,7,0.35,EUR,C-0134,cash
O-905635,2026-09-07,S-01,SKU-5,Coffee,Beverages,11,8.99,GBP,C-0135,card
O-905636,2026-09-08,S-02,SKU-1,Apple,Produce,2,1.50,USD,C-0136,cash
O-905637,2026-09-09,S-03,SKU-2,Bread,Bakery,12,3.00,USD,C-0137,card
O-905638,2026-09-10,S-01,SKU-3,Milk,Dairy,11,2.20,USD,C-0138,cash
O-905639,2026-09-11,S-02,SKU-4,Eggs,Dairy,3,0.35,EUR,C-0139,card
O-905640,2026-09-12,S-03,SKU-5,Coffee,Beverages,-3,8.99,GBP,C-0140,cash
O-905641,2026-09-13,S-01,SKU-1,Apple,Produce,8,1.50,USD,C-0141,card
O-905642,2026-09-14,S-02,SKU-2,Bread,Bakery,12,3.00,USD,C-0142,cash
O-905643,2026-09-15,S-03,SKU-3,Milk,Dairy,6,2.20,USD,C-0143,card
O-905644,2026-09-16,S-01,SKU-4,Eggs,Dairy,1,0.35,EUR,C-0144,cash
O-905645,2026-09-17,S-02,SKU-5,Coffee,Beverages,2,8.99,GBP,C-0145,card
O-905646,2026-09-18,S-03,SKU-1,Apple,Produce,2,1.50,USD,C-0146,cash
O-905647,2026-09-19,S-01,SKU-2,Bread,Bakery,1,3.00,USD,C-0147,card
O-905648,2026-09-20,S-02,SKU-3,Milk,Dairy,3,2.20,USD,C-0148,cash
O-905649,2026-09-21,S-03,SKU-4,Eggs,Dairy,5,0.35,EUR,C-0149,card
O-905650,2026-09-22,S-01,SKU-5,Coffee,Beverages,9,8.99,GBP,C-0150,cash
O-905651,2026-09-23,S-02,SKU-1,Apple,Produce,2,1.50,USD,C-0151,card
O-905652,2026-09-24,S-03,SKU-2,Bread,Bakery,10,3.00,USD,C-0152,cash
O-905653,2026-09-25,S-01,SKU-3,Milk,Dairy,4,2.20,USD,C-0153,card
O-905654,2026-09-26,S-02,SKU-4,Eggs,Dairy,5,0.35,EUR,C-0154,cash
O-905655,2026-09-27,S-03,SKU-5,Coffee,Beverages,7,8.99,GBP,C-0155,card
O-905656,2026-09-28,S-01,SKU-1,Apple,Produce,7,1.50,USD,C-0156,cash
O-905657,2026-09-01,S-02,SKU-2,Bread,Bakery,8,3.00,USD,C-0157,card
O-905658,2026-09-02,S-03,SKU-3,Milk,Dairy,11,2.20,USD,C-0158,cash
O-905659,2026-09-03,S-01,SKU-4,Eggs,Dairy,7,0.35,EUR,C-0159,card
O-905660,2026-09-04,S-02,SKU-999,Coffee,Beverages,7,8.99,GBP,C-0160,cash
O-905661,2026-09-05,S-03,SKU-1,Apple,Produce,6,1.50,USD,C-0161,card
O-905662,2026-09-06,S-01,SKU-2,Bread,Bakery,1,3.00,USD,C-0162,cash
O-905663,2026-09-07,S-02,SKU-3,Milk,Dairy,7,2.20,USD,C-0163,card
O-905664,2026-09-08,S-03,SKU-4,Eggs,Dairy,11,0.35,EUR,C-0164,cash
O-905665,2026-09-09,S-01,SKU-5,Coffee,Beverages,2,8.99,GBP,C-0165,card
O-905666,2026-09-10,S-02,SKU-1,Apple,Produce,9,1.50,USD,C-0166,cash
O-905667,2026-09-11,S-03,SKU-2,Bread,Bakery,1,3.00,USD,C-0167,card
O-905668,2026-09-12,S-01,SKU-3,Milk,Dairy,11,2.20,USD,C-0168,cash
O-905669,2026-09-13,S-02,SKU-4,Eggs,Dairy,12,0.35,EUR,C-0169,card
O-905670,2026-09-14,S-03,SKU-5,Coffee,Beverages,10,8.99,GBP,C-0170,cash
O-905671,2026-09-15,S-01,SKU-1,Apple,Produce,2,1.50,USD,C-0171,card
O-905672,2026-09-16,S-02,SKU-2,Bread,Bakery,12,3.00,USD,C-0172,cash
O-905673,2026-09-17,S-03,SKU-3,Milk,Dairy,10,2.20,USD,C-0173,card
O-905674,2026-09-18,S-01,SKU-4,Eggs,Dairy,1,0.35,EUR,C-0174,cash
O-905675,2026-09-19,S-02,SKU-5,Coffee,Beverages,12,8.99,GBP,C-0175,card
O-905676,2026-09-20,S-03,SKU-1,Apple,Produce,2,1.50,USD,C-0176,cash
O-905677,2026-09-21,S-01,SKU-2,Bread,Bakery,6,3.00,USD,C-0177,card
O-905678,2026-09-22,S-02,SKU-3,Milk,Dairy,9,2.20,USD,C-0178,cash
O-905679,2026-09-23,S-03,SKU-4,Eggs,Dairy,2,0.35,EUR,C-0179,card
O-905680,2026-09-24,S-01,SKU-5,Coffee,Beverages,5,,GBP,C-0180,cash
O-905681,2026-09-25,S-02,SKU-1,Apple,Produce,11,1.50,USD,C-0181,card
O-905682,2026-09-26,S-03,SKU-2,Bread,Bakery,5,3.00,USD,C-0182,cash
O-905683,2026-09-27,S-01,SKU-3,Milk,Dairy,10,2.20,USD,C-0183,card
O-905684,2026-09-28,S-02,SKU-4,Eggs,Dairy,2,0.35,EUR,C-0184,cash
O-905685,2026-09-01,S-03,SKU-5,Coffee,Beverages,5,8.99,GBP,C-0185,card
O-905686,2026-09-02,S-01,SKU-1,Apple,Produce,8,1.50,USD,C-0186,cash
O-905687,2026-09-03,S-02,SKU-2,Bread,Bakery,7,3.00,USD,C-0187,card
O-905688,2026-09-04,S-03,SKU-3,Milk,Dairy,7,2.20,USD,C-0188,cash
O-905689,2026-09-05,S-01,SKU-4,Eggs,Dairy,11,0.35,EUR,C-0189,card
O-905690,2026-09-06,S-02,SKU-5,Coffee,Beverages,1,8.99,GBP,C-0190,cash
O-905691,2026-09-07,S-03,SKU-1,Apple,Produce,8,1.50,USD,C-0191,card
O-905692,2026-09-08,S-01,SKU-2,Bread,Bakery,3,3.00,USD,C-0192,cash
O-905693,2026-09-09,S-02,SKU-3,Milk,Dairy,9,2.20,USD,C-0193,card
O-905694,2026-09-10,S-03,SKU-4,Eggs,Dairy,4,0.35,EUR,C-0194,cash
O-905695,2026-09-11,S-01,SKU-5,Coffee,Beverages,3,8.99,GBP,C-0195,card
O-905696,2026-09-12,S-02,SKU-1,Apple,Produce,12,1.50,USD,C-0196,cash
O-905697,2026-09-13,S-03,SKU-2,Bread,Bakery,7,3.00,USD,C-0197,card
O-905698,2026-09-14,S-01,SKU-3,Milk,Dairy,9,2.20,USD,C-0198,cash
O-905699,2026-09-15,S-02,SKU-4,Eggs,Dairy,5,0.35,EUR,C-0199,card
,2026-09-16,S-03,SKU-5,Coffee,Beverages,11,8.99,GBP,C-0200,cash
O-905701,2026-09-17,S-01,SKU-1,Apple,Produce,3,1.50,USD,C-0201,card
O-905702,2026-09-18,S-02,SKU-2,Bread,Bakery,5,3.00,USD,C-0202,cash
O-905703,2026-09-19,S-03,SKU-3,Milk,Dairy,11,2.20,USD,C-0203,card
O-905704,2026-09-20,S-01,SKU-4,Eggs,Dairy,12,0.35,EUR,C-0204,cash
O-905705,2026-09-21,S-02,SKU-5,Coffee,Beverages,11,8.99,GBP,C-0205,card
O-905706,2026-09-22,S-03,SKU-1,Apple,Produce,6,1.50,USD,C-0206,cash
O-905707,2026-09-23,S-01,SKU-2,Bread,Bakery,1,3.00,USD,C-0207,card
O-905708,2026-09-24,S-02,SKU-3,Milk,Dairy,9,2.20,USD,C-0208,cash
O-905709,2026-09-25,S-03,SKU-4,Eggs,Dairy,9,0.35,EUR,C-0209,card
O-905710,2026-09-26,S-01,SKU-5,Coffee,Beverages,3,8.99,GBP,C-0210,cash
O-905711,2026-09-27,S-02,SKU-1,Apple,Produce,2,1.50,USD,C-0211,card
O-905712,2026-09-28,S-03,SKU-2,Bread,Bakery,1,3.00,USD,C-0212,cash
O-905713,2026-09-01,S-01,SKU-3,Milk,Dairy,1,2.20,USD,C-0213,card
O-905714,2026-09-02,S-02,SKU-4,Eggs,Dairy,10,0.35,EUR,C-0214,cash
O-905715,2026-09-03,S-03,SKU-5,Coffee,Beverages,10,8.99,GBP,C-0215,card
O-905716,2026-09-04,S-01,SKU-1,Apple,Produce,7,1.50,USD,C-0216,cash
O-905717,2026-09-05,S-02,SKU-2,Bread,Bakery,9,3.00,USD,C-0217,card
O-905718,2026-09-06,S-03,SKU-3,Milk,Dairy,9,2.20,USD,C-0218,cash
O-905719,2026-09-07,S-01,SKU-4,Eggs,Dairy,2,0.35,EUR,C-0219,card
O-905720,2026-09-08,S-02,SKU-5,Coffee,Beverages,5,8.99,XYZ,C-0220,cash
O-905721,2026-09-09,S-03,SKU-1,Apple,Produce,4,1.50,USD,C-0221,card
O-905722,2026-09-10,S-01,SKU-2,Bread,Bakery,12,3.00,USD,C-0222,cash
O-905723,2026-09-11,S-02,SKU-3,Milk,Dairy,12,2.20,USD,C-0223,card
O-905724,2026-09-12,S-03,SKU-4,Eggs,Dairy,12,0.35,EUR,C-0224,cash
O-905725,2026-09-13,S-01,SKU-5,Coffee,Beverages,6,8.99,GBP,C-0225,card
O-905726,2026-09-14,S-02,SKU-1,Apple,Produce,4,1.50,USD,C-0226,cash
O-905727,2026-09-15,S-03,SKU-2,Bread,Bakery,7,3.00,USD,C-0227,card
O-905728,2026-09-16,S-01,SKU-3,Milk,Dairy,11,2.20,USD,C-0228,cash
O-905729,2026-09-17,S-02,SKU-4,Eggs,Dairy,9,0.35,EUR,C-0229,card
O-905730,2026-09-18,S-03,SKU-5,Coffee,Beverages,3,8.99,GBP,C-0230,cash
O-905731,2026-09-19,S-01,SKU-1,Apple,Produce,3,1.50,USD,C-0231,card
O-905732,2026-09-20,S-02,SKU-2,Bread,Bakery,3,3.00,USD,C-0232,cash
O-905733,2026-09-21,S-03,SKU-3,Milk,Dairy,4,2.20,USD,C-0233,card
O-905734,2026-09-22,S-01,SKU-4,Eggs,Dairy,10,0.35,EUR,C-0234,cash
O-905735,2026-09-23,S-02,SKU-5,Coffee,Beverages,5,8.99,GBP,C-0235,card
O-905736,2026-09-24,S-03,SKU-1,Apple,Produce,4,1.50,USD,C-0236,cash
O-905737,2026-09-25,S-01,SKU-2,Bread,Bakery,2,3.00,USD,C-0237,card
O-905738,2026-09-26,S-02,SKU-3,Milk,Dairy,3,2.20,USD,C-0238,cash
O-905739,2026-09-27,S-03,SKU-4,Eggs,Dairy,11,0.35,EUR,C-0239,card
O-905740,2026-09-28,S-01,SKU-5,Coffee,Beverages,10,8.99,GBP,C-0240,bitcoin
O-905741,2026-09-01,S-02,SKU-1,Apple,Produce,1,1.50,USD,C-0241,card
O-905742,2026-09-02,S-03,SKU-2,Bread,Bakery,9,3.00,USD,C-0242,cash
O-905743,2026-09-03,S-01,SKU-3,Milk,Dairy,8,2.20,USD,C-0243,card
O-905744,2026-09-04,S-02,SKU-4,Eggs,Dairy,11,0.35,EUR,C-0244,cash
O-905745,2026-09-05,S-03,SKU-5,Coffee,Beverages,9,8.99,GBP,C-0245,card
O-905746,2026-09-06,S-01,SKU-1,Apple,Produce,2,1.50,USD,C-0246,cash
O-905747,2026-09-07,S-02,SKU-2,Bread,Bakery,5,3.00,USD,C-0247,card
O-905748,2026-09-08,S-03,SKU-3,Milk,Dairy,11,2.20,USD,C-0248,cash
O-905749,2026-09-09,S-01,SKU-4,Eggs,Dairy,2,0.35,EUR,C-0249,card
O-905750,2026-09-10,S-02,SKU-5,Coffee,Beverages,5,8.99,GBP,C-0250,cash
O-905751,2026-09-11,S-03,SKU-1,Apple,Produce,2,1.50,USD,C-0251,card
O-905752,2026-09-12,S-01,SKU-2,Bread,Bakery,4,3.00,USD,C-0252,cash
O-905753,2026-09-13,S-02,SKU-3,Milk,Dairy,12,2.20,USD,C-0253,card
O-905754,2026-09-14,S-03,SKU-4,Eggs,Dairy,10,0.35,EUR,C-0254,cash
O-905755,2026-09-15,S-01,SKU-5,Coffee,Beverages,8,8.99,GBP,C-0255,card
O-905756,2026-09-16,S-02,SKU-1,Apple,Produce,6,1.50,USD,C-0256,cash
O-905757,2026-09-17,S-03,SKU-2,Bread,Bakery,6,3.00,USD,C-0257,card
O-905758,2026-09-18,S-01,SKU-3,Milk,Dairy,3,2.20,USD,C-0258,cash
O-905759,2026-09-19,S-02,SKU-4,Eggs,Dairy,11,0.35,EUR,C-0259,card
O-905760,2026-09-20,S-03,SKU-5,Coffee,Beverages,0,8.99,GBP,C-0260,cash
O-905761,2026-09-21,S-01,SKU-1,Apple,Produce,4,1.50,USD,C-0261,card
O-905762,2026-09-22,S-02,SKU-2,Bread,Bakery,2,3.00,USD,C-0262,cash
O-905763,2026-09-23,S-03,SKU-3,Milk,Dairy,5,2.20,USD,C-0263,card
O-905764,2026-09-24,S-01,SKU-4,Eggs,Dairy,10,0.35,EUR,C-0264,cash
O-905765,2026-09-25,S-02,SKU-5,Coffee,Beverages,2,8.99,GBP,C-0265,card
O-905766,2026-09-26,S-03,SKU-1,Apple,Produce,4,1.50,USD,C-0266,cash
O-905767,2026-09-27,S-01,SKU-2,Bread,Bakery,6,3.00,USD,C-0267,card
O-905768,2026-09-28,S-02,SKU-3,Milk,Dairy,8,2.20,USD,C-0268,cash
O-905769,2026-09-01,S-03,SKU-4,Eggs,Dairy,8,0.35,EUR,C-0269,card
O-905770,2026-09-02,S-01,SKU-5,Coffee,Beverages,6,8.99,GBP,C-0270,cash
O-905771,2026-09-03,S-02,SKU-1,Apple,Produce,10,1.50,USD,C-0271,card
O-905772,2026-09-04,S-03,SKU-2,Bread,Bakery,11,3.00,USD,C-0272,cash
O-905773,2026-09-05,S-01,SKU-3,Milk,Dairy,5,2.20,USD,C-0273,card
O-905774,2026-09-06,S-02,SKU-4,Eggs,Dairy,12,0.35,EUR,C-0274,cash
O-905775,2026-09-07,S-03,SKU-5,Coffee,Beverages,10,8.99,GBP,C-0275,card
O-905776,2026-09-08,S-01,SKU-1,Apple,Produce,3,1.50,USD,C-0276,cash
O-905777,2026-09-09,S-02,SKU-2,Bread,Bakery,10,3.00,USD,C-0277,card
O-905778,2026-09-10,S-03,SKU-3,Milk,Dairy,10,2.20,USD,C-0278,cash
O-905779,2026-09-11,S-01,SKU-4,Eggs,Dairy,6,0.35,EUR,C-0279,card
O-905780,bad-date,S-02,SKU-5,Coffee,Beverages,6,8.99,GBP,C-0280,cash
O-905781,2026-09-13,S-03,SKU-1,Apple,Produce,7,1.50,USD,C-0281,card
O-905782,2026-09-14,S-01,SKU-2,Bread,Bakery,3,3.00,USD,C-0282,cash
O-905783,2026-09-15,S-02,SKU-3,Milk,Dairy,1,2.20,USD,C-0283,card
O-905784,2026-09-16,S-03,SKU-4,Eggs,Dairy,6,0.35,EUR,C-0284,cash
O-905785,2026-09-17,S-01,SKU-5,Coffee,Beverages,4,8.99,GBP,C-0285,card
O-905786,2026-09-18,S-02,SKU-1,Apple,Produce,4,1.50,USD,C-0286,cash
O-905787,2026-09-19,S-03,SKU-2,Bread,Bakery,12,3.00,USD,C-0287,card
O-905788,2026-09-20,S-01,SKU-3,Milk,Dairy,12,2.20,USD,C-0288,cash
O-905789,2026-09-21,S-02,SKU-4,Eggs,Dairy,11,0.35,EUR,C-0289,card
O-905790,2026-09-22,S-03,SKU-5,Coffee,Beverages,7,8.99,GBP,C-0290,cash
O-905791,2026-09-23,S-01,SKU-1,Apple,Produce,5,1.50,USD,C-0291,card
O-905792,2026-09-24,S-02,SKU-2,Bread,Bakery,6,3.00,USD,C-0292,cash
O-905793,2026-09-25,S-03,SKU-3,Milk,Dairy,3,2.20,USD,C-0293,card
O-905794,2026-09-26,S-01,SKU-4,Eggs,Dairy,11,0.35,EUR,C-0294,cash
O-905795,2026-09-27,S-02,SKU-5,Coffee,Beverages,12,8.99,GBP,C-0295,card
O-905796,2026-09-28,S-03,SKU-1,Apple,Produce,6,1.50,USD,C-0296,cash
O-905797,2026-09-01,S-01,SKU-2,Bread,Bakery,8,3.00,USD,C-0297,card
O-905798,2026-09-02,S-02,SKU-3,Milk,Dairy,8,2.20,USD,C-0298,cash
O-905799,2026-09-03,S-03,SKU-4,Eggs,Dairy,8,0.35,EUR,C-0299,card
O-905800,2026-09-04,S-01,SKU-5,Coffee,Beverages,-3,8.99,GBP,C-0300,cash
O-905801,2026-09-05,S-02,SKU-1,Apple,Produce,5,1.50,USD,C-0301,card
O-905802,2026-09-06,S-03,SKU-2,Bread,Bakery,8,3.00,USD,C-0302,cash
O-905803,2026-09-07,S-01,SKU-3,Milk,Dairy,9,2.20,USD,C-0303,card
O-905804,2026-09-08,S-02,SKU-4,Eggs,Dairy,2,0.35,EUR,C-0304,cash
O-905805,2026-09-09,S-03,SKU-5,Coffee,Beverages,3,8.99,GBP,C-0305,card
O-905806,2026-09-10,S-01,SKU-1,Apple,Produce,11,1.50,USD,C-0306,cash
O-905807,2026-09-11,S-02,SKU-2,Bread,Bakery,10,3.00,USD,C-0307,card
O-905808,2026-09-12,S-03,SKU-3,Milk,Dairy,2,2.20,USD,C-0308,cash
O-905809,2026-09-13,S-01,SKU-4,Eggs,Dairy,5,0.35,EUR,C-0309,card
O-905810,2026-09-14,S-02,SKU-5,Coffee,Beverages,3,8.99,GBP,C-0310,cash
O-905811,2026-09-15,S-03,SKU-1,Apple,Produce,9,1.50,USD,C-0311,card
O-905812,2026-09-16,S-01,SKU-2,Bread,Bakery,4,3.00,USD,C-0312,cash
O-905813,2026-09-17,S-02,SKU-3,Milk,Dairy,5,2.20,USD,C-0313,card
O-905814,2026-09-18,S-03,SKU-4,Eggs,Dairy,12,0.35,EUR,C-0314,cash
O-905815,2026-09-19,S-01,SKU-5,Coffee,Beverages,11,8.99,GBP,C-0315,card
O-905816,2026-09-20,S-02,SKU-1,Apple,Produce,2,1.50,USD,C-0316,cash
O-905817,2026-09-21,S-03,SKU-2,Bread,Bakery,12,3.00,USD,C-0317,card
O-905818,2026-09-22,S-01,SKU-3,Milk,Dairy,2,2.20,USD,C-0318,cash
O-905819,2026-09-23,S-02,SKU-4,Eggs,Dairy,1,0.35,EUR,C-0319,card
O-905820,2026-09-24,S-03,SKU-999,Coffee,Beverages,9,8.99,GBP,C-0320,cash
O-905821,2026-09-25,S-01,SKU-1,Apple,Produce,11,1.50,USD,C-0321,card
O-905822,2026-09-26,S-02,SKU-2,Bread,Bakery,1,3.00,USD,C-0322,cash
O-905823,2026-09-27,S-03,SKU-3,Milk,Dairy,10,2.20,USD,C-0323,card
O-905824,2026-09-28,S-01,SKU-4,Eggs,Dairy,10,0.35,EUR,C-0324,cash
O-905825,2026-09-01,S-02,SKU-5,Coffee,Beverages,7,8.99,GBP,C-0325,card
O-905826,2026-09-02,S-03,SKU-1,Apple,Produce,10,1.50,USD,C-0326,cash
O-905827,2026-09-03,S-01,SKU-2,Bread,Bakery,4,3.00,USD,C-0327,card
O-905828,2026-09-04,S-02,SKU-3,Milk,Dairy,1,2.20,USD,C-0328,cash
O-905829,2026-09-05,S-03,SKU-4,Eggs,Dairy,9,0.35,EUR,C-0329,card
O-905830,2026-09-06,S-01,SKU-5,Coffee,Beverages,5,8.99,GBP,C-0330,cash
O-905831,2026-09-07,S-02,SKU-1,Apple,Produce,9,1.50,USD,C-0331,card
O-905832,2026-09-08,S-03,SKU-2,Bread,Bakery,9,3.00,USD,C-0332,cash
O-905833,2026-09-09,S-01,SKU-3,Milk,Dairy,8,2.20,USD,C-0333,card
O-905834,2026-09-10,S-02,SKU-4,Eggs,Dairy,11,0.35,EUR,C-0334,cash
O-905835,2026-09-11,S-03,SKU-5,Coffee,Beverages,3,8.99,GBP,C-0335,card
O-905836,2026-09-12,S-01,SKU-1,Apple,Produce,6,1.50,USD,C-0336,cash
O-905837,2026-09-13,S-02,SKU-2,Bread,Bakery,7,3.00,USD,C-0337,card
O-905838,2026-09-14,S-03,SKU-3,Milk,Dairy,4,2.20,USD,C-0338,cash
O-905839,2026-09-15,S-01,SKU-4,Eggs,Dairy,10,0.35,EUR,C-0339,card
O-905840,2026-09-16,S-02,SKU-5,Coffee,Beverages,12,,GBP,C-0340,cash
O-905841,2026-09-17,S-03,SKU-1,Apple,Produce,5,1.50,USD,C-0341,card
O-905842,2026-09-18,S-01,SKU-2,Bread,Bakery,3,3.00,USD,C-0342,cash
O-905843,2026-09-19,S-02,SKU-3,Milk,Dairy,8,2.20,USD,C-0343,card
O-905844,2026-09-20,S-03,SKU-4,Eggs,Dairy,9,0.35,EUR,C-0344,cash
O-905845,2026-09-21,S-01,SKU-5,Coffee,Beverages,9,8.99,GBP,C-0345,card
O-905846,2026-09-22,S-02,SKU-1,Apple,Produce,2,1.50,USD,C-0346,cash
O-905847,2026-09-23,S-03,SKU-2,Bread,Bakery,7,3.00,USD,C-0347,card
O-905848,2026-09-24,S-01,SKU-3,Milk,Dairy,6,2.20,USD,C-0348,cash
O-905849,2026-09-25,S-02,SKU-4,Eggs,Dairy,9,0.35,EUR,C-0349,card
O-905850,2026-09-26,S-03,SKU-5,Coffee,Beverages,1,8.99,GBP,C-0350,cash
O-905851,2026-09-27,S-01,SKU-1,Apple,Produce,11,1.50,USD,C-0351,card
O-905852,2026-09-28,S-02,SKU-2,Bread,Bakery,4,3.00,USD,C-0352,cash
O-905853,2026-09-01,S-03,SKU-3,Milk,Dairy,10,2.20,USD,C-0353,card
O-905854,2026-09-02,S-01,SKU-4,Eggs,Dairy,11,0.35,EUR,C-0354,cash
O-905855,2026-09-03,S-02,SKU-5,Coffee,Beverages,3,8.99,GBP,C-0355,card
O-905856,2026-09-04,S-03,SKU-1,Apple,Produce,9,1.50,USD,C-0356,cash
O-905857,2026-09-05,S-01,SKU-2,Bread,Bakery,3,3.00,USD,C-0357,card
O-905858,2026-09-06,S-02,SKU-3,Milk,Dairy,8,2.20,USD,C-0358,cash
O-905859,2026-09-07,S-03,SKU-4,Eggs,Dairy,3,0.35,EUR,C-0359,card
,2026-09-08,S-01,SKU-5,Coffee,Beverages,3,8.99,GBP,C-0360,cash
O-905861,2026-09-09,S-02,SKU-1,Apple,Produce,10,1.50,USD,C-0361,card
O-905862,2026-09-10,S-03,SKU-2,Bread,Bakery,10,3.00,USD,C-0362,cash
O-905863,2026-09-11,S-01,SKU-3,Milk,Dairy,11,2.20,USD,C-0363,card
O-905864,2026-09-12,S-02,SKU-4,Eggs,Dairy,3,0.35,EUR,C-0364,cash
O-905865,2026-09-13,S-03,SKU-5,Coffee,Beverages,12,8.99,GBP,C-0365,card
O-905866,2026-09-14,S-01,SKU-1,Apple,Produce,12,1.50,USD,C-0366,cash
O-905867,2026-09-15,S-02,SKU-2,Bread,Bakery,8,3.00,USD,C-0367,card
O-905868,2026-09-16,S-03,SKU-3,Milk,Dairy,6,2.20,USD,C-0368,cash
O-905869,2026-09-17,S-01,SKU-4,Eggs,Dairy,1,0.35,EUR,C-0369,card
O-905870,2026-09-18,S-02,SKU-5,Coffee,Beverages,4,8.99,GBP,C-0370,cash
O-905871,2026-09-19,S-03,SKU-1,Apple,Produce,8,1.50,USD,C-0371,card
O-905872,2026-09-20,S-01,SKU-2,Bread,Bakery,4,3.00,USD,C-0372,cash
O-905873,2026-09-21,S-02,SKU-3,Milk,Dairy,2,2.20,USD,C-0373,card
O-905874,2026-09-22,S-03,SKU-4,Eggs,Dairy,5,0.35,EUR,C-0374,cash
O-905875,2026-09-23,S-01,SKU-5,Coffee,Beverages,6,8.99,GBP,C-0375,card
O-905876,2026-09-24,S-02,SKU-1,Apple,Produce,4,1.50,USD,C-0376,cash
O-905877,2026-09-25,S-03,SKU-2,Bread,Bakery,1,3.00,USD,C-0377,card
O-905878,2026-09-26,S-01,SKU-3,Milk,Dairy,11,2.20,USD,C-0378,cash
O-905879,2026-09-27,S-02,SKU-4,Eggs,Dairy,4,0.35,EUR,C-0379,card
O-905880,2026-09-28,S-03,SKU-5,Coffee,Beverages,9,8.99,XYZ,C-0380,cash
O-905881,2026-09-01,S-01,SKU-1,Apple,Produce,6,1.50,USD,C-0381,card
O-905882,2026-09-02,S-02,SKU-2,Bread,Bakery,7,3.00,USD,C-0382,cash
O-905883,2026-09-03,S-03,SKU-3,Milk,Dairy,8,2.20,USD,C-0383,card
O-905884,2026-09-04,S-01,SKU-4,Eggs,Dairy,8,0.35,EUR,C-0384,cash
O-905885,2026-09-05,S-02,SKU-5,Coffee,Beverages,1,8.99,GBP,C-0385,card
O-905886,2026-09-06,S-03,SKU-1,Apple,Produce,1,1.50,USD,C-0386,cash
O-905887,2026-09-07,S-01,SKU-2,Bread,Bakery,11,3.00,USD,C-0387,card
O-905888,2026-09-08,S-02,SKU-3,Milk,Dairy,6,2.20,USD,C-0388,cash
O-905889,2026-09-09,S-03,SKU-4,Eggs,Dairy,2,0.35,EUR,C-0389,card
O-905890,2026-09-10,S-01,SKU-5,Coffee,Beverages,12,8.99,GBP,C-0390,cash
O-905891,2026-09-11,S-02,SKU-1,Apple,Produce,9,1.50,USD,C-0391,card
O-905892,2026-09-12,S-03,SKU-2,Bread,Bakery,11,3.00,USD,C-0392,cash
O-905893,2026-09-13,S-01,SKU-3,Milk,Dairy,5,2.20,USD,C-0393,card
O-905894,2026-09-14,S-02,SKU-4,Eggs,Dairy,12,0.35,EUR,C-0394,cash
O-905895,2026-09-15,S-03,SKU-5,Coffee,Beverages,5,8.99,GBP,C-0395,card
O-905896,2026-09-16,S-01,SKU-1,Apple,Produce,10,1.50,USD,C-0396,cash
O-905897,2026-09-17,S-02,SKU-2,Bread,Bakery,9,3.00,USD,C-0397,card
O-905898,2026-09-18,S-03,SKU-3,Milk,Dairy,10,2.20,USD,C-0398,cash
O-905899,2026-09-19,S-01,SKU-4,Eggs,Dairy,3,0.35,EUR,C-0399,card
O-905900,2026-09-20,S-02,SKU-5,Coffee,Beverages,7,8.99,GBP,C-0400,bitcoin
O-905901,2026-09-21,S-03,SKU-1,Apple,Produce,11,1.50,USD,C-0401,card
O-905902,2026-09-22,S-01,SKU-2,Bread,Bakery,7,3.00,USD,C-0402,cash
O-905903,2026-09-23,S-02,SKU-3,Milk,Dairy,6,2.20,USD,C-0403,card
O-905904,2026-09-24,S-03,SKU-4,Eggs,Dairy,10,0.35,EUR,C-0404,cash
O-905905,2026-09-25,S-01,SKU-5,Coffee,Beverages,11,8.99,GBP,C-0405,card
O-905906,2026-09-26,S-02,SKU-1,Apple,Produce,2,1.50,USD,C-0406,cash
O-905907,2026-09-27,S-03,SKU-2,Bread,Bakery,9,3.00,USD,C-0407,card
O-905908,2026-09-28,S-01,SKU-3,Milk,Dairy,5,2.20,USD,C-0408,cash
O-905909,2026-09-01,S-02,SKU-4,Eggs,Dairy,7,0.35,EUR,C-0409,card
O-905910,2026-09-02,S-03,SKU-5,Coffee,Beverages,4,8.99,GBP,C-0410,cash
O-905911,2026-09-03,S-01,SKU-1,Apple,Produce,9,1.50,USD,C-0411,card
O-905912,2026-09-04,S-02,SKU-2,Bread,Bakery,7,3.00,USD,C-0412,cash
O-905913,2026-09-05,S-03,SKU-3,Milk,Dairy,6,2.20,USD,C-0413,card
O-905914,2026-09-06,S-01,SKU-4,Eggs,Dairy,6,0.35,EUR,C-0414,cash
O-905915,2026-09-07,S-02,SKU-5,Coffee,Beverages,8,8.99,GBP,C-0415,card
O-905916,2026-09-08,S-03,SKU-1,Apple,Produce,8,1.50,USD,C-0416,cash
O-905917,2026-09-09,S-01,SKU-2,Bread,Bakery,10,3.00,USD,C-0417,card
O-905918,2026-09-10,S-02,SKU-3,Milk,Dairy,1,2.20,USD,C-0418,cash
O-905919,2026-09-11,S-03,SKU-4,Eggs,Dairy,9,0.35,EUR,C-0419,card
O-905920,2026-09-12,S-01,SKU-5,Coffee,Beverages,0,8.99,GBP,C-0420,cash
O-905921,2026-09-13,S-02,SKU-1,Apple,Produce,8,1.50,USD,C-0421,card
O-905922,2026-09-14,S-03,SKU-2,Bread,Bakery,3,3.00,USD,C-0422,cash
O-905923,2026-09-15,S-01,SKU-3,Milk,Dairy,4,2.20,USD,C-0423,card
O-905924,2026-09-16,S-02,SKU-4,Eggs,Dairy,2,0.35,EUR,C-0424,cash
O-905925,2026-09-17,S-03,SKU-5,Coffee,Beverages,9,8.99,GBP,C-0425,card
O-905926,2026-09-18,S-01,SKU-1,Apple,Produce,11,1.50,USD,C-0426,cash
O-905927,2026-09-19,S-02,SKU-2,Bread,Bakery,5,3.00,USD,C-0427,card
O-905928,2026-09-20,S-03,SKU-3,Milk,Dairy,4,2.20,USD,C-0428,cash
O-905929,2026-09-21,S-01,SKU-4,Eggs,Dairy,3,0.35,EUR,C-0429,card
O-905930,2026-09-22,S-02,SKU-5,Coffee,Beverages,3,8.99,GBP,C-0430,cash
O-905931,2026-09-23,S-03,SKU-1,Apple,Produce,3,1.50,USD,C-0431,card
O-905932,2026-09-24,S-01,SKU-2,Bread,Bakery,6,3.00,USD,C-0432,cash
O-905933,2026-09-25,S-02,SKU-3,Milk,Dairy,10,2.20,USD,C-0433,card
O-905934,2026-09-26,S-03,SKU-4,Eggs,Dairy,12,0.35,EUR,C-0434,cash
O-905935,2026-09-27,S-01,SKU-5,Coffee,Beverages,2,8.99,GBP,C-0435,card
O-905936,2026-09-28,S-02,SKU-1,Apple,Produce,11,1.50,USD,C-0436,cash
O-905937,2026-09-01,S-03,SKU-2,Bread,Bakery,4,3.00,USD,C-0437,card
O-905938,2026-09-02,S-01,SKU-3,Milk,Dairy,7,2.20,USD,C-0438,cash
O-905939,2026-09-03,S-02,SKU-4,Eggs,Dairy,6,0.35,EUR,C-0439,card
O-905940,bad-date,S-03,SKU-5,Coffee,Beverages,12,8.99,GBP,C-0440,cash
O-905941,2026-09-05,S-01,SKU-1,Apple,Produce,2,1.50,USD,C-0441,card
O-905942,2026-09-06,S-02,SKU-2,Bread,Bakery,8,3.00,USD,C-0442,cash
O-905943,2026-09-07,S-03,SKU-3,Milk,Dairy,11,2.20,USD,C-0443,card
O-905944,2026-09-08,S-01,SKU-4,Eggs,Dairy,8,0.35,EUR,C-0444,cash
O-905945,2026-09-09,S-02,SKU-5,Coffee,Beverages,8,8.99,GBP,C-0445,card
O-905946,2026-09-10,S-03,SKU-1,Apple,Produce,4,1.50,USD,C-0446,cash
O-905947,2026-09-11,S-01,SKU-2,Bread,Bakery,10,3.00,USD,C-0447,card
O-905948,2026-09-12,S-02,SKU-3,Milk,Dairy,3,2.20,USD,C-0448,cash
O-905949,2026-09-13,S-03,SKU-4,Eggs,Dairy,11,0.35,EUR,C-0449,card
O-905950,2026-09-14,S-01,SKU-5,Coffee,Beverages,7,8.99,GBP,C-0450,cash
O-905951,2026-09-15,S-02,SKU-1,Apple,Produce,1,1.50,USD,C-0451,card
O-905952,2026-09-16,S-03,SKU-2,Bread,Bakery,4,3.00,USD,C-0452,cash
O-905953,2026-09-17,S-01,SKU-3,Milk,Dairy,1,2.20,USD,C-0453,card
O-905954,2026-09-18,S-02,SKU-4,Eggs,Dairy,3,0.35,EUR,C-0454,cash
O-905955,2026-09-19,S-03,SKU-5,Coffee,Beverages,10,8.99,GBP,C-0455,card
O-905956,2026-09-20,S-01,SKU-1,Apple,Produce,10,1.50,USD,C-0456,cash
O-905957,2026-09-21,S-02,SKU-2,Bread,Bakery,3,3.00,USD,C-0457,card
O-905958,2026-09-22,S-03,SKU-3,Milk,Dairy,3,2.20,USD,C-0458,cash
O-905959,2026-09-23,S-01,SKU-4,Eggs,Dairy,11,0.35,EUR,C-0459,card
O-905960,2026-09-24,S-02,SKU-5,Coffee,Beverages,-3,8.99,GBP,C-0460,cash
O-905961,2026-09-25,S-03,SKU-1,Apple,Produce,1,1.50,USD,C-0461,card
O-905962,2026-09-26,S-01,SKU-2,Bread,Bakery,10,3.00,USD,C-0462,cash
O-905963,2026-09-27,S-02,SKU-3,Milk,Dairy,3,2.20,USD,C-0463,card
O-905964,2026-09-28,S-03,SKU-4,Eggs,Dairy,1,0.35,EUR,C-0464,cash
O-905965,2026-09-01,S-01,SKU-5,Coffee,Beverages,3,8.99,GBP,C-0465,card
O-905966,2026-09-02,S-02,SKU-1,Apple,Produce,5,1.50,USD,C-0466,cash
O-905967,2026-09-03,S-03,SKU-2,Bread,Bakery,3,3.00,USD,C-0467,card
O-905968,2026-09-04,S-01,SKU-3,Milk,Dairy,9,2.20,USD,C-0468,cash
O-905969,2026-09-05,S-02,SKU-4,Eggs,Dairy,7,0.35,EUR,C-0469,card
O-905970,2026-09-06,S-03,SKU-5,Coffee,Beverages,10,8.99,GBP,C-0470,cash
O-905971,2026-09-07,S-01,SKU-1,Apple,Produce,10,1.50,USD,C-0471,card
O-905972,2026-09-08,S-02,SKU-2,Bread,Bakery,11,3.00,USD,C-0472,cash
O-905973,2026-09-09,S-03,SKU-3,Milk,Dairy,1,2.20,USD,C-0473,card
O-905974,2026-09-10,S-01,SKU-4,Eggs,Dairy,12,0.35,EUR,C-0474,cash
O-905975,2026-09-11,S-02,SKU-5,Coffee,Beverages,12,8.99,GBP,C-0475,card
O-905976,2026-09-12,S-03,SKU-1,Apple,Produce,11,1.50,USD,C-0476,cash
O-905977,2026-09-13,S-01,SKU-2,Bread,Bakery,5,3.00,USD,C-0477,card
O-905978,2026-09-14,S-02,SKU-3,Milk,Dairy,2,2.20,USD,C-0478,cash
O-905979,2026-09-15,S-03,SKU-4,Eggs,Dairy,4,0.35,EUR,C-0479,card
O-905980,2026-09-16,S-01,SKU-999,Coffee,Beverages,8,8.99,GBP,C-0480,cash
O-905981,2026-09-17,S-02,SKU-1,Apple,Produce,10,1.50,USD,C-0481,card
O-905982,2026-09-18,S-03,SKU-2,Bread,Bakery,8,3.00,USD,C-0482,cash
O-905983,2026-09-19,S-01,SKU-3,Milk,Dairy,8,2.20,USD,C-0483,card
O-905984,2026-09-20,S-02,SKU-4,Eggs,Dairy,3,0.35,EUR,C-0484,cash
O-905985,2026-09-21,S-03,SKU-5,Coffee,Beverages,4,8.99,GBP,C-0485,card
O-905986,2026-09-22,S-01,SKU-1,Apple,Produce,7,1.50,USD,C-0486,cash
O-905987,2026-09-23,S-02,SKU-2,Bread,Bakery,10,3.00,USD,C-0487,card
O-905988,2026-09-24,S-03,SKU-3,Milk,Dairy,3,2.20,USD,C-0488,cash
O-905989,2026-09-25,S-01,SKU-4,Eggs,Dairy,10,0.35,EUR,C-0489,card
O-905990,2026-09-26,S-02,SKU-5,Coffee,Beverages,3,8.99,GBP,C-0490,cash
O-905991,2026-09-27,S-03,SKU-1,Apple,Produce,10,1.50,USD,C-0491,card
O-905992,2026-09-28,S-01,SKU-2,Bread,Bakery,11,3.00,USD,C-0492,cash
O-905993,2026-09-01,S-02,SKU-3,Milk,Dairy,9,2.20,USD,C-0493,card
O-905994,2026-09-02,S-03,SKU-4,Eggs,Dairy,5,0.35,EUR,C-0494,cash
O-905995,2026-09-03,S-01,SKU-5,Coffee,Beverages,3,8.99,GBP,C-0495,card
O-905996,2026-09-04,S-02,SKU-1,Apple,Produce,12,1.50,USD,C-0496,cash
O-905997,2026-09-05,S-03,SKU-2,Bread,Bakery,11,3.00,USD,C-0497,card
O-905998,2026-09-06,S-01,SKU-3,Milk,Dairy,6,2.20,USD,C-0498,cash
O-905999,2026-09-07,S-02,SKU-4,Eggs,Dairy,8,0.35,EUR,C-0499,card
O-906000,2026-09-08,S-03,SKU-5,Coffee,Beverages,10,,GBP,C-0500,cash
O-906001,2026-09-09,S-01,SKU-1,Apple,Produce,10,1.50,USD,C-0001,card
O-906002,2026-09-10,S-02,SKU-2,Bread,Bakery,2,3.00,USD,C-0002,cash
O-906003,2026-09-11,S-03,SKU-3,Milk,Dairy,4,2.20,USD,C-0003,card
O-906004,2026-09-12,S-01,SKU-4,Eggs,Dairy,7,0.35,EUR,C-0004,cash
O-906005,2026-09-13,S-02,SKU-5,Coffee,Beverages,7,8.99,GBP,C-0005,card
O-906006,2026-09-14,S-03,SKU-1,Apple,Produce,3,1.50,USD,C-0006,cash
O-906007,2026-09-15,S-01,SKU-2,Bread,Bakery,2,3.00,USD,C-0007,card
O-906008,2026-09-16,S-02,SKU-3,Milk,Dairy,1,2.20,USD,C-0008,cash
O-906009,2026-09-17,S-03,SKU-4,Eggs,Dairy,4,0.35,EUR,C-0009,card
O-906010,2026-09-18,S-01,SKU-5,Coffee,Beverages,9,8.99,GBP,C-0010,cash
O-906011,2026-09-19,S-02,SKU-1,Apple,Produce,9,1.50,USD,C-0011,card
O-906012,2026-09-20,S-03,SKU-2,Bread,Bakery,11,3.00,USD,C-0012,cash
O-906013,2026-09-21,S-01,SKU-3,Milk,Dairy,7,2.20,USD,C-0013,card
O-906014,2026-09-22,S-02,SKU-4,Eggs,Dairy,3,0.35,EUR,C-0014,cash
O-906015,2026-09-23,S-03,SKU-5,Coffee,Beverages,10,8.99,GBP,C-0015,card
O-906016,2026-09-24,S-01,SKU-1,Apple,Produce,2,1.50,USD,C-0016,cash
O-906017,2026-09-25,S-02,SKU-2,Bread,Bakery,3,3.00,USD,C-0017,card
O-906018,2026-09-26,S-03,SKU-3,Milk,Dairy,8,2.20,USD,C-0018,cash
O-906019,2026-09-27,S-01,SKU-4,Eggs,Dairy,10,0.35,EUR,C-0019,card
,2026-09-28,S-02,SKU-5,Coffee,Beverages,10,8.99,GBP,C-0020,cash
O-906021,2026-09-01,S-03,SKU-1,Apple,Produce,1,1.50,USD,C-0021,card
O-906022,2026-09-02,S-01,SKU-2,Bread,Bakery,9,3.00,USD,C-0022,cash
O-906023,2026-09-03,S-02,SKU-3,Milk,Dairy,9,2.20,USD,C-0023,card
O-906024,2026-09-04,S-03,SKU-4,Eggs,Dairy,2,0.35,EUR,C-0024,cash
O-906025,2026-09-05,S-01,SKU-5,Coffee,Beverages,2,8.99,GBP,C-0025,card
O-906026,2026-09-06,S-02,SKU-1,Apple,Produce,8,1.50,USD,C-0026,cash
O-906027,2026-09-07,S-03,SKU-2,Bread,Bakery,11,3.00,USD,C-0027,card
O-906028,2026-09-08,S-01,SKU-3,Milk,Dairy,3,2.20,USD,C-0028,cash
O-906029,2026-09-09,S-02,SKU-4,Eggs,Dairy,10,0.35,EUR,C-0029,card
O-906030,2026-09-10,S-03,SKU-5,Coffee,Beverages,9,8.99,GBP,C-0030,cash
O-906031,2026-09-11,S-01,SKU-1,Apple,Produce,1,1.50,USD,C-0031,card
O-906032,2026-09-12,S-02,SKU-2,Bread,Bakery,11,3.00,USD,C-0032,cash
O-906033,2026-09-13,S-03,SKU-3,Milk,Dairy,11,2.20,USD,C-0033,card
O-906034,2026-09-14,S-01,SKU-4,Eggs,Dairy,7,0.35,EUR,C-0034,cash
O-906035,2026-09-15,S-02,SKU-5,Coffee,Beverages,9,8.99,GBP,C-0035,card
O-906036,2026-09-16,S-03,SKU-1,Apple,Produce,7,1.50,USD,C-0036,cash
O-906037,2026-09-17,S-01,SKU-2,Bread,Bakery,6,3.00,USD,C-0037,card
O-906038,2026-09-18,S-02,SKU-3,Milk,Dairy,1,2.20,USD,C-0038,cash
O-906039,2026-09-19,S-03,SKU-4,Eggs,Dairy,12,0.35,EUR,C-0039,card
O-906040,2026-09-20,S-01,SKU-5,Coffee,Beverages,9,8.99,XYZ,C-0040,cash
O-906041,2026-09-21,S-02,SKU-1,Apple,Produce,7,1.50,USD,C-0041,card
O-906042,2026-09-22,S-03,SKU-2,Bread,Bakery,4,3.00,USD,C-0042,cash
O-906043,2026-09-23,S-01,SKU-3,Milk,Dairy,8,2.20,USD,C-0043,card
O-906044,2026-09-24,S-02,SKU-4,Eggs,Dairy,7,0.35,EUR,C-0044,cash
O-906045,2026-09-25,S-03,SKU-5,Coffee,Beverages,6,8.99,GBP,C-0045,card
O-906046,2026-09-26,S-01,SKU-1,Apple,Produce,10,1.50,USD,C-0046,cash
O-906047,2026-09-27,S-02,SKU-2,Bread,Bakery,12,3.00,USD,C-0047,card
O-906048,2026-09-28,S-03,SKU-3,Milk,Dairy,12,2.20,USD,C-0048,cash
O-906049,2026-09-01,S-01,SKU-4,Eggs,Dairy,10,0.35,EUR,C-0049,card
O-906050,2026-09-02,S-02,SKU-5,Coffee,Beverages,2,8.99,GBP,C-0050,cash
O-906051,2026-09-03,S-03,SKU-1,Apple,Produce,7,1.50,USD,C-0051,card
O-906052,2026-09-04,S-01,SKU-2,Bread,Bakery,3,3.00,USD,C-0052,cash
O-906053,2026-09-05,S-02,SKU-3,Milk,Dairy,5,2.20,USD,C-0053,card
O-906054,2026-09-06,S-03,SKU-4,Eggs,Dairy,8,0.35,EUR,C-0054,cash
O-906055,2026-09-07,S-01,SKU-5,Coffee,Beverages,4,8.99,GBP,C-0055,card
O-906056,2026-09-08,S-02,SKU-1,Apple,Produce,2,1.50,USD,C-0056,cash
O-906057,2026-09-09,S-03,SKU-2,Bread,Bakery,5,3.00,USD,C-0057,card
O-906058,2026-09-10,S-01,SKU-3,Milk,Dairy,10,2.20,USD,C-0058,cash
O-906059,2026-09-11,S-02,SKU-4,Eggs,Dairy,9,0.35,EUR,C-0059,card
O-906060,2026-09-12,S-03,SKU-5,Coffee,Beverages,7,8.99,GBP,C-0060,bitcoin
O-906061,2026-09-13,S-01,SKU-1,Apple,Produce,5,1.50,USD,C-0061,card
O-906062,2026-09-14,S-02,SKU-2,Bread,Bakery,4,3.00,USD,C-0062,cash
O-906063,2026-09-15,S-03,SKU-3,Milk,Dairy,1,2.20,USD,C-0063,card
O-906064,2026-09-16,S-01,SKU-4,Eggs,Dairy,12,0.35,EUR,C-0064,cash
O-906065,2026-09-17,S-02,SKU-5,Coffee,Beverages,12,8.99,GBP,C-0065,card
O-906066,2026-09-18,S-03,SKU-1,Apple,Produce,1,1.50,USD,C-0066,cash
O-906067,2026-09-19,S-01,SKU-2,Bread,Bakery,10,3.00,USD,C-0067,card
O-906068,2026-09-20,S-02,SKU-3,Milk,Dairy,9,2.20,USD,C-0068,cash
O-906069,2026-09-21,S-03,SKU-4,Eggs,Dairy,2,0.35,EUR,C-0069,card
O-906070,2026-09-22,S-01,SKU-5,Coffee,Beverages,9,8.99,GBP,C-0070,cash
O-906071,2026-09-23,S-02,SKU-1,Apple,Produce,1,1.50,USD,C-0071,card
O-906072,2026-09-24,S-03,SKU-2,Bread,Bakery,7,3.00,USD,C-0072,cash
O-906073,2026-09-25,S-01,SKU-3,Milk,Dairy,11,2.20,USD,C-0073,card
O-906074,2026-09-26,S-02,SKU-4,Eggs,Dairy,4,0.35,EUR,C-0074,cash
O-906075,2026-09-27,S-03,SKU-5,Coffee,Beverages,12,8.99,GBP,C-0075,card
O-906076,2026-09-28,S-01,SKU-1,Apple,Produce,6,1.50,USD,C-0076,cash
O-906077,2026-09-01,S-02,SKU-2,Bread,Bakery,7,3.00,USD,C-0077,card
O-906078,2026-09-02,S-03,SKU-3,Milk,Dairy,6,2.20,USD,C-0078,cash
O-906079,2026-09-03,S-01,SKU-4,Eggs,Dairy,2,0.35,EUR,C-0079,card
O-906080,2026-09-04,S-02,SKU-5,Coffee,Beverages,0,8.99,GBP,C-0080,cash
O-906081,2026-09-05,S-03,SKU-1,Apple,Produce,7,1.50,USD,C-0081,card
O-906082,2026-09-06,S-01,SKU-2,Bread,Bakery,11,3.00,USD,C-0082,cash
O-906083,2026-09-07,S-02,SKU-3,Milk,Dairy,10,2.20,USD,C-0083,card
O-906084,2026-09-08,S-03,SKU-4,Eggs,Dairy,5,0.35,EUR,C-0084,cash
O-906085,2026-09-09,S-01,SKU-5,Coffee,Beverages,5,8.99,GBP,C-0085,card
O-906086,2026-09-10,S-02,SKU-1,Apple,Produce,9,1.50,USD,C-0086,cash
O-906087,2026-09-11,S-03,SKU-2,Bread,Bakery,7,3.00,USD,C-0087,card
O-906088,2026-09-12,S-01,SKU-3,Milk,Dairy,10,2.20,USD,C-0088,cash
O-906089,2026-09-13,S-02,SKU-4,Eggs,Dairy,6,0.35,EUR,C-0089,card
O-906090,2026-09-14,S-03,SKU-5,Coffee,Beverages,10,8.99,GBP,C-0090,cash
O-906091,2026-09-15,S-01,SKU-1,Apple,Produce,5,1.50,USD,C-0091,card
O-906092,2026-09-16,S-02,SKU-2,Bread,Bakery,11,3.00,USD,C-0092,cash
O-906093,2026-09-17,S-03,SKU-3,Milk,Dairy,7,2.20,USD,C-0093,card
O-906094,2026-09-18,S-01,SKU-4,Eggs,Dairy,4,0.35,EUR,C-0094,cash
O-906095,2026-09-19,S-02,SKU-5,Coffee,Beverages,7,8.99,GBP,C-0095,card
O-906096,2026-09-20,S-03,SKU-1,Apple,Produce,9,1.50,USD,C-0096,cash
O-906097,2026-09-21,S-01,SKU-2,Bread,Bakery,9,3.00,USD,C-0097,card
O-906098,2026-09-22,S-02,SKU-3,Milk,Dairy,8,2.20,USD,C-0098,cash
O-906099,2026-09-23,S-03,SKU-4,Eggs,Dairy,3,0.35,EUR,C-0099,card
O-906100,bad-date,S-01,SKU-5,Coffee,Beverages,6,8.99,GBP,C-0100,cash
O-906101,2026-09-25,S-02,SKU-1,Apple,Produce,9,1.50,USD,C-0101,card
O-906102,2026-09-26,S-03,SKU-2,Bread,Bakery,9,3.00,USD,C-0102,cash
O-906103,2026-09-27,S-01,SKU-3,Milk,Dairy,8,2.20,USD,C-0103,card
O-906104,2026-09-28,S-02,SKU-4,Eggs,Dairy,5,0.35,EUR,C-0104,cash
O-906105,2026-09-01,S-03,SKU-5,Coffee,Beverages,5,8.99,GBP,C-0105,card
O-906106,2026-09-02,S-01,SKU-1,Apple,Produce,10,1.50,USD,C-0106,cash
O-906107,2026-09-03,S-02,SKU-2,Bread,Bakery,6,3.00,USD,C-0107,card
O-906108,2026-09-04,S-03,SKU-3,Milk,Dairy,12,2.20,USD,C-0108,cash
O-906109,2026-09-05,S-01,SKU-4,Eggs,Dairy,7,0.35,EUR,C-0109,card
O-906110,2026-09-06,S-02,SKU-5,Coffee,Beverages,12,8.99,GBP,C-0110,cash
O-906111,2026-09-07,S-03,SKU-1,Apple,Produce,3,1.50,USD,C-0111,card
O-906112,2026-09-08,S-01,SKU-2,Bread,Bakery,11,3.00,USD,C-0112,cash
O-906113,2026-09-09,S-02,SKU-3,Milk,Dairy,2,2.20,USD,C-0113,card
O-906114,2026-09-10,S-03,SKU-4,Eggs,Dairy,12,0.35,EUR,C-0114,cash
O-906115,2026-09-11,S-01,SKU-5,Coffee,Beverages,4,8.99,GBP,C-0115,card
O-906116,2026-09-12,S-02,SKU-1,Apple,Produce,8,1.50,USD,C-0116,cash
O-906117,2026-09-13,S-03,SKU-2,Bread,Bakery,12,3.00,USD,C-0117,card
O-906118,2026-09-14,S-01,SKU-3,Milk,Dairy,3,2.20,USD,C-0118,cash
O-906119,2026-09-15,S-02,SKU-4,Eggs,Dairy,2,0.35,EUR,C-0119,card
O-906120,2026-09-16,S-03,SKU-5,Coffee,Beverages,-3,8.99,GBP,C-0120,cash
O-906121,2026-09-17,S-01,SKU-1,Apple,Produce,9,1.50,USD,C-0121,card
O-906122,2026-09-18,S-02,SKU-2,Bread,Bakery,7,3.00,USD,C-0122,cash
O-906123,2026-09-19,S-03,SKU-3,Milk,Dairy,6,2.20,USD,C-0123,card
O-906124,2026-09-20,S-01,SKU-4,Eggs,Dairy,9,0.35,EUR,C-0124,cash
O-906125,2026-09-21,S-02,SKU-5,Coffee,Beverages,10,8.99,GBP,C-0125,card
O-906126,2026-09-22,S-03,SKU-1,Apple,Produce,12,1.50,USD,C-0126,cash
O-906127,2026-09-23,S-01,SKU-2,Bread,Bakery,11,3.00,USD,C-0127,card
O-906128,2026-09-24,S-02,SKU-3,Milk,Dairy,12,2.20,USD,C-0128,cash
O-906129,2026-09-25,S-03,SKU-4,Eggs,Dairy,1,0.35,EUR,C-0129,card
O-906130,2026-09-26,S-01,SKU-5,Coffee,Beverages,3,8.99,GBP,C-0130,cash
O-906131,2026-09-27,S-02,SKU-1,Apple,Produce,7,1.50,USD,C-0131,card
O-906132,2026-09-28,S-03,SKU-2,Bread,Bakery,11,3.00,USD,C-0132,cash
O-906133,2026-09-01,S-01,SKU-3,Milk,Dairy,1,2.20,USD,C-0133,card
O-906134,2026-09-02,S-02,SKU-4,Eggs,Dairy,2,0.35,EUR,C-0134,cash
O-906135,2026-09-03,S-03,SKU-5,Coffee,Beverages,3,8.99,GBP,C-0135,card
O-906136,2026-09-04,S-01,SKU-1,Apple,Produce,8,1.50,USD,C-0136,cash
O-906137,2026-09-05,S-02,SKU-2,Bread,Bakery,10,3.00,USD,C-0137,card
O-906138,2026-09-06,S-03,SKU-3,Milk,Dairy,7,2.20,USD,C-0138,cash
O-906139,2026-09-07,S-01,SKU-4,Eggs,Dairy,2,0.35,EUR,C-0139,card
O-906140,2026-09-08,S-02,SKU-999,Coffee,Beverages,2,8.99,GBP,C-0140,cash
O-906141,2026-09-09,S-03,SKU-1,Apple,Produce,5,1.50,USD,C-0141,card
O-906142,2026-09-10,S-01,SKU-2,Bread,Bakery,4,3.00,USD,C-0142,cash
O-906143,2026-09-11,S-02,SKU-3,Milk,Dairy,6,2.20,USD,C-0143,card
O-906144,2026-09-12,S-03,SKU-4,Eggs,Dairy,2,0.35,EUR,C-0144,cash
O-906145,2026-09-13,S-01,SKU-5,Coffee,Beverages,10,8.99,GBP,C-0145,card
O-906146,2026-09-14,S-02,SKU-1,Apple,Produce,1,1.50,USD,C-0146,cash
O-906147,2026-09-15,S-03,SKU-2,Bread,Bakery,12,3.00,USD,C-0147,card
O-906148,2026-09-16,S-01,SKU-3,Milk,Dairy,7,2.20,USD,C-0148,cash
O-906149,2026-09-17,S-02,SKU-4,Eggs,Dairy,7,0.35,EUR,C-0149,card
O-906150,2026-09-18,S-03,SKU-5,Coffee,Beverages,10,8.99,GBP,C-0150,cash
O-906151,2026-09-19,S-01,SKU-1,Apple,Produce,11,1.50,USD,C-0151,card
O-906152,2026-09-20,S-02,SKU-2,Bread,Bakery,9,3.00,USD,C-0152,cash
O-906153,2026-09-21,S-03,SKU-3,Milk,Dairy,5,2.20,USD,C-0153,card
O-906154,2026-09-22,S-01,SKU-4,Eggs,Dairy,12,0.35,EUR,C-0154,cash
O-906155,2026-09-23,S-02,SKU-5,Coffee,Beverages,10,8.99,GBP,C-0155,card
O-906156,2026-09-24,S-03,SKU-1,Apple,Produce,1,1.50,USD,C-0156,cash
O-906157,2026-09-25,S-01,SKU-2,Bread,Bakery,3,3.00,USD,C-0157,card
O-906158,2026-09-26,S-02,SKU-3,Milk,Dairy,11,2.20,USD,C-0158,cash
O-906159,2026-09-27,S-03,SKU-4,Eggs,Dairy,8,0.35,EUR,C-0159,card
O-906160,2026-09-28,S-01,SKU-5,Coffee,Beverages,8,,GBP,C-0160,cash
O-906161,2026-09-01,S-02,SKU-1,Apple,Produce,1,1.50,USD,C-0161,card
O-906162,2026-09-02,S-03,SKU-2,Bread,Bakery,4,3.00,USD,C-0162,cash
O-906163,2026-09-03,S-01,SKU-3,Milk,Dairy,11,2.20,USD,C-0163,card
O-906164,2026-09-04,S-02,SKU-4,Eggs,Dairy,9,0.35,EUR,C-0164,cash
O-906165,2026-09-05,S-03,SKU-5,Coffee,Beverages,5,8.99,GBP,C-0165,card
O-906166,2026-09-06,S-01,SKU-1,Apple,Produce,4,1.50,USD,C-0166,cash
O-906167,2026-09-07,S-02,SKU-2,Bread,Bakery,1,3.00,USD,C-0167,card
O-906168,2026-09-08,S-03,SKU-3,Milk,Dairy,10,2.20,USD,C-0168,cash
O-906169,2026-09-09,S-01,SKU-4,Eggs,Dairy,9,0.35,EUR,C-0169,card
O-906170,2026-09-10,S-02,SKU-5,Coffee,Beverages,9,8.99,GBP,C-0170,cash
O-906171,2026-09-11,S-03,SKU-1,Apple,Produce,12,1.50,USD,C-0171,card
O-906172,2026-09-12,S-01,SKU-2,Bread,Bakery,4,3.00,USD,C-0172,cash
O-906173,2026-09-13,S-02,SKU-3,Milk,Dairy,10,2.20,USD,C-0173,card
O-906174,2026-09-14,S-03,SKU-4,Eggs,Dairy,3,0.35,EUR,C-0174,cash
O-906175,2026-09-15,S-01,SKU-5,Coffee,Beverages,11,8.99,GBP,C-0175,card
O-906176,2026-09-16,S-02,SKU-1,Apple,Produce,1,1.50,USD,C-0176,cash
O-906177,2026-09-17,S-03,SKU-2,Bread,Bakery,6,3.00,USD,C-0177,card
O-906178,2026-09-18,S-01,SKU-3,Milk,Dairy,4,2.20,USD,C-0178,cash
O-906179,2026-09-19,S-02,SKU-4,Eggs,Dairy,11,0.35,EUR,C-0179,card
,2026-09-20,S-03,SKU-5,Coffee,Beverages,1,8.99,GBP,C-0180,cash
O-906181,2026-09-21,S-01,SKU-1,Apple,Produce,3,1.50,USD,C-0181,card
O-906182,2026-09-22,S-02,SKU-2,Bread,Bakery,2,3.00,USD,C-0182,cash
O-906183,2026-09-23,S-03,SKU-3,Milk,Dairy,5,2.20,USD,C-0183,card
O-906184,2026-09-24,S-01,SKU-4,Eggs,Dairy,7,0.35,EUR,C-0184,cash
O-906185,2026-09-25,S-02,SKU-5,Coffee,Beverages,6,8.99,GBP,C-0185,card
O-906186,2026-09-26,S-03,SKU-1,Apple,Produce,11,1.50,USD,C-0186,cash
O-906187,2026-09-27,S-01,SKU-2,Bread,Bakery,7,3.00,USD,C-0187,card
O-906188,2026-09-28,S-02,SKU-3,Milk,Dairy,7,2.20,USD,C-0188,cash
O-906189,2026-09-01,S-03,SKU-4,Eggs,Dairy,10,0.35,EUR,C-0189,card
O-906190,2026-09-02,S-01,SKU-5,Coffee,Beverages,4,8.99,GBP,C-0190,cash
O-906191,2026-09-03,S-02,SKU-1,Apple,Produce,9,1.50,USD,C-0191,card
O-906192,2026-09-04,S-03,SKU-2,Bread,Bakery,1,3.00,USD,C-0192,cash
O-906193,2026-09-05,S-01,SKU-3,Milk,Dairy,12,2.20,USD,C-0193,card
O-906194,2026-09-06,S-02,SKU-4,Eggs,Dairy,12,0.35,EUR,C-0194,cash
O-906195,2026-09-07,S-03,SKU-5,Coffee,Beverages,2,8.99,GBP,C-0195,card
O-906196,2026-09-08,S-01,SKU-1,Apple,Produce,2,1.50,USD,C-0196,cash
O-906197,2026-09-09,S-02,SKU-2,Bread,Bakery,9,3.00,USD,C-0197,card
O-906198,2026-09-10,S-03,SKU-3,Milk,Dairy,5,2.20,USD,C-0198,cash
O-906199,2026-09-11,S-01,SKU-4,Eggs,Dairy,12,0.35,EUR,C-0199,card
O-906200,2026-09-12,S-02,SKU-5,Coffee,Beverages,9,8.99,XYZ,C-0200,cash
O-906201,2026-09-13,S-03,SKU-1,Apple,Produce,10,1.50,USD,C-0201,card
O-906202,2026-09-14,S-01,SKU-2,Bread,Bakery,6,3.00,USD,C-0202,cash
O-906203,2026-09-15,S-02,SKU-3,Milk,Dairy,6,2.20,USD,C-0203,card
O-906204,2026-09-16,S-03,SKU-4,Eggs,Dairy,5,0.35,EUR,C-0204,cash
O-906205,2026-09-17,S-01,SKU-5,Coffee,Beverages,4,8.99,GBP,C-0205,card
O-906206,2026-09-18,S-02,SKU-1,Apple,Produce,10,1.50,USD,C-0206,cash
O-906207,2026-09-19,S-03,SKU-2,Bread,Bakery,4,3.00,USD,C-0207,card
O-906208,2026-09-20,S-01,SKU-3,Milk,Dairy,8,2.20,USD,C-0208,cash
O-906209,2026-09-21,S-02,SKU-4,Eggs,Dairy,7,0.35,EUR,C-0209,card
O-906210,2026-09-22,S-03,SKU-5,Coffee,Beverages,10,8.99,GBP,C-0210,cash
O-906211,2026-09-23,S-01,SKU-1,Apple,Produce,1,1.50,USD,C-0211,card
O-906212,2026-09-24,S-02,SKU-2,Bread,Bakery,5,3.00,USD,C-0212,cash
O-906213,2026-09-25,S-03,SKU-3,Milk,Dairy,3,2.20,USD,C-0213,card
O-906214,2026-09-26,S-01,SKU-4,Eggs,Dairy,7,0.35,EUR,C-0214,cash
O-906215,2026-09-27,S-02,SKU-5,Coffee,Beverages,9,8.99,GBP,C-0215,card
O-906216,2026-09-28,S-03,SKU-1,Apple,Produce,2,1.50,USD,C-0216,cash
O-906217,2026-09-01,S-01,SKU-2,Bread,Bakery,9,3.00,USD,C-0217,card
O-906218,2026-09-02,S-02,SKU-3,Milk,Dairy,2,2.20,USD,C-0218,cash
O-906219,2026-09-03,S-03,SKU-4,Eggs,Dairy,9,0.35,EUR,C-0219,card
O-906220,2026-09-04,S-01,SKU-5,Coffee,Beverages,5,8.99,GBP,C-0220,bitcoin
O-906221,2026-09-05,S-02,SKU-1,Apple,Produce,6,1.50,USD,C-0221,card
O-906222,2026-09-06,S-03,SKU-2,Bread,Bakery,2,3.00,USD,C-0222,cash
O-906223,2026-09-07,S-01,SKU-3,Milk,Dairy,9,2.20,USD,C-0223,card
O-906224,2026-09-08,S-02,SKU-4,Eggs,Dairy,5,0.35,EUR,C-0224,cash
O-906225,2026-09-09,S-03,SKU-5,Coffee,Beverages,9,8.99,GBP,C-0225,card
O-906226,2026-09-10,S-01,SKU-1,Apple,Produce,10,1.50,USD,C-0226,cash
O-906227,2026-09-11,S-02,SKU-2,Bread,Bakery,5,3.00,USD,C-0227,card
O-906228,2026-09-12,S-03,SKU-3,Milk,Dairy,12,2.20,USD,C-0228,cash
O-906229,2026-09-13,S-01,SKU-4,Eggs,Dairy,8,0.35,EUR,C-0229,card
O-906230,2026-09-14,S-02,SKU-5,Coffee,Beverages,7,8.99,GBP,C-0230,cash
O-906231,2026-09-15,S-03,SKU-1,Apple,Produce,10,1.50,USD,C-0231,card
O-906232,2026-09-16,S-01,SKU-2,Bread,Bakery,8,3.00,USD,C-0232,cash
O-906233,2026-09-17,S-02,SKU-3,Milk,Dairy,4,2.20,USD,C-0233,card
O-906234,2026-09-18,S-03,SKU-4,Eggs,Dairy,6,0.35,EUR,C-0234,cash
O-906235,2026-09-19,S-01,SKU-5,Coffee,Beverages,8,8.99,GBP,C-0235,card
O-906236,2026-09-20,S-02,SKU-1,Apple,Produce,11,1.50,USD,C-0236,cash
O-906237,2026-09-21,S-03,SKU-2,Bread,Bakery,8,3.00,USD,C-0237,card
O-906238,2026-09-22,S-01,SKU-3,Milk,Dairy,10,2.20,USD,C-0238,cash
O-906239,2026-09-23,S-02,SKU-4,Eggs,Dairy,1,0.35,EUR,C-0239,card
O-906240,2026-09-24,S-03,SKU-5,Coffee,Beverages,0,8.99,GBP,C-0240,cash
O-906241,2026-09-25,S-01,SKU-1,Apple,Produce,2,1.50,USD,C-0241,card
O-906242,2026-09-26,S-02,SKU-2,Bread,Bakery,5,3.00,USD,C-0242,cash
O-906243,2026-09-27,S-03,SKU-3,Milk,Dairy,2,2.20,USD,C-0243,card
O-906244,2026-09-28,S-01,SKU-4,Eggs,Dairy,7,0.35,EUR,C-0244,cash
O-906245,2026-09-01,S-02,SKU-5,Coffee,Beverages,11,8.99,GBP,C-0245,card
O-906246,2026-09-02,S-03,SKU-1,Apple,Produce,4,1.50,USD,C-0246,cash
O-906247,2026-09-03,S-01,SKU-2,Bread,Bakery,11,3.00,USD,C-0247,card
O-906248,2026-09-04,S-02,SKU-3,Milk,Dairy,12,2.20,USD,C-0248,cash
O-906249,2026-09-05,S-03,SKU-4,Eggs,Dairy,4,0.35,EUR,C-0249,card
O-906250,2026-09-06,S-01,SKU-5,Coffee,Beverages,6,8.99,GBP,C-0250,cash
O-906251,2026-09-07,S-02,SKU-1,Apple,Produce,7,1.50,USD,C-0251,card
O-906252,2026-09-08,S-03,SKU-2,Bread,Bakery,6,3.00,USD,C-0252,cash
O-906253,2026-09-09,S-01,SKU-3,Milk,Dairy,9,2.20,USD,C-0253,card
O-906254,2026-09-10,S-02,SKU-4,Eggs,Dairy,9,0.35,EUR,C-0254,cash
O-906255,2026-09-11,S-03,SKU-5,Coffee,Beverages,1,8.99,GBP,C-0255,card
O-906256,2026-09-12,S-01,SKU-1,Apple,Produce,12,1.50,USD,C-0256,cash
O-906257,2026-09-13,S-02,SKU-2,Bread,Bakery,5,3.00,USD,C-0257,card
O-906258,2026-09-14,S-03,SKU-3,Milk,Dairy,4,2.20,USD,C-0258,cash
O-906259,2026-09-15,S-01,SKU-4,Eggs,Dairy,5,0.35,EUR,C-0259,card
O-906260,bad-date,S-02,SKU-5,Coffee,Beverages,2,8.99,GBP,C-0260,cash
O-906261,2026-09-17,S-03,SKU-1,Apple,Produce,7,1.50,USD,C-0261,card
O-906262,2026-09-18,S-01,SKU-2,Bread,Bakery,11,3.00,USD,C-0262,cash
O-906263,2026-09-19,S-02,SKU-3,Milk,Dairy,12,2.20,USD,C-0263,card
O-906264,2026-09-20,S-03,SKU-4,Eggs,Dairy,6,0.35,EUR,C-0264,cash
O-906265,2026-09-21,S-01,SKU-5,Coffee,Beverages,2,8.99,GBP,C-0265,card
O-906266,2026-09-22,S-02,SKU-1,Apple,Produce,9,1.50,USD,C-0266,cash
O-906267,2026-09-23,S-03,SKU-2,Bread,Bakery,3,3.00,USD,C-0267,card
O-906268,2026-09-24,S-01,SKU-3,Milk,Dairy,8,2.20,USD,C-0268,cash
O-906269,2026-09-25,S-02,SKU-4,Eggs,Dairy,6,0.35,EUR,C-0269,card
O-906270,2026-09-26,S-03,SKU-5,Coffee,Beverages,6,8.99,GBP,C-0270,cash
O-906271,2026-09-27,S-01,SKU-1,Apple,Produce,4,1.50,USD,C-0271,card
O-906272,2026-09-28,S-02,SKU-2,Bread,Bakery,10,3.00,USD,C-0272,cash
O-906273,2026-09-01,S-03,SKU-3,Milk,Dairy,5,2.20,USD,C-0273,card
O-906274,2026-09-02,S-01,SKU-4,Eggs,Dairy,3,0.35,EUR,C-0274,cash
O-906275,2026-09-03,S-02,SKU-5,Coffee,Beverages,12,8.99,GBP,C-0275,card
O-906276,2026-09-04,S-03,SKU-1,Apple,Produce,11,1.50,USD,C-0276,cash
O-906277,2026-09-05,S-01,SKU-2,Bread,Bakery,4,3.00,USD,C-0277,card
O-906278,2026-09-06,S-02,SKU-3,Milk,Dairy,8,2.20,USD,C-0278,cash
O-906279,2026-09-07,S-03,SKU-4,Eggs,Dairy,12,0.35,EUR,C-0279,card
O-906280,2026-09-08,S-01,SKU-5,Coffee,Beverages,-3,8.99,GBP,C-0280,cash
O-906281,2026-09-09,S-02,SKU-1,Apple,Produce,4,1.50,USD,C-0281,card
O-906282,2026-09-10,S-03,SKU-2,Bread,Bakery,12,3.00,USD,C-0282,cash
O-906283,2026-09-11,S-01,SKU-3,Milk,Dairy,4,2.20,USD,C-0283,card
O-906284,2026-09-12,S-02,SKU-4,Eggs,Dairy,5,0.35,EUR,C-0284,cash
O-906285,2026-09-13,S-03,SKU-5,Coffee,Beverages,4,8.99,GBP,C-0285,card
O-906286,2026-09-14,S-01,SKU-1,Apple,Produce,4,1.50,USD,C-0286,cash
O-906287,2026-09-15,S-02,SKU-2,Bread,Bakery,4,3.00,USD,C-0287,card
O-906288,2026-09-16,S-03,SKU-3,Milk,Dairy,4,2.20,USD,C-0288,cash
O-906289,2026-09-17,S-01,SKU-4,Eggs,Dairy,10,0.35,EUR,C-0289,card
O-906290,2026-09-18,S-02,SKU-5,Coffee,Beverages,6,8.99,GBP,C-0290,cash
O-906291,2026-09-19,S-03,SKU-1,Apple,Produce,3,1.50,USD,C-0291,card
O-906292,2026-09-20,S-01,SKU-2,Bread,Bakery,2,3.00,USD,C-0292,cash
O-906293,2026-09-21,S-02,SKU-3,Milk,Dairy,2,2.20,USD,C-0293,card
O-906294,2026-09-22,S-03,SKU-4,Eggs,Dairy,2,0.35,EUR,C-0294,cash
O-906295,2026-09-23,S-01,SKU-5,Coffee,Beverages,11,8.99,GBP,C-0295,card
O-906296,2026-09-24,S-02,SKU-1,Apple,Produce,11,1.50,USD,C-0296,cash
O-906297,2026-09-25,S-03,SKU-2,Bread,Bakery,8,3.00,USD,C-0297,card
O-906298,2026-09-26,S-01,SKU-3,Milk,Dairy,10,2.20,USD,C-0298,cash
O-906299,2026-09-27,S-02,SKU-4,Eggs,Dairy,1,0.35,EUR,C-0299,card
O-906300,2026-09-28,S-03,SKU-999,Coffee,Beverages,9,8.99,GBP,C-0300,cash
O-906301,2026-09-01,S-01,SKU-1,Apple,Produce,1,1.50,USD,C-0301,card
O-906302,2026-09-02,S-02,SKU-2,Bread,Bakery,8,3.00,USD,C-0302,cash
O-906303,2026-09-03,S-03,SKU-3,Milk,Dairy,6,2.20,USD,C-0303,card
O-906304,2026-09-04,S-01,SKU-4,Eggs,Dairy,10,0.35,EUR,C-0304,cash
O-906305,2026-09-05,S-02,SKU-5,Coffee,Beverages,6,8.99,GBP,C-0305,card
O-906306,2026-09-06,S-03,SKU-1,Apple,Produce,8,1.50,USD,C-0306,cash
O-906307,2026-09-07,S-01,SKU-2,Bread,Bakery,10,3.00,USD,C-0307,card
O-906308,2026-09-08,S-02,SKU-3,Milk,Dairy,5,2.20,USD,C-0308,cash
O-906309,2026-09-09,S-03,SKU-4,Eggs,Dairy,8,0.35,EUR,C-0309,card
O-906310,2026-09-10,S-01,SKU-5,Coffee,Beverages,3,8.99,GBP,C-0310,cash
O-906311,2026-09-11,S-02,SKU-1,Apple,Produce,9,1.50,USD,C-0311,card
O-906312,2026-09-12,S-03,SKU-2,Bread,Bakery,5,3.00,USD,C-0312,cash
O-906313,2026-09-13,S-01,SKU-3,Milk,Dairy,7,2.20,USD,C-0313,card
O-906314,2026-09-14,S-02,SKU-4,Eggs,Dairy,4,0.35,EUR,C-0314,cash
O-906315,2026-09-15,S-03,SKU-5,Coffee,Beverages,10,8.99,GBP,C-0315,card
O-906316,2026-09-16,S-01,SKU-1,Apple,Produce,3,1.50,USD,C-0316,cash
O-906317,2026-09-17,S-02,SKU-2,Bread,Bakery,1,3.00,USD,C-0317,card
O-906318,2026-09-18,S-03,SKU-3,Milk,Dairy,9,2.20,USD,C-0318,cash
O-906319,2026-09-19,S-01,SKU-4,Eggs,Dairy,7,0.35,EUR,C-0319,card
O-906320,2026-09-20,S-02,SKU-5,Coffee,Beverages,8,,GBP,C-0320,cash
O-906321,2026-09-21,S-03,SKU-1,Apple,Produce,9,1.50,USD,C-0321,card
O-906322,2026-09-22,S-01,SKU-2,Bread,Bakery,1,3.00,USD,C-0322,cash
O-906323,2026-09-23,S-02,SKU-3,Milk,Dairy,9,2.20,USD,C-0323,card
O-906324,2026-09-24,S-03,SKU-4,Eggs,Dairy,6,0.35,EUR,C-0324,cash
O-906325,2026-09-25,S-01,SKU-5,Coffee,Beverages,7,8.99,GBP,C-0325,card
O-906326,2026-09-26,S-02,SKU-1,Apple,Produce,11,1.50,USD,C-0326,cash
O-906327,2026-09-27,S-03,SKU-2,Bread,Bakery,3,3.00,USD,C-0327,card
O-906328,2026-09-28,S-01,SKU-3,Milk,Dairy,8,2.20,USD,C-0328,cash
O-906329,2026-09-01,S-02,SKU-4,Eggs,Dairy,2,0.35,EUR,C-0329,card
O-906330,2026-09-02,S-03,SKU-5,Coffee,Beverages,12,8.99,GBP,C-0330,cash
O-906331,2026-09-03,S-01,SKU-1,Apple,Produce,9,1.50,USD,C-0331,card
O-906332,2026-09-04,S-02,SKU-2,Bread,Bakery,8,3.00,USD,C-0332,cash
O-906333,2026-09-05,S-03,SKU-3,Milk,Dairy,6,2.20,USD,C-0333,card
O-906334,2026-09-06,S-01,SKU-4,Eggs,Dairy,12,0.35,EUR,C-0334,cash
O-906335,2026-09-07,S-02,SKU-5,Coffee,Beverages,1,8.99,GBP,C-0335,card
O-906336,2026-09-08,S-03,SKU-1,Apple,Produce,1,1.50,USD,C-0336,cash
O-906337,2026-09-09,S-01,SKU-2,Bread,Bakery,11,3.00,USD,C-0337,card
O-906338,2026-09-10,S-02,SKU-3,Milk,Dairy,4,2.20,USD,C-0338,cash
O-906339,2026-09-11,S-03,SKU-4,Eggs,Dairy,7,0.35,EUR,C-0339,card
,2026-09-12,S-01,SKU-5,Coffee,Beverages,10,8.99,GBP,C-0340,cash
O-906341,2026-09-13,S-02,SKU-1,Apple,Produce,2,1.50,USD,C-0341,card
O-906342,2026-09-14,S-03,SKU-2,Bread,Bakery,6,3.00,USD,C-0342,cash
O-906343,2026-09-15,S-01,SKU-3,Milk,Dairy,6,2.20,USD,C-0343,card
O-906344,2026-09-16,S-02,SKU-4,Eggs,Dairy,10,0.35,EUR,C-0344,cash
O-906345,2026-09-17,S-03,SKU-5,Coffee,Beverages,5,8.99,GBP,C-0345,card
O-906346,2026-09-18,S-01,SKU-1,Apple,Produce,3,1.50,USD,C-0346,cash
O-906347,2026-09-19,S-02,SKU-2,Bread,Bakery,9,3.00,USD,C-0347,card
O-906348,2026-09-20,S-03,SKU-3,Milk,Dairy,5,2.20,USD,C-0348,cash
O-906349,2026-09-21,S-01,SKU-4,Eggs,Dairy,4,0.35,EUR,C-0349,card
O-906350,2026-09-22,S-02,SKU-5,Coffee,Beverages,5,8.99,GBP,C-0350,cash
O-906351,2026-09-23,S-03,SKU-1,Apple,Produce,8,1.50,USD,C-0351,card
O-906352,2026-09-24,S-01,SKU-2,Bread,Bakery,10,3.00,USD,C-0352,cash
O-906353,2026-09-25,S-02,SKU-3,Milk,Dairy,6,2.20,USD,C-0353,card
O-906354,2026-09-26,S-03,SKU-4,Eggs,Dairy,6,0.35,EUR,C-0354,cash
O-906355,2026-09-27,S-01,SKU-5,Coffee,Beverages,3,8.99,GBP,C-0355,card
O-906356,2026-09-28,S-02,SKU-1,Apple,Produce,8,1.50,USD,C-0356,cash
O-906357,2026-09-01,S-03,SKU-2,Bread,Bakery,7,3.00,USD,C-0357,card
O-906358,2026-09-02,S-01,SKU-3,Milk,Dairy,4,2.20,USD,C-0358,cash
O-906359,2026-09-03,S-02,SKU-4,Eggs,Dairy,7,0.35,EUR,C-0359,card
O-906360,2026-09-04,S-03,SKU-5,Coffee,Beverages,12,8.99,XYZ,C-0360,cash
O-906361,2026-09-05,S-01,SKU-1,Apple,Produce,6,1.50,USD,C-0361,card
O-906362,2026-09-06,S-02,SKU-2,Bread,Bakery,6,3.00,USD,C-0362,cash
O-906363,2026-09-07,S-03,SKU-3,Milk,Dairy,7,2.20,USD,C-0363,card
O-906364,2026-09-08,S-01,SKU-4,Eggs,Dairy,5,0.35,EUR,C-0364,cash
O-906365,2026-09-09,S-02,SKU-5,Coffee,Beverages,8,8.99,GBP,C-0365,card
O-906366,2026-09-10,S-03,SKU-1,Apple,Produce,3,1.50,USD,C-0366,cash
O-906367,2026-09-11,S-01,SKU-2,Bread,Bakery,10,3.00,USD,C-0367,card
O-906368,2026-09-12,S-02,SKU-3,Milk,Dairy,3,2.20,USD,C-0368,cash
O-906369,2026-09-13,S-03,SKU-4,Eggs,Dairy,10,0.35,EUR,C-0369,card
O-906370,2026-09-14,S-01,SKU-5,Coffee,Beverages,11,8.99,GBP,C-0370,cash
O-906371,2026-09-15,S-02,SKU-1,Apple,Produce,4,1.50,USD,C-0371,card
O-906372,2026-09-16,S-03,SKU-2,Bread,Bakery,2,3.00,USD,C-0372,cash
O-906373,2026-09-17,S-01,SKU-3,Milk,Dairy,12,2.20,USD,C-0373,card
O-906374,2026-09-18,S-02,SKU-4,Eggs,Dairy,5,0.35,EUR,C-0374,cash
O-906375,2026-09-19,S-03,SKU-5,Coffee,Beverages,4,8.99,GBP,C-0375,card
O-906376,2026-09-20,S-01,SKU-1,Apple,Produce,9,1.50,USD,C-0376,cash
O-906377,2026-09-21,S-02,SKU-2,Bread,Bakery,7,3.00,USD,C-0377,card
O-906378,2026-09-22,S-03,SKU-3,Milk,Dairy,7,2.20,USD,C-0378,cash
O-906379,2026-09-23,S-01,SKU-4,Eggs,Dairy,4,0.35,EUR,C-0379,card
O-906380,2026-09-24,S-02,SKU-5,Coffee,Beverages,3,8.99,GBP,C-0380,bitcoin
O-906381,2026-09-25,S-03,SKU-1,Apple,Produce,12,1.50,USD,C-0381,card
O-906382,2026-09-26,S-01,SKU-2,Bread,Bakery,3,3.00,USD,C-0382,cash
O-906383,2026-09-27,S-02,SKU-3,Milk,Dairy,8,2.20,USD,C-0383,card
O-906384,2026-09-28,S-03,SKU-4,Eggs,Dairy,1,0.35,EUR,C-0384,cash
O-906385,2026-09-01,S-01,SKU-5,Coffee,Beverages,3,8.99,GBP,C-0385,card
O-906386,2026-09-02,S-02,SKU-1,Apple,Produce,7,1.50,USD,C-0386,cash
O-906387,2026-09-03,S-03,SKU-2,Bread,Bakery,8,3.00,USD,C-0387,card
O-906388,2026-09-04,S-01,SKU-3,Milk,Dairy,3,2.20,USD,C-0388,cash
O-906389,2026-09-05,S-02,SKU-4,Eggs,Dairy,11,0.35,EUR,C-0389,card
O-906390,2026-09-06,S-03,SKU-5,Coffee,Beverages,9,8.99,GBP,C-0390,cash
O-906391,2026-09-07,S-01,SKU-1,Apple,Produce,9,1.50,USD,C-0391,card
O-906392,2026-09-08,S-02,SKU-2,Bread,Bakery,12,3.00,USD,C-0392,cash
O-906393,2026-09-09,S-03,SKU-3,Milk,Dairy,6,2.20,USD,C-0393,card
O-906394,2026-09-10,S-01,SKU-4,Eggs,Dairy,8,0.35,EUR,C-0394,cash
O-906395,2026-09-11,S-02,SKU-5,Coffee,Beverages,5,8.99,GBP,C-0395,card
O-906396,2026-09-12,S-03,SKU-1,Apple,Produce,5,1.50,USD,C-0396,cash
O-906397,2026-09-13,S-01,SKU-2,Bread,Bakery,9,3.00,USD,C-0397,card
O-906398,2026-09-14,S-02,SKU-3,Milk,Dairy,10,2.20,USD,C-0398,cash
O-906399,2026-09-15,S-03,SKU-4,Eggs,Dairy,1,0.35,EUR,C-0399,card
O-906400,2026-09-16,S-01,SKU-5,Coffee,Beverages,0,8.99,GBP,C-0400,cash
O-906401,2026-09-17,S-02,SKU-1,Apple,Produce,2,1.50,USD,C-0401,card
O-906402,2026-09-18,S-03,SKU-2,Bread,Bakery,12,3.00,USD,C-0402,cash
O-906403,2026-09-19,S-01,SKU-3,Milk,Dairy,3,2.20,USD,C-0403,card
O-906404,2026-09-20,S-02,SKU-4,Eggs,Dairy,1,0.35,EUR,C-0404,cash
O-906405,2026-09-21,S-03,SKU-5,Coffee,Beverages,4,8.99,GBP,C-0405,card
O-906406,2026-09-22,S-01,SKU-1,Apple,Produce,5,1.50,USD,C-0406,cash
O-906407,2026-09-23,S-02,SKU-2,Bread,Bakery,8,3.00,USD,C-0407,card
O-906408,2026-09-24,S-03,SKU-3,Milk,Dairy,11,2.20,USD,C-0408,cash
O-906409,2026-09-25,S-01,SKU-4,Eggs,Dairy,2,0.35,EUR,C-0409,card
O-906410,2026-09-26,S-02,SKU-5,Coffee,Beverages,8,8.99,GBP,C-0410,cash
O-906411,2026-09-27,S-03,SKU-1,Apple,Produce,12,1.50,USD,C-0411,card
O-906412,2026-09-28,S-01,SKU-2,Bread,Bakery,6,3.00,USD,C-0412,cash
O-906413,2026-09-01,S-02,SKU-3,Milk,Dairy,5,2.20,USD,C-0413,card
O-906414,2026-09-02,S-03,SKU-4,Eggs,Dairy,6,0.35,EUR,C-0414,cash
O-906415,2026-09-03,S-01,SKU-5,Coffee,Beverages,6,8.99,GBP,C-0415,card
O-906416,2026-09-04,S-02,SKU-1,Apple,Produce,9,1.50,USD,C-0416,cash
O-906417,2026-09-05,S-03,SKU-2,Bread,Bakery,9,3.00,USD,C-0417,card
O-906418,2026-09-06,S-01,SKU-3,Milk,Dairy,5,2.20,USD,C-0418,cash
O-906419,2026-09-07,S-02,SKU-4,Eggs,Dairy,6,0.35,EUR,C-0419,card
O-906420,bad-date,S-03,SKU-5,Coffee,Beverages,1,8.99,GBP,C-0420,cash
O-906421,2026-09-09,S-01,SKU-1,Apple,Produce,7,1.50,USD,C-0421,card
O-906422,2026-09-10,S-02,SKU-2,Bread,Bakery,2,3.00,USD,C-0422,cash
O-906423,2026-09-11,S-03,SKU-3,Milk,Dairy,6,2.20,USD,C-0423,card
O-906424,2026-09-12,S-01,SKU-4,Eggs,Dairy,11,0.35,EUR,C-0424,cash
O-906425,2026-09-13,S-02,SKU-5,Coffee,Beverages,10,8.99,GBP,C-0425,card
O-906426,2026-09-14,S-03,SKU-1,Apple,Produce,4,1.50,USD,C-0426,cash
O-906427,2026-09-15,S-01,SKU-2,Bread,Bakery,10,3.00,USD,C-0427,card
O-906428,2026-09-16,S-02,SKU-3,Milk,Dairy,10,2.20,USD,C-0428,cash
O-906429,2026-09-17,S-03,SKU-4,Eggs,Dairy,11,0.35,EUR,C-0429,card
O-906430,2026-09-18,S-01,SKU-5,Coffee,Beverages,11,8.99,GBP,C-0430,cash
O-906431,2026-09-19,S-02,SKU-1,Apple,Produce,9,1.50,USD,C-0431,card
O-906432,2026-09-20,S-03,SKU-2,Bread,Bakery,3,3.00,USD,C-0432,cash
O-906433,2026-09-21,S-01,SKU-3,Milk,Dairy,5,2.20,USD,C-0433,card
O-906434,2026-09-22,S-02,SKU-4,Eggs,Dairy,6,0.35,EUR,C-0434,cash
O-906435,2026-09-23,S-03,SKU-5,Coffee,Beverages,6,8.99,GBP,C-0435,card
O-906436,2026-09-24,S-01,SKU-1,Apple,Produce,11,1.50,USD,C-0436,cash
O-906437,2026-09-25,S-02,SKU-2,Bread,Bakery,9,3.00,USD,C-0437,card
O-906438,2026-09-26,S-03,SKU-3,Milk,Dairy,8,2.20,USD,C-0438,cash
O-906439,2026-09-27,S-01,SKU-4,Eggs,Dairy,12,0.35,EUR,C-0439,card
O-906440,2026-09-28,S-02,SKU-5,Coffee,Beverages,-3,8.99,GBP,C-0440,cash
O-906441,2026-09-01,S-03,SKU-1,Apple,Produce,2,1.50,USD,C-0441,card
O-906442,2026-09-02,S-01,SKU-2,Bread,Bakery,7,3.00,USD,C-0442,cash
O-906443,2026-09-03,S-02,SKU-3,Milk,Dairy,10,2.20,USD,C-0443,card
O-906444,2026-09-04,S-03,SKU-4,Eggs,Dairy,5,0.35,EUR,C-0444,cash
O-906445,2026-09-05,S-01,SKU-5,Coffee,Beverages,8,8.99,GBP,C-0445,card
O-906446,2026-09-06,S-02,SKU-1,Apple,Produce,11,1.50,USD,C-0446,cash
O-906447,2026-09-07,S-03,SKU-2,Bread,Bakery,3,3.00,USD,C-0447,card
O-906448,2026-09-08,S-01,SKU-3,Milk,Dairy,3,2.20,USD,C-0448,cash
O-906449,2026-09-09,S-02,SKU-4,Eggs,Dairy,11,0.35,EUR,C-0449,card
O-906450,2026-09-10,S-03,SKU-5,Coffee,Beverages,6,8.99,GBP,C-0450,cash
O-906451,2026-09-11,S-01,SKU-1,Apple,Produce,7,1.50,USD,C-0451,card
O-906452,2026-09-12,S-02,SKU-2,Bread,Bakery,11,3.00,USD,C-0452,cash
O-906453,2026-09-13,S-03,SKU-3,Milk,Dairy,10,2.20,USD,C-0453,card
O-906454,2026-09-14,S-01,SKU-4,Eggs,Dairy,10,0.35,EUR,C-0454,cash
O-906455,2026-09-15,S-02,SKU-5,Coffee,Beverages,7,8.99,GBP,C-0455,card
O-906456,2026-09-16,S-03,SKU-1,Apple,Produce,2,1.50,USD,C-0456,cash
O-906457,2026-09-17,S-01,SKU-2,Bread,Bakery,2,3.00,USD,C-0457,card
O-906458,2026-09-18,S-02,SKU-3,Milk,Dairy,3,2.20,USD,C-0458,cash
O-906459,2026-09-19,S-03,SKU-4,Eggs,Dairy,6,0.35,EUR,C-0459,card
O-906460,2026-09-20,S-01,SKU-999,Coffee,Beverages,4,8.99,GBP,C-0460,cash
O-906461,2026-09-21,S-02,SKU-1,Apple,Produce,6,1.50,USD,C-0461,card
O-906462,2026-09-22,S-03,SKU-2,Bread,Bakery,6,3.00,USD,C-0462,cash
O-906463,2026-09-23,S-01,SKU-3,Milk,Dairy,11,2.20,USD,C-0463,card
O-906464,2026-09-24,S-02,SKU-4,Eggs,Dairy,5,0.35,EUR,C-0464,cash
O-906465,2026-09-25,S-03,SKU-5,Coffee,Beverages,12,8.99,GBP,C-0465,card
O-906466,2026-09-26,S-01,SKU-1,Apple,Produce,5,1.50,USD,C-0466,cash
O-906467,2026-09-27,S-02,SKU-2,Bread,Bakery,10,3.00,USD,C-0467,card
O-906468,2026-09-28,S-03,SKU-3,Milk,Dairy,11,2.20,USD,C-0468,cash
O-906469,2026-09-01,S-01,SKU-4,Eggs,Dairy,7,0.35,EUR,C-0469,card
O-906470,2026-09-02,S-02,SKU-5,Coffee,Beverages,5,8.99,GBP,C-0470,cash
O-906471,2026-09-03,S-03,SKU-1,Apple,Produce,8,1.50,USD,C-0471,card
O-906472,2026-09-04,S-01,SKU-2,Bread,Bakery,6,3.00,USD,C-0472,cash
O-906473,2026-09-05,S-02,SKU-3,Milk,Dairy,12,2.20,USD,C-0473,card
O-906474,2026-09-06,S-03,SKU-4,Eggs,Dairy,10,0.35,EUR,C-0474,cash
O-906475,2026-09-07,S-01,SKU-5,Coffee,Beverages,9,8.99,GBP,C-0475,card
O-906476,2026-09-08,S-02,SKU-1,Apple,Produce,8,1.50,USD,C-0476,cash
O-906477,2026-09-09,S-03,SKU-2,Bread,Bakery,7,3.00,USD,C-0477,card
O-906478,2026-09-10,S-01,SKU-3,Milk,Dairy,3,2.20,USD,C-0478,cash
O-906479,2026-09-11,S-02,SKU-4,Eggs,Dairy,3,0.35,EUR,C-0479,card
O-906480,2026-09-12,S-03,SKU-5,Coffee,Beverages,1,,GBP,C-0480,cash
O-906481,2026-09-13,S-01,SKU-1,Apple,Produce,3,1.50,USD,C-0481,card
O-906482,2026-09-14,S-02,SKU-2,Bread,Bakery,12,3.00,USD,C-0482,cash
O-906483,2026-09-15,S-03,SKU-3,Milk,Dairy,4,2.20,USD,C-0483,card
O-906484,2026-09-16,S-01,SKU-4,Eggs,Dairy,11,0.35,EUR,C-0484,cash
O-906485,2026-09-17,S-02,SKU-5,Coffee,Beverages,5,8.99,GBP,C-0485,card
O-906486,2026-09-18,S-03,SKU-1,Apple,Produce,12,1.50,USD,C-0486,cash
O-906487,2026-09-19,S-01,SKU-2,Bread,Bakery,12,3.00,USD,C-0487,card
O-906488,2026-09-20,S-02,SKU-3,Milk,Dairy,12,2.20,USD,C-0488,cash
O-906489,2026-09-21,S-03,SKU-4,Eggs,Dairy,2,0.35,EUR,C-0489,card
O-906490,2026-09-22,S-01,SKU-5,Coffee,Beverages,4,8.99,GBP,C-0490,cash
O-906491,2026-09-23,S-02,SKU-1,Apple,Produce,3,1.50,USD,C-0491,card
O-906492,2026-09-24,S-03,SKU-2,Bread,Bakery,7,3.00,USD,C-0492,cash
O-906493,2026-09-25,S-01,SKU-3,Milk,Dairy,2,2.20,USD,C-0493,card
O-906494,2026-09-26,S-02,SKU-4,Eggs,Dairy,2,0.35,EUR,C-0494,cash
O-906495,2026-09-27,S-03,SKU-5,Coffee,Beverages,2,8.99,GBP,C-0495,card
O-906496,2026-09-28,S-01,SKU-1,Apple,Produce,8,1.50,USD,C-0496,cash
O-906497,2026-09-01,S-02,SKU-2,Bread,Bakery,9,3.00,USD,C-0497,card
O-906498,2026-09-02,S-03,SKU-3,Milk,Dairy,1,2.20,USD,C-0498,cash
O-906499,2026-09-03,S-01,SKU-4,Eggs,Dairy,1,0.35,EUR,C-0499,card
,2026-09-04,S-02,SKU-5,Coffee,Beverages,7,8.99,GBP,C-0500,cash
O-906501,2026-09-05,S-03,SKU-1,Apple,Produce,9,1.50,USD,C-0001,card
O-906502,2026-09-06,S-01,SKU-2,Bread,Bakery,2,3.00,USD,C-0002,cash
O-906503,2026-09-07,S-02,SKU-3,Milk,Dairy,2,2.20,USD,C-0003,card
O-906504,2026-09-08,S-03,SKU-4,Eggs,Dairy,5,0.35,EUR,C-0004,cash
O-906505,2026-09-09,S-01,SKU-5,Coffee,Beverages,10,8.99,GBP,C-0005,card
O-906506,2026-09-10,S-02,SKU-1,Apple,Produce,3,1.50,USD,C-0006,cash
O-906507,2026-09-11,S-03,SKU-2,Bread,Bakery,2,3.00,USD,C-0007,card
O-906508,2026-09-12,S-01,SKU-3,Milk,Dairy,11,2.20,USD,C-0008,cash
O-906509,2026-09-13,S-02,SKU-4,Eggs,Dairy,7,0.35,EUR,C-0009,card
O-906510,2026-09-14,S-03,SKU-5,Coffee,Beverages,5,8.99,GBP,C-0010,cash
O-906511,2026-09-15,S-01,SKU-1,Apple,Produce,4,1.50,USD,C-0011,card
O-906512,2026-09-16,S-02,SKU-2,Bread,Bakery,4,3.00,USD,C-0012,cash
O-906513,2026-09-17,S-03,SKU-3,Milk,Dairy,12,2.20,USD,C-0013,card
O-906514,2026-09-18,S-01,SKU-4,Eggs,Dairy,5,0.35,EUR,C-0014,cash
O-906515,2026-09-19,S-02,SKU-5,Coffee,Beverages,8,8.99,GBP,C-0015,card
O-906516,2026-09-20,S-03,SKU-1,Apple,Produce,11,1.50,USD,C-0016,cash
O-906517,2026-09-21,S-01,SKU-2,Bread,Bakery,3,3.00,USD,C-0017,card
O-906518,2026-09-22,S-02,SKU-3,Milk,Dairy,3,2.20,USD,C-0018,cash
O-906519,2026-09-23,S-03,SKU-4,Eggs,Dairy,9,0.35,EUR,C-0019,card
O-906520,2026-09-24,S-01,SKU-5,Coffee,Beverages,3,8.99,XYZ,C-0020,cash
O-906521,2026-09-25,S-02,SKU-1,Apple,Produce,1,1.50,USD,C-0021,card
O-906522,2026-09-26,S-03,SKU-2,Bread,Bakery,1,3.00,USD,C-0022,cash
O-906523,2026-09-27,S-01,SKU-3,Milk,Dairy,11,2.20,USD,C-0023,card
O-906524,2026-09-28,S-02,SKU-4,Eggs,Dairy,6,0.35,EUR,C-0024,cash
O-906525,2026-09-01,S-03,SKU-5,Coffee,Beverages,6,8.99,GBP,C-0025,card
O-906526,2026-09-02,S-01,SKU-1,Apple,Produce,8,1.50,USD,C-0026,cash
O-906527,2026-09-03,S-02,SKU-2,Bread,Bakery,8,3.00,USD,C-0027,card
O-906528,2026-09-04,S-03,SKU-3,Milk,Dairy,9,2.20,USD,C-0028,cash
O-906529,2026-09-05,S-01,SKU-4,Eggs,Dairy,5,0.35,EUR,C-0029,card
O-906530,2026-09-06,S-02,SKU-5,Coffee,Beverages,9,8.99,GBP,C-0030,cash
O-906531,2026-09-07,S-03,SKU-1,Apple,Produce,8,1.50,USD,C-0031,card
O-906532,2026-09-08,S-01,SKU-2,Bread,Bakery,3,3.00,USD,C-0032,cash
O-906533,2026-09-09,S-02,SKU-3,Milk,Dairy,12,2.20,USD,C-0033,card
O-906534,2026-09-10,S-03,SKU-4,Eggs,Dairy,9,0.35,EUR,C-0034,cash
O-906535,2026-09-11,S-01,SKU-5,Coffee,Beverages,3,8.99,GBP,C-0035,card
O-906536,2026-09-12,S-02,SKU-1,Apple,Produce,10,1.50,USD,C-0036,cash
O-906537,2026-09-13,S-03,SKU-2,Bread,Bakery,10,3.00,USD,C-0037,card
O-906538,2026-09-14,S-01,SKU-3,Milk,Dairy,8,2.20,USD,C-0038,cash
O-906539,2026-09-15,S-02,SKU-4,Eggs,Dairy,11,0.35,EUR,C-0039,card
O-906540,2026-09-16,S-03,SKU-5,Coffee,Beverages,12,8.99,GBP,C-0040,bitcoin
O-906541,2026-09-17,S-01,SKU-1,Apple,Produce,11,1.50,USD,C-0041,card
O-906542,2026-09-18,S-02,SKU-2,Bread,Bakery,10,3.00,USD,C-0042,cash
O-906543,2026-09-19,S-03,SKU-3,Milk,Dairy,7,2.20,USD,C-0043,card
O-906544,2026-09-20,S-01,SKU-4,Eggs,Dairy,9,0.35,EUR,C-0044,cash
O-906545,2026-09-21,S-02,SKU-5,Coffee,Beverages,11,8.99,GBP,C-0045,card
O-906546,2026-09-22,S-03,SKU-1,Apple,Produce,11,1.50,USD,C-0046,cash
O-906547,2026-09-23,S-01,SKU-2,Bread,Bakery,9,3.00,USD,C-0047,card
O-906548,2026-09-24,S-02,SKU-3,Milk,Dairy,5,2.20,USD,C-0048,cash
O-906549,2026-09-25,S-03,SKU-4,Eggs,Dairy,6,0.35,EUR,C-0049,card
O-906550,2026-09-26,S-01,SKU-5,Coffee,Beverages,8,8.99,GBP,C-0050,cash
O-906551,2026-09-27,S-02,SKU-1,Apple,Produce,9,1.50,USD,C-0051,card
O-906552,2026-09-28,S-03,SKU-2,Bread,Bakery,4,3.00,USD,C-0052,cash
O-906553,2026-09-01,S-01,SKU-3,Milk,Dairy,2,2.20,USD,C-0053,card
O-906554,2026-09-02,S-02,SKU-4,Eggs,Dairy,8,0.35,EUR,C-0054,cash
O-906555,2026-09-03,S-03,SKU-5,Coffee,Beverages,5,8.99,GBP,C-0055,card
O-906556,2026-09-04,S-01,SKU-1,Apple,Produce,6,1.50,USD,C-0056,cash
O-906557,2026-09-05,S-02,SKU-2,Bread,Bakery,7,3.00,USD,C-0057,card
O-906558,2026-09-06,S-03,SKU-3,Milk,Dairy,5,2.20,USD,C-0058,cash
O-906559,2026-09-07,S-01,SKU-4,Eggs,Dairy,3,0.35,EUR,C-0059,card
O-906560,2026-09-08,S-02,SKU-5,Coffee,Beverages,0,8.99,GBP,C-0060,cash
O-906561,2026-09-09,S-03,SKU-1,Apple,Produce,1,1.50,USD,C-0061,card
O-906562,2026-09-10,S-01,SKU-2,Bread,Bakery,1,3.00,USD,C-0062,cash
O-906563,2026-09-11,S-02,SKU-3,Milk,Dairy,9,2.20,USD,C-0063,card
O-906564,2026-09-12,S-03,SKU-4,Eggs,Dairy,3,0.35,EUR,C-0064,cash
O-906565,2026-09-13,S-01,SKU-5,Coffee,Beverages,6,8.99,GBP,C-0065,card
O-906566,2026-09-14,S-02,SKU-1,Apple,Produce,5,1.50,USD,C-0066,cash
O-906567,2026-09-15,S-03,SKU-2,Bread,Bakery,8,3.00,USD,C-0067,card
O-906568,2026-09-16,S-01,SKU-3,Milk,Dairy,9,2.20,USD,C-0068,cash
O-906569,2026-09-17,S-02,SKU-4,Eggs,Dairy,1,0.35,EUR,C-0069,card
O-906570,2026-09-18,S-03,SKU-5,Coffee,Beverages,12,8.99,GBP,C-0070,cash
O-906571,2026-09-19,S-01,SKU-1,Apple,Produce,8,1.50,USD,C-0071,card
O-906572,2026-09-20,S-02,SKU-2,Bread,Bakery,8,3.00,USD,C-0072,cash
O-906573,2026-09-21,S-03,SKU-3,Milk,Dairy,5,2.20,USD,C-0073,card
O-906574,2026-09-22,S-01,SKU-4,Eggs,Dairy,1,0.35,EUR,C-0074,cash
O-906575,2026-09-23,S-02,SKU-5,Coffee,Beverages,7,8.99,GBP,C-0075,card
O-906576,2026-09-24,S-03,SKU-1,Apple,Produce,5,1.50,USD,C-0076,cash
O-906577,2026-09-25,S-01,SKU-2,Bread,Bakery,10,3.00,USD,C-0077,card
O-906578,2026-09-26,S-02,SKU-3,Milk,Dairy,4,2.20,USD,C-0078,cash
O-906579,2026-09-27,S-03,SKU-4,Eggs,Dairy,1,0.35,EUR,C-0079,card
O-906580,bad-date,S-01,SKU-5,Coffee,Beverages,9,8.99,GBP,C-0080,cash
O-906581,2026-09-01,S-02,SKU-1,Apple,Produce,6,1.50,USD,C-0081,card
O-906582,2026-09-02,S-03,SKU-2,Bread,Bakery,4,3.00,USD,C-0082,cash
O-906583,2026-09-03,S-01,SKU-3,Milk,Dairy,7,2.20,USD,C-0083,card
O-906584,2026-09-04,S-02,SKU-4,Eggs,Dairy,9,0.35,EUR,C-0084,cash
O-906585,2026-09-05,S-03,SKU-5,Coffee,Beverages,7,8.99,GBP,C-0085,card
O-906586,2026-09-06,S-01,SKU-1,Apple,Produce,7,1.50,USD,C-0086,cash
O-906587,2026-09-07,S-02,SKU-2,Bread,Bakery,4,3.00,USD,C-0087,card
O-906588,2026-09-08,S-03,SKU-3,Milk,Dairy,3,2.20,USD,C-0088,cash
O-906589,2026-09-09,S-01,SKU-4,Eggs,Dairy,12,0.35,EUR,C-0089,card
O-906590,2026-09-10,S-02,SKU-5,Coffee,Beverages,12,8.99,GBP,C-0090,cash
O-906591,2026-09-11,S-03,SKU-1,Apple,Produce,11,1.50,USD,C-0091,card
O-906592,2026-09-12,S-01,SKU-2,Bread,Bakery,7,3.00,USD,C-0092,cash
O-906593,2026-09-13,S-02,SKU-3,Milk,Dairy,7,2.20,USD,C-0093,card
O-906594,2026-09-14,S-03,SKU-4,Eggs,Dairy,4,0.35,EUR,C-0094,cash
O-906595,2026-09-15,S-01,SKU-5,Coffee,Beverages,5,8.99,GBP,C-0095,card
O-906596,2026-09-16,S-02,SKU-1,Apple,Produce,2,1.50,USD,C-0096,cash
O-906597,2026-09-17,S-03,SKU-2,Bread,Bakery,7,3.00,USD,C-0097,card
O-906598,2026-09-18,S-01,SKU-3,Milk,Dairy,11,2.20,USD,C-0098,cash
O-906599,2026-09-19,S-02,SKU-4,Eggs,Dairy,4,0.35,EUR,C-0099,card
O-906600,2026-09-20,S-03,SKU-5,Coffee,Beverages,-3,8.99,GBP,C-0100,cash
O-906601,2026-09-21,S-01,SKU-1,Apple,Produce,10,1.50,USD,C-0101,card
O-906602,2026-09-22,S-02,SKU-2,Bread,Bakery,12,3.00,USD,C-0102,cash
O-906603,2026-09-23,S-03,SKU-3,Milk,Dairy,11,2.20,USD,C-0103,card
O-906604,2026-09-24,S-01,SKU-4,Eggs,Dairy,5,0.35,EUR,C-0104,cash
O-906605,2026-09-25,S-02,SKU-5,Coffee,Beverages,5,8.99,GBP,C-0105,card
O-906606,2026-09-26,S-03,SKU-1,Apple,Produce,11,1.50,USD,C-0106,cash
O-906607,2026-09-27,S-01,SKU-2,Bread,Bakery,12,3.00,USD,C-0107,card
O-906608,2026-09-28,S-02,SKU-3,Milk,Dairy,9,2.20,USD,C-0108,cash
O-906609,2026-09-01,S-03,SKU-4,Eggs,Dairy,5,0.35,EUR,C-0109,card
O-906610,2026-09-02,S-01,SKU-5,Coffee,Beverages,7,8.99,GBP,C-0110,cash
O-906611,2026-09-03,S-02,SKU-1,Apple,Produce,4,1.50,USD,C-0111,card
O-906612,2026-09-04,S-03,SKU-2,Bread,Bakery,2,3.00,USD,C-0112,cash
O-906613,2026-09-05,S-01,SKU-3,Milk,Dairy,3,2.20,USD,C-0113,card
O-906614,2026-09-06,S-02,SKU-4,Eggs,Dairy,3,0.35,EUR,C-0114,cash
O-906615,2026-09-07,S-03,SKU-5,Coffee,Beverages,5,8.99,GBP,C-0115,card
O-906616,2026-09-08,S-01,SKU-1,Apple,Produce,2,1.50,USD,C-0116,cash
O-906617,2026-09-09,S-02,SKU-2,Bread,Bakery,11,3.00,USD,C-0117,card
O-906618,2026-09-10,S-03,SKU-3,Milk,Dairy,8,2.20,USD,C-0118,cash
O-906619,2026-09-11,S-01,SKU-4,Eggs,Dairy,10,0.35,EUR,C-0119,card
O-906620,2026-09-12,S-02,SKU-999,Coffee,Beverages,8,8.99,GBP,C-0120,cash
O-906621,2026-09-13,S-03,SKU-1,Apple,Produce,5,1.50,USD,C-0121,card
O-906622,2026-09-14,S-01,SKU-2,Bread,Bakery,12,3.00,USD,C-0122,cash
O-906623,2026-09-15,S-02,SKU-3,Milk,Dairy,10,2.20,USD,C-0123,card
O-906624,2026-09-16,S-03,SKU-4,Eggs,Dairy,8,0.35,EUR,C-0124,cash
O-906625,2026-09-17,S-01,SKU-5,Coffee,Beverages,4,8.99,GBP,C-0125,card
O-906626,2026-09-18,S-02,SKU-1,Apple,Produce,6,1.50,USD,C-0126,cash
O-906627,2026-09-19,S-03,SKU-2,Bread,Bakery,1,3.00,USD,C-0127,card
O-906628,2026-09-20,S-01,SKU-3,Milk,Dairy,3,2.20,USD,C-0128,cash
O-906629,2026-09-21,S-02,SKU-4,Eggs,Dairy,1,0.35,EUR,C-0129,card
O-906630,2026-09-22,S-03,SKU-5,Coffee,Beverages,9,8.99,GBP,C-0130,cash
O-906631,2026-09-23,S-01,SKU-1,Apple,Produce,1,1.50,USD,C-0131,card
O-906632,2026-09-24,S-02,SKU-2,Bread,Bakery,3,3.00,USD,C-0132,cash
O-906633,2026-09-25,S-03,SKU-3,Milk,Dairy,2,2.20,USD,C-0133,card
O-906634,2026-09-26,S-01,SKU-4,Eggs,Dairy,5,0.35,EUR,C-0134,cash
O-906635,2026-09-27,S-02,SKU-5,Coffee,Beverages,5,8.99,GBP,C-0135,card
O-906636,2026-09-28,S-03,SKU-1,Apple,Produce,3,1.50,USD,C-0136,cash
O-906637,2026-09-01,S-01,SKU-2,Bread,Bakery,12,3.00,USD,C-0137,card
O-906638,2026-09-02,S-02,SKU-3,Milk,Dairy,8,2.20,USD,C-0138,cash
O-906639,2026-09-03,S-03,SKU-4,Eggs,Dairy,12,0.35,EUR,C-0139,card
O-906640,2026-09-04,S-01,SKU-5,Coffee,Beverages,1,,GBP,C-0140,cash
O-906641,2026-09-05,S-02,SKU-1,Apple,Produce,4,1.50,USD,C-0141,card
O-906642,2026-09-06,S-03,SKU-2,Bread,Bakery,2,3.00,USD,C-0142,cash
O-906643,2026-09-07,S-01,SKU-3,Milk,Dairy,3,2.20,USD,C-0143,card
O-906644,2026-09-08,S-02,SKU-4,Eggs,Dairy,1,0.35,EUR,C-0144,cash
O-906645,2026-09-09,S-03,SKU-5,Coffee,Beverages,8,8.99,GBP,C-0145,card
O-906646,2026-09-10,S-01,SKU-1,Apple,Produce,4,1.50,USD,C-0146,cash
O-906647,2026-09-11,S-02,SKU-2,Bread,Bakery,6,3.00,USD,C-0147,card
O-906648,2026-09-12,S-03,SKU-3,Milk,Dairy,7,2.20,USD,C-0148,cash
O-906649,2026-09-13,S-01,SKU-4,Eggs,Dairy,5,0.35,EUR,C-0149,card
O-906650,2026-09-14,S-02,SKU-5,Coffee,Beverages,8,8.99,GBP,C-0150,cash
O-906651,2026-09-15,S-03,SKU-1,Apple,Produce,6,1.50,USD,C-0151,card
O-906652,2026-09-16,S-01,SKU-2,Bread,Bakery,8,3.00,USD,C-0152,cash
O-906653,2026-09-17,S-02,SKU-3,Milk,Dairy,12,2.20,USD,C-0153,card
O-906654,2026-09-18,S-03,SKU-4,Eggs,Dairy,1,0.35,EUR,C-0154,cash
O-906655,2026-09-19,S-01,SKU-5,Coffee,Beverages,6,8.99,GBP,C-0155,card
O-906656,2026-09-20,S-02,SKU-1,Apple,Produce,2,1.50,USD,C-0156,cash
O-906657,2026-09-21,S-03,SKU-2,Bread,Bakery,3,3.00,USD,C-0157,card
O-906658,2026-09-22,S-01,SKU-3,Milk,Dairy,1,2.20,USD,C-0158,cash
O-906659,2026-09-23,S-02,SKU-4,Eggs,Dairy,5,0.35,EUR,C-0159,card
,2026-09-24,S-03,SKU-5,Coffee,Beverages,7,8.99,GBP,C-0160,cash
O-906661,2026-09-25,S-01,SKU-1,Apple,Produce,2,1.50,USD,C-0161,card
O-906662,2026-09-26,S-02,SKU-2,Bread,Bakery,9,3.00,USD,C-0162,cash
O-906663,2026-09-27,S-03,SKU-3,Milk,Dairy,8,2.20,USD,C-0163,card
O-906664,2026-09-28,S-01,SKU-4,Eggs,Dairy,3,0.35,EUR,C-0164,cash
O-906665,2026-09-01,S-02,SKU-5,Coffee,Beverages,4,8.99,GBP,C-0165,card
O-906666,2026-09-02,S-03,SKU-1,Apple,Produce,5,1.50,USD,C-0166,cash
O-906667,2026-09-03,S-01,SKU-2,Bread,Bakery,7,3.00,USD,C-0167,card
O-906668,2026-09-04,S-02,SKU-3,Milk,Dairy,1,2.20,USD,C-0168,cash
O-906669,2026-09-05,S-03,SKU-4,Eggs,Dairy,2,0.35,EUR,C-0169,card
O-906670,2026-09-06,S-01,SKU-5,Coffee,Beverages,12,8.99,GBP,C-0170,cash
O-906671,2026-09-07,S-02,SKU-1,Apple,Produce,4,1.50,USD,C-0171,card
O-906672,2026-09-08,S-03,SKU-2,Bread,Bakery,7,3.00,USD,C-0172,cash
O-906673,2026-09-09,S-01,SKU-3,Milk,Dairy,8,2.20,USD,C-0173,card
O-906674,2026-09-10,S-02,SKU-4,Eggs,Dairy,4,0.35,EUR,C-0174,cash
O-906675,2026-09-11,S-03,SKU-5,Coffee,Beverages,12,8.99,GBP,C-0175,card
O-906676,2026-09-12,S-01,SKU-1,Apple,Produce,1,1.50,USD,C-0176,cash
O-906677,2026-09-13,S-02,SKU-2,Bread,Bakery,4,3.00,USD,C-0177,card
O-906678,2026-09-14,S-03,SKU-3,Milk,Dairy,8,2.20,USD,C-0178,cash
O-906679,2026-09-15,S-01,SKU-4,Eggs,Dairy,12,0.35,EUR,C-0179,card
O-906680,2026-09-16,S-02,SKU-5,Coffee,Beverages,2,8.99,XYZ,C-0180,cash
O-906681,2026-09-17,S-03,SKU-1,Apple,Produce,9,1.50,USD,C-0181,card
O-906682,2026-09-18,S-01,SKU-2,Bread,Bakery,11,3.00,USD,C-0182,cash
O-906683,2026-09-19,S-02,SKU-3,Milk,Dairy,4,2.20,USD,C-0183,card
O-906684,2026-09-20,S-03,SKU-4,Eggs,Dairy,8,0.35,EUR,C-0184,cash
O-906685,2026-09-21,S-01,SKU-5,Coffee,Beverages,7,8.99,GBP,C-0185,card
O-906686,2026-09-22,S-02,SKU-1,Apple,Produce,11,1.50,USD,C-0186,cash
O-906687,2026-09-23,S-03,SKU-2,Bread,Bakery,5,3.00,USD,C-0187,card
O-906688,2026-09-24,S-01,SKU-3,Milk,Dairy,6,2.20,USD,C-0188,cash
O-906689,2026-09-25,S-02,SKU-4,Eggs,Dairy,3,0.35,EUR,C-0189,card
O-906690,2026-09-26,S-03,SKU-5,Coffee,Beverages,11,8.99,GBP,C-0190,cash
O-906691,2026-09-27,S-01,SKU-1,Apple,Produce,12,1.50,USD,C-0191,card
O-906692,2026-09-28,S-02,SKU-2,Bread,Bakery,1,3.00,USD,C-0192,cash
O-906693,2026-09-01,S-03,SKU-3,Milk,Dairy,12,2.20,USD,C-0193,card
O-906694,2026-09-02,S-01,SKU-4,Eggs,Dairy,9,0.35,EUR,C-0194,cash
O-906695,2026-09-03,S-02,SKU-5,Coffee,Beverages,9,8.99,GBP,C-0195,card
O-906696,2026-09-04,S-03,SKU-1,Apple,Produce,2,1.50,USD,C-0196,cash
O-906697,2026-09-05,S-01,SKU-2,Bread,Bakery,5,3.00,USD,C-0197,card
O-906698,2026-09-06,S-02,SKU-3,Milk,Dairy,8,2.20,USD,C-0198,cash
O-906699,2026-09-07,S-03,SKU-4,Eggs,Dairy,11,0.35,EUR,C-0199,card
O-906700,2026-09-08,S-01,SKU-5,Coffee,Beverages,5,8.99,GBP,C-0200,bitcoin
O-906701,2026-09-09,S-02,SKU-1,Apple,Produce,4,1.50,USD,C-0201,card
O-906702,2026-09-10,S-03,SKU-2,Bread,Bakery,6,3.00,USD,C-0202,cash
O-906703,2026-09-11,S-01,SKU-3,Milk,Dairy,1,2.20,USD,C-0203,card
O-906704,2026-09-12,S-02,SKU-4,Eggs,Dairy,11,0.35,EUR,C-0204,cash
O-906705,2026-09-13,S-03,SKU-5,Coffee,Beverages,4,8.99,GBP,C-0205,card
O-906706,2026-09-14,S-01,SKU-1,Apple,Produce,2,1.50,USD,C-0206,cash
O-906707,2026-09-15,S-02,SKU-2,Bread,Bakery,4,3.00,USD,C-0207,card
O-906708,2026-09-16,S-03,SKU-3,Milk,Dairy,11,2.20,USD,C-0208,cash
O-906709,2026-09-17,S-01,SKU-4,Eggs,Dairy,7,0.35,EUR,C-0209,card
O-906710,2026-09-18,S-02,SKU-5,Coffee,Beverages,6,8.99,GBP,C-0210,cash
O-906711,2026-09-19,S-03,SKU-1,Apple,Produce,1,1.50,USD,C-0211,card
O-906712,2026-09-20,S-01,SKU-2,Bread,Bakery,3,3.00,USD,C-0212,cash
O-906713,2026-09-21,S-02,SKU-3,Milk,Dairy,5,2.20,USD,C-0213,card
O-906714,2026-09-22,S-03,SKU-4,Eggs,Dairy,10,0.35,EUR,C-0214,cash
O-906715,2026-09-23,S-01,SKU-5,Coffee,Beverages,2,8.99,GBP,C-0215,card
O-906716,2026-09-24,S-02,SKU-1,Apple,Produce,7,1.50,USD,C-0216,cash
O-906717,2026-09-25,S-03,SKU-2,Bread,Bakery,4,3.00,USD,C-0217,card
O-906718,2026-09-26,S-01,SKU-3,Milk,Dairy,1,2.20,USD,C-0218,cash
O-906719,2026-09-27,S-02,SKU-4,Eggs,Dairy,1,0.35,EUR,C-0219,card
O-906720,2026-09-28,S-03,SKU-5,Coffee,Beverages,0,8.99,GBP,C-0220,cash
O-906721,2026-09-01,S-01,SKU-1,Apple,Produce,12,1.50,USD,C-0221,card
O-906722,2026-09-02,S-02,SKU-2,Bread,Bakery,8,3.00,USD,C-0222,cash
O-906723,2026-09-03,S-03,SKU-3,Milk,Dairy,12,2.20,USD,C-0223,card
O-906724,2026-09-04,S-01,SKU-4,Eggs,Dairy,10,0.35,EUR,C-0224,cash
O-906725,2026-09-05,S-02,SKU-5,Coffee,Beverages,3,8.99,GBP,C-0225,card
O-906726,2026-09-06,S-03,SKU-1,Apple,Produce,6,1.50,USD,C-0226,cash
O-906727,2026-09-07,S-01,SKU-2,Bread,Bakery,2,3.00,USD,C-0227,card
O-906728,2026-09-08,S-02,SKU-3,Milk,Dairy,4,2.20,USD,C-0228,cash
O-906729,2026-09-09,S-03,SKU-4,Eggs,Dairy,3,0.35,EUR,C-0229,card
O-906730,2026-09-10,S-01,SKU-5,Coffee,Beverages,8,8.99,GBP,C-0230,cash
O-906731,2026-09-11,S-02,SKU-1,Apple,Produce,2,1.50,USD,C-0231,card
O-906732,2026-09-12,S-03,SKU-2,Bread,Bakery,11,3.00,USD,C-0232,cash
O-906733,2026-09-13,S-01,SKU-3,Milk,Dairy,10,2.20,USD,C-0233,card
O-906734,2026-09-14,S-02,SKU-4,Eggs,Dairy,6,0.35,EUR,C-0234,cash
O-906735,2026-09-15,S-03,SKU-5,Coffee,Beverages,11,8.99,GBP,C-0235,card
O-906736,2026-09-16,S-01,SKU-1,Apple,Produce,1,1.50,USD,C-0236,cash
O-906737,2026-09-17,S-02,SKU-2,Bread,Bakery,1,3.00,USD,C-0237,card
O-906738,2026-09-18,S-03,SKU-3,Milk,Dairy,6,2.20,USD,C-0238,cash
O-906739,2026-09-19,S-01,SKU-4,Eggs,Dairy,11,0.35,EUR,C-0239,card
O-906740,bad-date,S-02,SKU-5,Coffee,Beverages,3,8.99,GBP,C-0240,cash
O-906741,2026-09-21,S-03,SKU-1,Apple,Produce,12,1.50,USD,C-0241,card
O-906742,2026-09-22,S-01,SKU-2,Bread,Bakery,9,3.00,USD,C-0242,cash
O-906743,2026-09-23,S-02,SKU-3,Milk,Dairy,2,2.20,USD,C-0243,card
O-906744,2026-09-24,S-03,SKU-4,Eggs,Dairy,3,0.35,EUR,C-0244,cash
O-906745,2026-09-25,S-01,SKU-5,Coffee,Beverages,8,8.99,GBP,C-0245,card
O-906746,2026-09-26,S-02,SKU-1,Apple,Produce,4,1.50,USD,C-0246,cash
O-906747,2026-09-27,S-03,SKU-2,Bread,Bakery,6,3.00,USD,C-0247,card
O-906748,2026-09-28,S-01,SKU-3,Milk,Dairy,9,2.20,USD,C-0248,cash
O-906749,2026-09-01,S-02,SKU-4,Eggs,Dairy,11,0.35,EUR,C-0249,card
O-906750,2026-09-02,S-03,SKU-5,Coffee,Beverages,6,8.99,GBP,C-0250,cash
O-906751,2026-09-03,S-01,SKU-1,Apple,Produce,8,1.50,USD,C-0251,card
O-906752,2026-09-04,S-02,SKU-2,Bread,Bakery,12,3.00,USD,C-0252,cash
O-906753,2026-09-05,S-03,SKU-3,Milk,Dairy,4,2.20,USD,C-0253,card
O-906754,2026-09-06,S-01,SKU-4,Eggs,Dairy,1,0.35,EUR,C-0254,cash
O-906755,2026-09-07,S-02,SKU-5,Coffee,Beverages,12,8.99,GBP,C-0255,card
O-906756,2026-09-08,S-03,SKU-1,Apple,Produce,7,1.50,USD,C-0256,cash
O-906757,2026-09-09,S-01,SKU-2,Bread,Bakery,6,3.00,USD,C-0257,card
O-906758,2026-09-10,S-02,SKU-3,Milk,Dairy,12,2.20,USD,C-0258,cash
O-906759,2026-09-11,S-03,SKU-4,Eggs,Dairy,3,0.35,EUR,C-0259,card
O-906760,2026-09-12,S-01,SKU-5,Coffee,Beverages,-3,8.99,GBP,C-0260,cash
O-906761,2026-09-13,S-02,SKU-1,Apple,Produce,1,1.50,USD,C-0261,card
O-906762,2026-09-14,S-03,SKU-2,Bread,Bakery,8,3.00,USD,C-0262,cash
O-906763,2026-09-15,S-01,SKU-3,Milk,Dairy,12,2.20,USD,C-0263,card
O-906764,2026-09-16,S-02,SKU-4,Eggs,Dairy,8,0.35,EUR,C-0264,cash
O-906765,2026-09-17,S-03,SKU-5,Coffee,Beverages,9,8.99,GBP,C-0265,card
O-906766,2026-09-18,S-01,SKU-1,Apple,Produce,5,1.50,USD,C-0266,cash
O-906767,2026-09-19,S-02,SKU-2,Bread,Bakery,9,3.00,USD,C-0267,card
O-906768,2026-09-20,S-03,SKU-3,Milk,Dairy,12,2.20,USD,C-0268,cash
O-906769,2026-09-21,S-01,SKU-4,Eggs,Dairy,8,0.35,EUR,C-0269,card
O-906770,2026-09-22,S-02,SKU-5,Coffee,Beverages,4,8.99,GBP,C-0270,cash
O-906771,2026-09-23,S-03,SKU-1,Apple,Produce,10,1.50,USD,C-0271,card
O-906772,2026-09-24,S-01,SKU-2,Bread,Bakery,3,3.00,USD,C-0272,cash
O-906773,2026-09-25,S-02,SKU-3,Milk,Dairy,9,2.20,USD,C-0273,card
O-906774,2026-09-26,S-03,SKU-4,Eggs,Dairy,6,0.35,EUR,C-0274,cash
O-906775,2026-09-27,S-01,SKU-5,Coffee,Beverages,6,8.99,GBP,C-0275,card
O-906776,2026-09-28,S-02,SKU-1,Apple,Produce,12,1.50,USD,C-0276,cash
O-906777,2026-09-01,S-03,SKU-2,Bread,Bakery,8,3.00,USD,C-0277,card
O-906778,2026-09-02,S-01,SKU-3,Milk,Dairy,5,2.20,USD,C-0278,cash
O-906779,2026-09-03,S-02,SKU-4,Eggs,Dairy,10,0.35,EUR,C-0279,card
O-906780,2026-09-04,S-03,SKU-999,Coffee,Beverages,9,8.99,GBP,C-0280,cash
O-906781,2026-09-05,S-01,SKU-1,Apple,Produce,3,1.50,USD,C-0281,card
O-906782,2026-09-06,S-02,SKU-2,Bread,Bakery,2,3.00,USD,C-0282,cash
O-906783,2026-09-07,S-03,SKU-3,Milk,Dairy,9,2.20,USD,C-0283,card
O-906784,2026-09-08,S-01,SKU-4,Eggs,Dairy,3,0.35,EUR,C-0284,cash
O-906785,2026-09-09,S-02,SKU-5,Coffee,Beverages,8,8.99,GBP,C-0285,card
O-906786,2026-09-10,S-03,SKU-1,Apple,Produce,5,1.50,USD,C-0286,cash
O-906787,2026-09-11,S-01,SKU-2,Bread,Bakery,5,3.00,USD,C-0287,card
O-906788,2026-09-12,S-02,SKU-3,Milk,Dairy,9,2.20,USD,C-0288,cash
O-906789,2026-09-13,S-03,SKU-4,Eggs,Dairy,6,0.35,EUR,C-0289,card
O-906790,2026-09-14,S-01,SKU-5,Coffee,Beverages,8,8.99,GBP,C-0290,cash
O-906791,2026-09-15,S-02,SKU-1,Apple,Produce,1,1.50,USD,C-0291,card
O-906792,2026-09-16,S-03,SKU-2,Bread,Bakery,11,3.00,USD,C-0292,cash
O-906793,2026-09-17,S-01,SKU-3,Milk,Dairy,9,2.20,USD,C-0293,card
O-906794,2026-09-18,S-02,SKU-4,Eggs,Dairy,7,0.35,EUR,C-0294,cash
O-906795,2026-09-19,S-03,SKU-5,Coffee,Beverages,12,8.99,GBP,C-0295,card
O-906796,2026-09-20,S-01,SKU-1,Apple,Produce,3,1.50,USD,C-0296,cash
O-906797,2026-09-21,S-02,SKU-2,Bread,Bakery,1,3.00,USD,C-0297,card
O-906798,2026-09-22,S-03,SKU-3,Milk,Dairy,10,2.20,USD,C-0298,cash
O-906799,2026-09-23,S-01,SKU-4,Eggs,Dairy,6,0.35,EUR,C-0299,card
O-906800,2026-09-24,S-02,SKU-5,Coffee,Beverages,10,,GBP,C-0300,cash
O-906801,2026-09-25,S-03,SKU-1,Apple,Produce,4,1.50,USD,C-0301,card
O-906802,2026-09-26,S-01,SKU-2,Bread,Bakery,6,3.00,USD,C-0302,cash
O-906803,2026-09-27,S-02,SKU-3,Milk,Dairy,12,2.20,USD,C-0303,card
O-906804,2026-09-28,S-03,SKU-4,Eggs,Dairy,2,0.35,EUR,C-0304,cash
O-906805,2026-09-01,S-01,SKU-5,Coffee,Beverages,11,8.99,GBP,C-0305,card
O-906806,2026-09-02,S-02,SKU-1,Apple,Produce,9,1.50,USD,C-0306,cash
O-906807,2026-09-03,S-03,SKU-2,Bread,Bakery,7,3.00,USD,C-0307,card
O-906808,2026-09-04,S-01,SKU-3,Milk,Dairy,4,2.20,USD,C-0308,cash
O-906809,2026-09-05,S-02,SKU-4,Eggs,Dairy,9,0.35,EUR,C-0309,card
O-906810,2026-09-06,S-03,SKU-5,Coffee,Beverages,11,8.99,GBP,C-0310,cash
O-906811,2026-09-07,S-01,SKU-1,Apple,Produce,8,1.50,USD,C-0311,card
O-906812,2026-09-08,S-02,SKU-2,Bread,Bakery,9,3.00,USD,C-0312,cash
O-906813,2026-09-09,S-03,SKU-3,Milk,Dairy,3,2.20,USD,C-0313,card
O-906814,2026-09-10,S-01,SKU-4,Eggs,Dairy,10,0.35,EUR,C-0314,cash
O-906815,2026-09-11,S-02,SKU-5,Coffee,Beverages,5,8.99,GBP,C-0315,card
O-906816,2026-09-12,S-03,SKU-1,Apple,Produce,6,1.50,USD,C-0316,cash
O-906817,2026-09-13,S-01,SKU-2,Bread,Bakery,7,3.00,USD,C-0317,card
O-906818,2026-09-14,S-02,SKU-3,Milk,Dairy,11,2.20,USD,C-0318,cash
O-906819,2026-09-15,S-03,SKU-4,Eggs,Dairy,6,0.35,EUR,C-0319,card
,2026-09-16,S-01,SKU-5,Coffee,Beverages,2,8.99,GBP,C-0320,cash
O-906821,2026-09-17,S-02,SKU-1,Apple,Produce,2,1.50,USD,C-0321,card
O-906822,2026-09-18,S-03,SKU-2,Bread,Bakery,9,3.00,USD,C-0322,cash
O-906823,2026-09-19,S-01,SKU-3,Milk,Dairy,11,2.20,USD,C-0323,card
O-906824,2026-09-20,S-02,SKU-4,Eggs,Dairy,2,0.35,EUR,C-0324,cash
O-906825,2026-09-21,S-03,SKU-5,Coffee,Beverages,1,8.99,GBP,C-0325,card
O-906826,2026-09-22,S-01,SKU-1,Apple,Produce,3,1.50,USD,C-0326,cash
O-906827,2026-09-23,S-02,SKU-2,Bread,Bakery,3,3.00,USD,C-0327,card
O-906828,2026-09-24,S-03,SKU-3,Milk,Dairy,1,2.20,USD,C-0328,cash
O-906829,2026-09-25,S-01,SKU-4,Eggs,Dairy,4,0.35,EUR,C-0329,card
O-906830,2026-09-26,S-02,SKU-5,Coffee,Beverages,2,8.99,GBP,C-0330,cash
O-906831,2026-09-27,S-03,SKU-1,Apple,Produce,8,1.50,USD,C-0331,card
O-906832,2026-09-28,S-01,SKU-2,Bread,Bakery,4,3.00,USD,C-0332,cash
O-906833,2026-09-01,S-02,SKU-3,Milk,Dairy,2,2.20,USD,C-0333,card
O-906834,2026-09-02,S-03,SKU-4,Eggs,Dairy,1,0.35,EUR,C-0334,cash
O-906835,2026-09-03,S-01,SKU-5,Coffee,Beverages,10,8.99,GBP,C-0335,card
O-906836,2026-09-04,S-02,SKU-1,Apple,Produce,11,1.50,USD,C-0336,cash
O-906837,2026-09-05,S-03,SKU-2,Bread,Bakery,7,3.00,USD,C-0337,card
O-906838,2026-09-06,S-01,SKU-3,Milk,Dairy,11,2.20,USD,C-0338,cash
O-906839,2026-09-07,S-02,SKU-4,Eggs,Dairy,8,0.35,EUR,C-0339,card
O-906840,2026-09-08,S-03,SKU-5,Coffee,Beverages,9,8.99,XYZ,C-0340,cash
O-906841,2026-09-09,S-01,SKU-1,Apple,Produce,10,1.50,USD,C-0341,card
O-906842,2026-09-10,S-02,SKU-2,Bread,Bakery,12,3.00,USD,C-0342,cash
O-906843,2026-09-11,S-03,SKU-3,Milk,Dairy,10,2.20,USD,C-0343,card
O-906844,2026-09-12,S-01,SKU-4,Eggs,Dairy,5,0.35,EUR,C-0344,cash
O-906845,2026-09-13,S-02,SKU-5,Coffee,Beverages,1,8.99,GBP,C-0345,card
O-906846,2026-09-14,S-03,SKU-1,Apple,Produce,6,1.50,USD,C-0346,cash
O-906847,2026-09-15,S-01,SKU-2,Bread,Bakery,4,3.00,USD,C-0347,card
O-906848,2026-09-16,S-02,SKU-3,Milk,Dairy,10,2.20,USD,C-0348,cash
O-906849,2026-09-17,S-03,SKU-4,Eggs,Dairy,12,0.35,EUR,C-0349,card
O-906850,2026-09-18,S-01,SKU-5,Coffee,Beverages,2,8.99,GBP,C-0350,cash
O-906851,2026-09-19,S-02,SKU-1,Apple,Produce,1,1.50,USD,C-0351,card
O-906852,2026-09-20,S-03,SKU-2,Bread,Bakery,4,3.00,USD,C-0352,cash
O-906853,2026-09-21,S-01,SKU-3,Milk,Dairy,11,2.20,USD,C-0353,card
O-906854,2026-09-22,S-02,SKU-4,Eggs,Dairy,8,0.35,EUR,C-0354,cash
O-906855,2026-09-23,S-03,SKU-5,Coffee,Beverages,2,8.99,GBP,C-0355,card
O-906856,2026-09-24,S-01,SKU-1,Apple,Produce,8,1.50,USD,C-0356,cash
O-906857,2026-09-25,S-02,SKU-2,Bread,Bakery,11,3.00,USD,C-0357,card
O-906858,2026-09-26,S-03,SKU-3,Milk,Dairy,1,2.20,USD,C-0358,cash
O-906859,2026-09-27,S-01,SKU-4,Eggs,Dairy,6,0.35,EUR,C-0359,card
O-906860,2026-09-28,S-02,SKU-5,Coffee,Beverages,9,8.99,GBP,C-0360,bitcoin
O-906861,2026-09-01,S-03,SKU-1,Apple,Produce,12,1.50,USD,C-0361,card
O-906862,2026-09-02,S-01,SKU-2,Bread,Bakery,7,3.00,USD,C-0362,cash
O-906863,2026-09-03,S-02,SKU-3,Milk,Dairy,6,2.20,USD,C-0363,card
O-906864,2026-09-04,S-03,SKU-4,Eggs,Dairy,12,0.35,EUR,C-0364,cash
O-906865,2026-09-05,S-01,SKU-5,Coffee,Beverages,1,8.99,GBP,C-0365,card
O-906866,2026-09-06,S-02,SKU-1,Apple,Produce,10,1.50,USD,C-0366,cash
O-906867,2026-09-07,S-03,SKU-2,Bread,Bakery,5,3.00,USD,C-0367,card
O-906868,2026-09-08,S-01,SKU-3,Milk,Dairy,9,2.20,USD,C-0368,cash
O-906869,2026-09-09,S-02,SKU-4,Eggs,Dairy,1,0.35,EUR,C-0369,card
O-906870,2026-09-10,S-03,SKU-5,Coffee,Beverages,12,8.99,GBP,C-0370,cash
O-906871,2026-09-11,S-01,SKU-1,Apple,Produce,2,1.50,USD,C-0371,card
O-906872,2026-09-12,S-02,SKU-2,Bread,Bakery,5,3.00,USD,C-0372,cash
O-906873,2026-09-13,S-03,SKU-3,Milk,Dairy,2,2.20,USD,C-0373,card
O-906874,2026-09-14,S-01,SKU-4,Eggs,Dairy,4,0.35,EUR,C-0374,cash
O-906875,2026-09-15,S-02,SKU-5,Coffee,Beverages,9,8.99,GBP,C-0375,card
O-906876,2026-09-16,S-03,SKU-1,Apple,Produce,2,1.50,USD,C-0376,cash
O-906877,2026-09-17,S-01,SKU-2,Bread,Bakery,2,3.00,USD,C-0377,card
O-906878,2026-09-18,S-02,SKU-3,Milk,Dairy,12,2.20,USD,C-0378,cash
O-906879,2026-09-19,S-03,SKU-4,Eggs,Dairy,4,0.35,EUR,C-0379,card
O-906880,2026-09-20,S-01,SKU-5,Coffee,Beverages,0,8.99,GBP,C-0380,cash
O-906881,2026-09-21,S-02,SKU-1,Apple,Produce,7,1.50,USD,C-0381,card
O-906882,2026-09-22,S-03,SKU-2,Bread,Bakery,4,3.00,USD,C-0382,cash
O-906883,2026-09-23,S-01,SKU-3,Milk,Dairy,4,2.20,USD,C-0383,card
O-906884,2026-09-24,S-02,SKU-4,Eggs,Dairy,9,0.35,EUR,C-0384,cash
O-906885,2026-09-25,S-03,SKU-5,Coffee,Beverages,11,8.99,GBP,C-0385,card
O-906886,2026-09-26,S-01,SKU-1,Apple,Produce,4,1.50,USD,C-0386,cash
O-906887,2026-09-27,S-02,SKU-2,Bread,Bakery,10,3.00,USD,C-0387,card
O-906888,2026-09-28,S-03,SKU-3,Milk,Dairy,11,2.20,USD,C-0388,cash
O-906889,2026-09-01,S-01,SKU-4,Eggs,Dairy,3,0.35,EUR,C-0389,card
O-906890,2026-09-02,S-02,SKU-5,Coffee,Beverages,9,8.99,GBP,C-0390,cash
O-906891,2026-09-03,S-03,SKU-1,Apple,Produce,12,1.50,USD,C-0391,card
O-906892,2026-09-04,S-01,SKU-2,Bread,Bakery,9,3.00,USD,C-0392,cash
O-906893,2026-09-05,S-02,SKU-3,Milk,Dairy,7,2.20,USD,C-0393,card
O-906894,2026-09-06,S-03,SKU-4,Eggs,Dairy,12,0.35,EUR,C-0394,cash
O-906895,2026-09-07,S-01,SKU-5,Coffee,Beverages,2,8.99,GBP,C-0395,card
O-906896,2026-09-08,S-02,SKU-1,Apple,Produce,11,1.50,USD,C-0396,cash
O-906897,2026-09-09,S-03,SKU-2,Bread,Bakery,10,3.00,USD,C-0397,card
O-906898,2026-09-10,S-01,SKU-3,Milk,Dairy,6,2.20,USD,C-0398,cash
O-906899,2026-09-11,S-02,SKU-4,Eggs,Dairy,11,0.35,EUR,C-0399,card
O-906900,bad-date,S-03,SKU-5,Coffee,Beverages,8,8.99,GBP,C-0400,cash
O-906901,2026-09-13,S-01,SKU-1,Apple,Produce,12,1.50,USD,C-0401,card
O-906902,2026-09-14,S-02,SKU-2,Bread,Bakery,11,3.00,USD,C-0402,cash
O-906903,2026-09-15,S-03,SKU-3,Milk,Dairy,7,2.20,USD,C-0403,card
O-906904,2026-09-16,S-01,SKU-4,Eggs,Dairy,2,0.35,EUR,C-0404,cash
O-906905,2026-09-17,S-02,SKU-5,Coffee,Beverages,3,8.99,GBP,C-0405,card
O-906906,2026-09-18,S-03,SKU-1,Apple,Produce,3,1.50,USD,C-0406,cash
O-906907,2026-09-19,S-01,SKU-2,Bread,Bakery,9,3.00,USD,C-0407,card
O-906908,2026-09-20,S-02,SKU-3,Milk,Dairy,7,2.20,USD,C-0408,cash
O-906909,2026-09-21,S-03,SKU-4,Eggs,Dairy,9,0.35,EUR,C-0409,card
O-906910,2026-09-22,S-01,SKU-5,Coffee,Beverages,6,8.99,GBP,C-0410,cash
O-906911,2026-09-23,S-02,SKU-1,Apple,Produce,11,1.50,USD,C-0411,card
O-906912,2026-09-24,S-03,SKU-2,Bread,Bakery,3,3.00,USD,C-0412,cash
O-906913,2026-09-25,S-01,SKU-3,Milk,Dairy,9,2.20,USD,C-0413,card
O-906914,2026-09-26,S-02,SKU-4,Eggs,Dairy,10,0.35,EUR,C-0414,cash
O-906915,2026-09-27,S-03,SKU-5,Coffee,Beverages,8,8.99,GBP,C-0415,card
O-906916,2026-09-28,S-01,SKU-1,Apple,Produce,6,1.50,USD,C-0416,cash
O-906917,2026-09-01,S-02,SKU-2,Bread,Bakery,6,3.00,USD,C-0417,card
O-906918,2026-09-02,S-03,SKU-3,Milk,Dairy,9,2.20,USD,C-0418,cash
O-906919,2026-09-03,S-01,SKU-4,Eggs,Dairy,6,0.35,EUR,C-0419,card
O-906920,2026-09-04,S-02,SKU-5,Coffee,Beverages,-3,8.99,GBP,C-0420,cash
O-906921,2026-09-05,S-03,SKU-1,Apple,Produce,7,1.50,USD,C-0421,card
O-906922,2026-09-06,S-01,SKU-2,Bread,Bakery,11,3.00,USD,C-0422,cash
O-906923,2026-09-07,S-02,SKU-3,Milk,Dairy,7,2.20,USD,C-0423,card
O-906924,2026-09-08,S-03,SKU-4,Eggs,Dairy,12,0.35,EUR,C-0424,cash
O-906925,2026-09-09,S-01,SKU-5,Coffee,Beverages,6,8.99,GBP,C-0425,card
O-906926,2026-09-10,S-02,SKU-1,Apple,Produce,10,1.50,USD,C-0426,cash
O-906927,2026-09-11,S-03,SKU-2,Bread,Bakery,4,3.00,USD,C-0427,card
O-906928,2026-09-12,S-01,SKU-3,Milk,Dairy,10,2.20,USD,C-0428,cash
O-906929,2026-09-13,S-02,SKU-4,Eggs,Dairy,9,0.35,EUR,C-0429,card
O-906930,2026-09-14,S-03,SKU-5,Coffee,Beverages,4,8.99,GBP,C-0430,cash
O-906931,2026-09-15,S-01,SKU-1,Apple,Produce,7,1.50,USD,C-0431,card
O-906932,2026-09-16,S-02,SKU-2,Bread,Bakery,9,3.00,USD,C-0432,cash
O-906933,2026-09-17,S-03,SKU-3,Milk,Dairy,12,2.20,USD,C-0433,card
O-906934,2026-09-18,S-01,SKU-4,Eggs,Dairy,5,0.35,EUR,C-0434,cash
O-906935,2026-09-19,S-02,SKU-5,Coffee,Beverages,6,8.99,GBP,C-0435,card
O-906936,2026-09-20,S-03,SKU-1,Apple,Produce,8,1.50,USD,C-0436,cash
O-906937,2026-09-21,S-01,SKU-2,Bread,Bakery,8,3.00,USD,C-0437,card
O-906938,2026-09-22,S-02,SKU-3,Milk,Dairy,7,2.20,USD,C-0438,cash
O-906939,2026-09-23,S-03,SKU-4,Eggs,Dairy,1,0.35,EUR,C-0439,card
O-906940,2026-09-24,S-01,SKU-999,Coffee,Beverages,12,8.99,GBP,C-0440,cash
O-906941,2026-09-25,S-02,SKU-1,Apple,Produce,1,1.50,USD,C-0441,card
O-906942,2026-09-26,S-03,SKU-2,Bread,Bakery,5,3.00,USD,C-0442,cash
O-906943,2026-09-27,S-01,SKU-3,Milk,Dairy,10,2.20,USD,C-0443,card
O-906944,2026-09-28,S-02,SKU-4,Eggs,Dairy,1,0.35,EUR,C-0444,cash
O-906945,2026-09-01,S-03,SKU-5,Coffee,Beverages,9,8.99,GBP,C-0445,card
O-906946,2026-09-02,S-01,SKU-1,Apple,Produce,3,1.50,USD,C-0446,cash
O-906947,2026-09-03,S-02,SKU-2,Bread,Bakery,5,3.00,USD,C-0447,card
O-906948,2026-09-04,S-03,SKU-3,Milk,Dairy,1,2.20,USD,C-0448,cash
O-906949,2026-09-05,S-01,SKU-4,Eggs,Dairy,5,0.35,EUR,C-0449,card
O-906950,2026-09-06,S-02,SKU-5,Coffee,Beverages,4,8.99,GBP,C-0450,cash
O-906951,2026-09-07,S-03,SKU-1,Apple,Produce,4,1.50,USD,C-0451,card
O-906952,2026-09-08,S-01,SKU-2,Bread,Bakery,6,3.00,USD,C-0452,cash
O-906953,2026-09-09,S-02,SKU-3,Milk,Dairy,1,2.20,USD,C-0453,card
O-906954,2026-09-10,S-03,SKU-4,Eggs,Dairy,12,0.35,EUR,C-0454,cash
O-906955,2026-09-11,S-01,SKU-5,Coffee,Beverages,5,8.99,GBP,C-0455,card
O-906956,2026-09-12,S-02,SKU-1,Apple,Produce,9,1.50,USD,C-0456,cash
O-906957,2026-09-13,S-03,SKU-2,Bread,Bakery,9,3.00,USD,C-0457,card
O-906958,2026-09-14,S-01,SKU-3,Milk,Dairy,9,2.20,USD,C-0458,cash
O-906959,2026-09-15,S-02,SKU-4,Eggs,Dairy,10,0.35,EUR,C-0459,card
O-906960,2026-09-16,S-03,SKU-5,Coffee,Beverages,10,,GBP,C-0460,cash
O-906961,2026-09-17,S-01,SKU-1,Apple,Produce,3,1.50,USD,C-0461,card
O-906962,2026-09-18,S-02,SKU-2,Bread,Bakery,2,3.00,USD,C-0462,cash
O-906963,2026-09-19,S-03,SKU-3,Milk,Dairy,1,2.20,USD,C-0463,card
O-906964,2026-09-20,S-01,SKU-4,Eggs,Dairy,8,0.35,EUR,C-0464,cash
O-906965,2026-09-21,S-02,SKU-5,Coffee,Beverages,6,8.99,GBP,C-0465,card
O-906966,2026-09-22,S-03,SKU-1,Apple,Produce,3,1.50,USD,C-0466,cash
O-906967,2026-09-23,S-01,SKU-2,Bread,Bakery,3,3.00,USD,C-0467,card
O-906968,2026-09-24,S-02,SKU-3,Milk,Dairy,5,2.20,USD,C-0468,cash
O-906969,2026-09-25,S-03,SKU-4,Eggs,Dairy,6,0.35,EUR,C-0469,card
O-906970,2026-09-26,S-01,SKU-5,Coffee,Beverages,10,8.99,GBP,C-0470,cash
O-906971,2026-09-27,S-02,SKU-1,Apple,Produce,4,1.50,USD,C-0471,card
O-906972,2026-09-28,S-03,SKU-2,Bread,Bakery,4,3.00,USD,C-0472,cash
O-906973,2026-09-01,S-01,SKU-3,Milk,Dairy,5,2.20,USD,C-0473,card
O-906974,2026-09-02,S-02,SKU-4,Eggs,Dairy,5,0.35,EUR,C-0474,cash
O-906975,2026-09-03,S-03,SKU-5,Coffee,Beverages,2,8.99,GBP,C-0475,card
O-906976,2026-09-04,S-01,SKU-1,Apple,Produce,10,1.50,USD,C-0476,cash
O-906977,2026-09-05,S-02,SKU-2,Bread,Bakery,7,3.00,USD,C-0477,card
O-906978,2026-09-06,S-03,SKU-3,Milk,Dairy,10,2.20,USD,C-0478,cash
O-906979,2026-09-07,S-01,SKU-4,Eggs,Dairy,4,0.35,EUR,C-0479,card
,2026-09-08,S-02,SKU-5,Coffee,Beverages,12,8.99,GBP,C-0480,cash
O-906981,2026-09-09,S-03,SKU-1,Apple,Produce,2,1.50,USD,C-0481,card
O-906982,2026-09-10,S-01,SKU-2,Bread,Bakery,12,3.00,USD,C-0482,cash
O-906983,2026-09-11,S-02,SKU-3,Milk,Dairy,6,2.20,USD,C-0483,card
O-906984,2026-09-12,S-03,SKU-4,Eggs,Dairy,8,0.35,EUR,C-0484,cash
O-906985,2026-09-13,S-01,SKU-5,Coffee,Beverages,3,8.99,GBP,C-0485,card
O-906986,2026-09-14,S-02,SKU-1,Apple,Produce,8,1.50,USD,C-0486,cash
O-906987,2026-09-15,S-03,SKU-2,Bread,Bakery,12,3.00,USD,C-0487,card
O-906988,2026-09-16,S-01,SKU-3,Milk,Dairy,12,2.20,USD,C-0488,cash
O-906989,2026-09-17,S-02,SKU-4,Eggs,Dairy,10,0.35,EUR,C-0489,card
O-906990,2026-09-18,S-03,SKU-5,Coffee,Beverages,2,8.99,GBP,C-0490,cash
O-906991,2026-09-19,S-01,SKU-1,Apple,Produce,10,1.50,USD,C-0491,card
O-906992,2026-09-20,S-02,SKU-2,Bread,Bakery,11,3.00,USD,C-0492,cash
O-906993,2026-09-21,S-03,SKU-3,Milk,Dairy,5,2.20,USD,C-0493,card
O-906994,2026-09-22,S-01,SKU-4,Eggs,Dairy,1,0.35,EUR,C-0494,cash
O-906995,2026-09-23,S-02,SKU-5,Coffee,Beverages,12,8.99,GBP,C-0495,card
O-906996,2026-09-24,S-03,SKU-1,Apple,Produce,10,1.50,USD,C-0496,cash
O-906997,2026-09-25,S-01,SKU-2,Bread,Bakery,7,3.00,USD,C-0497,card
O-906998,2026-09-26,S-02,SKU-3,Milk,Dairy,2,2.20,USD,C-0498,cash
O-906999,2026-09-27,S-03,SKU-4,Eggs,Dairy,1,0.35,EUR,C-0499,card
O-907000,2026-09-28,S-01,SKU-5,Coffee,Beverages,6,8.99,XYZ,C-0500,cash
O-907001,2026-09-01,S-02,SKU-1,Apple,Produce,6,1.50,USD,C-0001,card
O-907002,2026-09-02,S-03,SKU-2,Bread,Bakery,7,3.00,USD,C-0002,cash
O-907003,2026-09-03,S-01,SKU-3,Milk,Dairy,7,2.20,USD,C-0003,card
O-907004,2026-09-04,S-02,SKU-4,Eggs,Dairy,2,0.35,EUR,C-0004,cash
O-907005,2026-09-05,S-03,SKU-5,Coffee,Beverages,4,8.99,GBP,C-0005,card
O-907006,2026-09-06,S-01,SKU-1,Apple,Produce,12,1.50,USD,C-0006,cash
O-907007,2026-09-07,S-02,SKU-2,Bread,Bakery,11,3.00,USD,C-0007,card
O-907008,2026-09-08,S-03,SKU-3,Milk,Dairy,10,2.20,USD,C-0008,cash
O-907009,2026-09-09,S-01,SKU-4,Eggs,Dairy,1,0.35,EUR,C-0009,card
O-907010,2026-09-10,S-02,SKU-5,Coffee,Beverages,11,8.99,GBP,C-0010,cash
O-907011,2026-09-11,S-03,SKU-1,Apple,Produce,11,1.50,USD,C-0011,card
O-907012,2026-09-12,S-01,SKU-2,Bread,Bakery,7,3.00,USD,C-0012,cash
O-907013,2026-09-13,S-02,SKU-3,Milk,Dairy,1,2.20,USD,C-0013,card
O-907014,2026-09-14,S-03,SKU-4,Eggs,Dairy,5,0.35,EUR,C-0014,cash
O-907015,2026-09-15,S-01,SKU-5,Coffee,Beverages,9,8.99,GBP,C-0015,card
O-907016,2026-09-16,S-02,SKU-1,Apple,Produce,1,1.50,USD,C-0016,cash
O-907017,2026-09-17,S-03,SKU-2,Bread,Bakery,6,3.00,USD,C-0017,card
O-907018,2026-09-18,S-01,SKU-3,Milk,Dairy,9,2.20,USD,C-0018,cash
O-907019,2026-09-19,S-02,SKU-4,Eggs,Dairy,10,0.35,EUR,C-0019,card
O-907020,2026-09-20,S-03,SKU-5,Coffee,Beverages,3,8.99,GBP,C-0020,bitcoin
O-907021,2026-09-21,S-01,SKU-1,Apple,Produce,6,1.50,USD,C-0021,card
O-907022,2026-09-22,S-02,SKU-2,Bread,Bakery,9,3.00,USD,C-0022,cash
O-907023,2026-09-23,S-03,SKU-3,Milk,Dairy,12,2.20,USD,C-0023,card
O-907024,2026-09-24,S-01,SKU-4,Eggs,Dairy,4,0.35,EUR,C-0024,cash
O-907025,2026-09-25,S-02,SKU-5,Coffee,Beverages,3,8.99,GBP,C-0025,card
O-907026,2026-09-26,S-03,SKU-1,Apple,Produce,1,1.50,USD,C-0026,cash
O-907027,2026-09-27,S-01,SKU-2,Bread,Bakery,11,3.00,USD,C-0027,card
O-907028,2026-09-28,S-02,SKU-3,Milk,Dairy,12,2.20,USD,C-0028,cash
O-907029,2026-09-01,S-03,SKU-4,Eggs,Dairy,7,0.35,EUR,C-0029,card
O-907030,2026-09-02,S-01,SKU-5,Coffee,Beverages,8,8.99,GBP,C-0030,cash
O-907031,2026-09-03,S-02,SKU-1,Apple,Produce,10,1.50,USD,C-0031,card
O-907032,2026-09-04,S-03,SKU-2,Bread,Bakery,10,3.00,USD,C-0032,cash
O-907033,2026-09-05,S-01,SKU-3,Milk,Dairy,9,2.20,USD,C-0033,card
O-907034,2026-09-06,S-02,SKU-4,Eggs,Dairy,2,0.35,EUR,C-0034,cash
O-907035,2026-09-07,S-03,SKU-5,Coffee,Beverages,4,8.99,GBP,C-0035,card
O-907036,2026-09-08,S-01,SKU-1,Apple,Produce,7,1.50,USD,C-0036,cash
O-907037,2026-09-09,S-02,SKU-2,Bread,Bakery,5,3.00,USD,C-0037,card
O-907038,2026-09-10,S-03,SKU-3,Milk,Dairy,7,2.20,USD,C-0038,cash
O-907039,2026-09-11,S-01,SKU-4,Eggs,Dairy,3,0.35,EUR,C-0039,card
O-907040,2026-09-12,S-02,SKU-5,Coffee,Beverages,0,8.99,GBP,C-0040,cash
O-907041,2026-09-13,S-03,SKU-1,Apple,Produce,6,1.50,USD,C-0041,card
O-907042,2026-09-14,S-01,SKU-2,Bread,Bakery,2,3.00,USD,C-0042,cash
O-907043,2026-09-15,S-02,SKU-3,Milk,Dairy,8,2.20,USD,C-0043,card
O-907044,2026-09-16,S-03,SKU-4,Eggs,Dairy,10,0.35,EUR,C-0044,cash
O-907045,2026-09-17,S-01,SKU-5,Coffee,Beverages,12,8.99,GBP,C-0045,card
O-907046,2026-09-18,S-02,SKU-1,Apple,Produce,1,1.50,USD,C-0046,cash
O-907047,2026-09-19,S-03,SKU-2,Bread,Bakery,9,3.00,USD,C-0047,card
O-907048,2026-09-20,S-01,SKU-3,Milk,Dairy,7,2.20,USD,C-0048,cash
O-907049,2026-09-21,S-02,SKU-4,Eggs,Dairy,5,0.35,EUR,C-0049,card
O-907050,2026-09-22,S-03,SKU-5,Coffee,Beverages,2,8.99,GBP,C-0050,cash
O-907051,2026-09-23,S-01,SKU-1,Apple,Produce,7,1.50,USD,C-0051,card
O-907052,2026-09-24,S-02,SKU-2,Bread,Bakery,9,3.00,USD,C-0052,cash
O-907053,2026-09-25,S-03,SKU-3,Milk,Dairy,7,2.20,USD,C-0053,card
O-907054,2026-09-26,S-01,SKU-4,Eggs,Dairy,12,0.35,EUR,C-0054,cash
O-907055,2026-09-27,S-02,SKU-5,Coffee,Beverages,3,8.99,GBP,C-0055,card
O-907056,2026-09-28,S-03,SKU-1,Apple,Produce,3,1.50,USD,C-0056,cash
O-907057,2026-09-01,S-01,SKU-2,Bread,Bakery,8,3.00,USD,C-0057,card
O-907058,2026-09-02,S-02,SKU-3,Milk,Dairy,9,2.20,USD,C-0058,cash
O-907059,2026-09-03,S-03,SKU-4,Eggs,Dairy,4,0.35,EUR,C-0059,card
O-907060,bad-date,S-01,SKU-5,Coffee,Beverages,8,8.99,GBP,C-0060,cash
O-907061,2026-09-05,S-02,SKU-1,Apple,Produce,7,1.50,USD,C-0061,card
O-907062,2026-09-06,S-03,SKU-2,Bread,Bakery,11,3.00,USD,C-0062,cash
O-907063,2026-09-07,S-01,SKU-3,Milk,Dairy,10,2.20,USD,C-0063,card
O-907064,2026-09-08,S-02,SKU-4,Eggs,Dairy,4,0.35,EUR,C-0064,cash
O-907065,2026-09-09,S-03,SKU-5,Coffee,Beverages,9,8.99,GBP,C-0065,card
O-907066,2026-09-10,S-01,SKU-1,Apple,Produce,10,1.50,USD,C-0066,cash
O-907067,2026-09-11,S-02,SKU-2,Bread,Bakery,12,3.00,USD,C-0067,card
O-907068,2026-09-12,S-03,SKU-3,Milk,Dairy,9,2.20,USD,C-0068,cash
O-907069,2026-09-13,S-01,SKU-4,Eggs,Dairy,4,0.35,EUR,C-0069,card
O-907070,2026-09-14,S-02,SKU-5,Coffee,Beverages,4,8.99,GBP,C-0070,cash
O-907071,2026-09-15,S-03,SKU-1,Apple,Produce,2,1.50,USD,C-0071,card
O-907072,2026-09-16,S-01,SKU-2,Bread,Bakery,5,3.00,USD,C-0072,cash
O-907073,2026-09-17,S-02,SKU-3,Milk,Dairy,7,2.20,USD,C-0073,card
O-907074,2026-09-18,S-03,SKU-4,Eggs,Dairy,6,0.35,EUR,C-0074,cash
O-907075,2026-09-19,S-01,SKU-5,Coffee,Beverages,11,8.99,GBP,C-0075,card
O-907076,2026-09-20,S-02,SKU-1,Apple,Produce,10,1.50,USD,C-0076,cash
O-907077,2026-09-21,S-03,SKU-2,Bread,Bakery,2,3.00,USD,C-0077,card
O-907078,2026-09-22,S-01,SKU-3,Milk,Dairy,2,2.20,USD,C-0078,cash
O-907079,2026-09-23,S-02,SKU-4,Eggs,Dairy,11,0.35,EUR,C-0079,card
O-907080,2026-09-24,S-03,SKU-5,Coffee,Beverages,-3,8.99,GBP,C-0080,cash
O-907081,2026-09-25,S-01,SKU-1,Apple,Produce,7,1.50,USD,C-0081,card
O-907082,2026-09-26,S-02,SKU-2,Bread,Bakery,6,3.00,USD,C-0082,cash
O-907083,2026-09-27,S-03,SKU-3,Milk,Dairy,6,2.20,USD,C-0083,card
O-907084,2026-09-28,S-01,SKU-4,Eggs,Dairy,4,0.35,EUR,C-0084,cash
O-907085,2026-09-01,S-02,SKU-5,Coffee,Beverages,6,8.99,GBP,C-0085,card
O-907086,2026-09-02,S-03,SKU-1,Apple,Produce,6,1.50,USD,C-0086,cash
O-907087,2026-09-03,S-01,SKU-2,Bread,Bakery,10,3.00,USD,C-0087,card
O-907088,2026-09-04,S-02,SKU-3,Milk,Dairy,11,2.20,USD,C-0088,cash
O-907089,2026-09-05,S-03,SKU-4,Eggs,Dairy,1,0.35,EUR,C-0089,card
O-907090,2026-09-06,S-01,SKU-5,Coffee,Beverages,5,8.99,GBP,C-0090,cash
O-907091,2026-09-07,S-02,SKU-1,Apple,Produce,3,1.50,USD,C-0091,card
O-907092,2026-09-08,S-03,SKU-2,Bread,Bakery,6,3.00,USD,C-0092,cash
O-907093,2026-09-09,S-01,SKU-3,Milk,Dairy,10,2.20,USD,C-0093,card
O-907094,2026-09-10,S-02,SKU-4,Eggs,Dairy,8,0.35,EUR,C-0094,cash
O-907095,2026-09-11,S-03,SKU-5,Coffee,Beverages,10,8.99,GBP,C-0095,card
O-907096,2026-09-12,S-01,SKU-1,Apple,Produce,3,1.50,USD,C-0096,cash
O-907097,2026-09-13,S-02,SKU-2,Bread,Bakery,8,3.00,USD,C-0097,card
O-907098,2026-09-14,S-03,SKU-3,Milk,Dairy,1,2.20,USD,C-0098,cash
O-907099,2026-09-15,S-01,SKU-4,Eggs,Dairy,4,0.35,EUR,C-0099,card
O-907100,2026-09-16,S-02,SKU-999,Coffee,Beverages,4,8.99,GBP,C-0100,cash
O-907101,2026-09-17,S-03,SKU-1,Apple,Produce,11,1.50,USD,C-0101,card
O-907102,2026-09-18,S-01,SKU-2,Bread,Bakery,6,3.00,USD,C-0102,cash
O-907103,2026-09-19,S-02,SKU-3,Milk,Dairy,3,2.20,USD,C-0103,card
O-907104,2026-09-20,S-03,SKU-4,Eggs,Dairy,12,0.35,EUR,C-0104,cash
O-907105,2026-09-21,S-01,SKU-5,Coffee,Beverages,2,8.99,GBP,C-0105,card
O-907106,2026-09-22,S-02,SKU-1,Apple,Produce,2,1.50,USD,C-0106,cash
O-907107,2026-09-23,S-03,SKU-2,Bread,Bakery,12,3.00,USD,C-0107,card
O-907108,2026-09-24,S-01,SKU-3,Milk,Dairy,1,2.20,USD,C-0108,cash
O-907109,2026-09-25,S-02,SKU-4,Eggs,Dairy,4,0.35,EUR,C-0109,card
O-907110,2026-09-26,S-03,SKU-5,Coffee,Beverages,10,8.99,GBP,C-0110,cash
O-907111,2026-09-27,S-01,SKU-1,Apple,Produce,3,1.50,USD,C-0111,card
O-907112,2026-09-28,S-02,SKU-2,Bread,Bakery,5,3.00,USD,C-0112,cash
O-907113,2026-09-01,S-03,SKU-3,Milk,Dairy,1,2.20,USD,C-0113,card
O-907114,2026-09-02,S-01,SKU-4,Eggs,Dairy,6,0.35,EUR,C-0114,cash
O-907115,2026-09-03,S-02,SKU-5,Coffee,Beverages,12,8.99,GBP,C-0115,card
O-907116,2026-09-04,S-03,SKU-1,Apple,Produce,2,1.50,USD,C-0116,cash
O-907117,2026-09-05,S-01,SKU-2,Bread,Bakery,5,3.00,USD,C-0117,card
O-907118,2026-09-06,S-02,SKU-3,Milk,Dairy,8,2.20,USD,C-0118,cash
O-907119,2026-09-07,S-03,SKU-4,Eggs,Dairy,8,0.35,EUR,C-0119,card
O-907120,2026-09-08,S-01,SKU-5,Coffee,Beverages,1,,GBP,C-0120,cash
O-907121,2026-09-09,S-02,SKU-1,Apple,Produce,6,1.50,USD,C-0121,card
O-907122,2026-09-10,S-03,SKU-2,Bread,Bakery,4,3.00,USD,C-0122,cash
O-907123,2026-09-11,S-01,SKU-3,Milk,Dairy,12,2.20,USD,C-0123,card
O-907124,2026-09-12,S-02,SKU-4,Eggs,Dairy,9,0.35,EUR,C-0124,cash
O-907125,2026-09-13,S-03,SKU-5,Coffee,Beverages,4,8.99,GBP,C-0125,card
O-907126,2026-09-14,S-01,SKU-1,Apple,Produce,4,1.50,USD,C-0126,cash
O-907127,2026-09-15,S-02,SKU-2,Bread,Bakery,9,3.00,USD,C-0127,card
O-907128,2026-09-16,S-03,SKU-3,Milk,Dairy,9,2.20,USD,C-0128,cash
O-907129,2026-09-17,S-01,SKU-4,Eggs,Dairy,5,0.35,EUR,C-0129,card
O-907130,2026-09-18,S-02,SKU-5,Coffee,Beverages,9,8.99,GBP,C-0130,cash
O-907131,2026-09-19,S-03,SKU-1,Apple,Produce,8,1.50,USD,C-0131,card
O-907132,2026-09-20,S-01,SKU-2,Bread,Bakery,10,3.00,USD,C-0132,cash
O-907133,2026-09-21,S-02,SKU-3,Milk,Dairy,12,2.20,USD,C-0133,card
O-907134,2026-09-22,S-03,SKU-4,Eggs,Dairy,3,0.35,EUR,C-0134,cash
O-907135,2026-09-23,S-01,SKU-5,Coffee,Beverages,12,8.99,GBP,C-0135,card
O-907136,2026-09-24,S-02,SKU-1,Apple,Produce,12,1.50,USD,C-0136,cash
O-907137,2026-09-25,S-03,SKU-2,Bread,Bakery,11,3.00,USD,C-0137,card
O-907138,2026-09-26,S-01,SKU-3,Milk,Dairy,1,2.20,USD,C-0138,cash
O-907139,2026-09-27,S-02,SKU-4,Eggs,Dairy,7,0.35,EUR,C-0139,card
,2026-09-28,S-03,SKU-5,Coffee,Beverages,10,8.99,GBP,C-0140,cash
O-907141,2026-09-01,S-01,SKU-1,Apple,Produce,11,1.50,USD,C-0141,card
O-907142,2026-09-02,S-02,SKU-2,Bread,Bakery,9,3.00,USD,C-0142,cash
O-907143,2026-09-03,S-03,SKU-3,Milk,Dairy,1,2.20,USD,C-0143,card
O-907144,2026-09-04,S-01,SKU-4,Eggs,Dairy,5,0.35,EUR,C-0144,cash
O-907145,2026-09-05,S-02,SKU-5,Coffee,Beverages,3,8.99,GBP,C-0145,card
O-907146,2026-09-06,S-03,SKU-1,Apple,Produce,1,1.50,USD,C-0146,cash
O-907147,2026-09-07,S-01,SKU-2,Bread,Bakery,5,3.00,USD,C-0147,card
O-907148,2026-09-08,S-02,SKU-3,Milk,Dairy,4,2.20,USD,C-0148,cash
O-907149,2026-09-09,S-03,SKU-4,Eggs,Dairy,12,0.35,EUR,C-0149,card
O-907150,2026-09-10,S-01,SKU-5,Coffee,Beverages,10,8.99,GBP,C-0150,cash
O-907151,2026-09-11,S-02,SKU-1,Apple,Produce,5,1.50,USD,C-0151,card
O-907152,2026-09-12,S-03,SKU-2,Bread,Bakery,1,3.00,USD,C-0152,cash
O-907153,2026-09-13,S-01,SKU-3,Milk,Dairy,8,2.20,USD,C-0153,card
O-907154,2026-09-14,S-02,SKU-4,Eggs,Dairy,11,0.35,EUR,C-0154,cash
O-907155,2026-09-15,S-03,SKU-5,Coffee,Beverages,1,8.99,GBP,C-0155,card
O-907156,2026-09-16,S-01,SKU-1,Apple,Produce,2,1.50,USD,C-0156,cash
O-907157,2026-09-17,S-02,SKU-2,Bread,Bakery,7,3.00,USD,C-0157,card
O-907158,2026-09-18,S-03,SKU-3,Milk,Dairy,11,2.20,USD,C-0158,cash
O-907159,2026-09-19,S-01,SKU-4,Eggs,Dairy,5,0.35,EUR,C-0159,card
O-907160,2026-09-20,S-02,SKU-5,Coffee,Beverages,11,8.99,XYZ,C-0160,cash
O-907161,2026-09-21,S-03,SKU-1,Apple,Produce,11,1.50,USD,C-0161,card
O-907162,2026-09-22,S-01,SKU-2,Bread,Bakery,6,3.00,USD,C-0162,cash
O-907163,2026-09-23,S-02,SKU-3,Milk,Dairy,2,2.20,USD,C-0163,card
O-907164,2026-09-24,S-03,SKU-4,Eggs,Dairy,1,0.35,EUR,C-0164,cash
O-907165,2026-09-25,S-01,SKU-5,Coffee,Beverages,5,8.99,GBP,C-0165,card
O-907166,2026-09-26,S-02,SKU-1,Apple,Produce,11,1.50,USD,C-0166,cash
O-907167,2026-09-27,S-03,SKU-2,Bread,Bakery,7,3.00,USD,C-0167,card
O-907168,2026-09-28,S-01,SKU-3,Milk,Dairy,4,2.20,USD,C-0168,cash
O-907169,2026-09-01,S-02,SKU-4,Eggs,Dairy,7,0.35,EUR,C-0169,card
O-907170,2026-09-02,S-03,SKU-5,Coffee,Beverages,9,8.99,GBP,C-0170,cash
O-907171,2026-09-03,S-01,SKU-1,Apple,Produce,12,1.50,USD,C-0171,card
O-907172,2026-09-04,S-02,SKU-2,Bread,Bakery,2,3.00,USD,C-0172,cash
O-907173,2026-09-05,S-03,SKU-3,Milk,Dairy,6,2.20,USD,C-0173,card
O-907174,2026-09-06,S-01,SKU-4,Eggs,Dairy,8,0.35,EUR,C-0174,cash
O-907175,2026-09-07,S-02,SKU-5,Coffee,Beverages,10,8.99,GBP,C-0175,card
O-907176,2026-09-08,S-03,SKU-1,Apple,Produce,9,1.50,USD,C-0176,cash
O-907177,2026-09-09,S-01,SKU-2,Bread,Bakery,2,3.00,USD,C-0177,card
O-907178,2026-09-10,S-02,SKU-3,Milk,Dairy,3,2.20,USD,C-0178,cash
O-907179,2026-09-11,S-03,SKU-4,Eggs,Dairy,4,0.35,EUR,C-0179,card
O-907180,2026-09-12,S-01,SKU-5,Coffee,Beverages,9,8.99,GBP,C-0180,bitcoin
O-907181,2026-09-13,S-02,SKU-1,Apple,Produce,8,1.50,USD,C-0181,card
O-907182,2026-09-14,S-03,SKU-2,Bread,Bakery,9,3.00,USD,C-0182,cash
O-907183,2026-09-15,S-01,SKU-3,Milk,Dairy,12,2.20,USD,C-0183,card
O-907184,2026-09-16,S-02,SKU-4,Eggs,Dairy,1,0.35,EUR,C-0184,cash
O-907185,2026-09-17,S-03,SKU-5,Coffee,Beverages,1,8.99,GBP,C-0185,card
O-907186,2026-09-18,S-01,SKU-1,Apple,Produce,4,1.50,USD,C-0186,cash
O-907187,2026-09-19,S-02,SKU-2,Bread,Bakery,9,3.00,USD,C-0187,card
O-907188,2026-09-20,S-03,SKU-3,Milk,Dairy,5,2.20,USD,C-0188,cash
O-907189,2026-09-21,S-01,SKU-4,Eggs,Dairy,6,0.35,EUR,C-0189,card
O-907190,2026-09-22,S-02,SKU-5,Coffee,Beverages,8,8.99,GBP,C-0190,cash
O-907191,2026-09-23,S-03,SKU-1,Apple,Produce,7,1.50,USD,C-0191,card
O-907192,2026-09-24,S-01,SKU-2,Bread,Bakery,12,3.00,USD,C-0192,cash
O-907193,2026-09-25,S-02,SKU-3,Milk,Dairy,3,2.20,USD,C-0193,card
O-907194,2026-09-26,S-03,SKU-4,Eggs,Dairy,1,0.35,EUR,C-0194,cash
O-907195,2026-09-27,S-01,SKU-5,Coffee,Beverages,6,8.99,GBP,C-0195,card
O-907196,2026-09-28,S-02,SKU-1,Apple,Produce,11,1.50,USD,C-0196,cash
O-907197,2026-09-01,S-03,SKU-2,Bread,Bakery,6,3.00,USD,C-0197,card
O-907198,2026-09-02,S-01,SKU-3,Milk,Dairy,6,2.20,USD,C-0198,cash
O-907199,2026-09-03,S-02,SKU-4,Eggs,Dairy,11,0.35,EUR,C-0199,card
O-907200,2026-09-04,S-03,SKU-5,Coffee,Beverages,0,8.99,GBP,C-0200,cash
O-907201,2026-09-05,S-01,SKU-1,Apple,Produce,4,1.50,USD,C-0201,card
O-907202,2026-09-06,S-02,SKU-2,Bread,Bakery,9,3.00,USD,C-0202,cash
O-907203,2026-09-07,S-03,SKU-3,Milk,Dairy,5,2.20,USD,C-0203,card
O-907204,2026-09-08,S-01,SKU-4,Eggs,Dairy,1,0.35,EUR,C-0204,cash
O-907205,2026-09-09,S-02,SKU-5,Coffee,Beverages,11,8.99,GBP,C-0205,card
O-907206,2026-09-10,S-03,SKU-1,Apple,Produce,5,1.50,USD,C-0206,cash
O-907207,2026-09-11,S-01,SKU-2,Bread,Bakery,7,3.00,USD,C-0207,card
O-907208,2026-09-12,S-02,SKU-3,Milk,Dairy,1,2.20,USD,C-0208,cash
O-907209,2026-09-13,S-03,SKU-4,Eggs,Dairy,9,0.35,EUR,C-0209,card
O-907210,2026-09-14,S-01,SKU-5,Coffee,Beverages,5,8.99,GBP,C-0210,cash
O-907211,2026-09-15,S-02,SKU-1,Apple,Produce,4,1.50,USD,C-0211,card
O-907212,2026-09-16,S-03,SKU-2,Bread,Bakery,3,3.00,USD,C-0212,cash
O-907213,2026-09-17,S-01,SKU-3,Milk,Dairy,6,2.20,USD,C-0213,card
O-907214,2026-09-18,S-02,SKU-4,Eggs,Dairy,7,0.35,EUR,C-0214,cash
O-907215,2026-09-19,S-03,SKU-5,Coffee,Beverages,11,8.99,GBP,C-0215,card
O-907216,2026-09-20,S-01,SKU-1,Apple,Produce,3,1.50,USD,C-0216,cash
O-907217,2026-09-21,S-02,SKU-2,Bread,Bakery,2,3.00,USD,C-0217,card
O-907218,2026-09-22,S-03,SKU-3,Milk,Dairy,12,2.20,USD,C-0218,cash
O-907219,2026-09-23,S-01,SKU-4,Eggs,Dairy,7,0.35,EUR,C-0219,card
O-907220,bad-date,S-02,SKU-5,Coffee,Beverages,9,8.99,GBP,C-0220,cash
O-907221,2026-09-25,S-03,SKU-1,Apple,Produce,11,1.50,USD,C-0221,card
O-907222,2026-09-26,S-01,SKU-2,Bread,Bakery,10,3.00,USD,C-0222,cash
O-907223,2026-09-27,S-02,SKU-3,Milk,Dairy,11,2.20,USD,C-0223,card
O-907224,2026-09-28,S-03,SKU-4,Eggs,Dairy,11,0.35,EUR,C-0224,cash
O-907225,2026-09-01,S-01,SKU-5,Coffee,Beverages,4,8.99,GBP,C-0225,card
O-907226,2026-09-02,S-02,SKU-1,Apple,Produce,7,1.50,USD,C-0226,cash
O-907227,2026-09-03,S-03,SKU-2,Bread,Bakery,4,3.00,USD,C-0227,card
O-907228,2026-09-04,S-01,SKU-3,Milk,Dairy,10,2.20,USD,C-0228,cash
O-907229,2026-09-05,S-02,SKU-4,Eggs,Dairy,3,0.35,EUR,C-0229,card
O-907230,2026-09-06,S-03,SKU-5,Coffee,Beverages,7,8.99,GBP,C-0230,cash
O-907231,2026-09-07,S-01,SKU-1,Apple,Produce,5,1.50,USD,C-0231,card
O-907232,2026-09-08,S-02,SKU-2,Bread,Bakery,10,3.00,USD,C-0232,cash
O-907233,2026-09-09,S-03,SKU-3,Milk,Dairy,6,2.20,USD,C-0233,card
O-907234,2026-09-10,S-01,SKU-4,Eggs,Dairy,8,0.35,EUR,C-0234,cash
O-907235,2026-09-11,S-02,SKU-5,Coffee,Beverages,9,8.99,GBP,C-0235,card
O-907236,2026-09-12,S-03,SKU-1,Apple,Produce,3,1.50,USD,C-0236,cash
O-907237,2026-09-13,S-01,SKU-2,Bread,Bakery,4,3.00,USD,C-0237,card
O-907238,2026-09-14,S-02,SKU-3,Milk,Dairy,11,2.20,USD,C-0238,cash
O-907239,2026-09-15,S-03,SKU-4,Eggs,Dairy,3,0.35,EUR,C-0239,card
O-907240,2026-09-16,S-01,SKU-5,Coffee,Beverages,-3,8.99,GBP,C-0240,cash
O-907241,2026-09-17,S-02,SKU-1,Apple,Produce,9,1.50,USD,C-0241,card
O-907242,2026-09-18,S-03,SKU-2,Bread,Bakery,11,3.00,USD,C-0242,cash
O-907243,2026-09-19,S-01,SKU-3,Milk,Dairy,4,2.20,USD,C-0243,card
O-907244,2026-09-20,S-02,SKU-4,Eggs,Dairy,3,0.35,EUR,C-0244,cash
O-907245,2026-09-21,S-03,SKU-5,Coffee,Beverages,5,8.99,GBP,C-0245,card
O-907246,2026-09-22,S-01,SKU-1,Apple,Produce,12,1.50,USD,C-0246,cash
O-907247,2026-09-23,S-02,SKU-2,Bread,Bakery,12,3.00,USD,C-0247,card
O-907248,2026-09-24,S-03,SKU-3,Milk,Dairy,9,2.20,USD,C-0248,cash
O-907249,2026-09-25,S-01,SKU-4,Eggs,Dairy,3,0.35,EUR,C-0249,card
O-907250,2026-09-26,S-02,SKU-5,Coffee,Beverages,7,8.99,GBP,C-0250,cash
O-907251,2026-09-27,S-03,SKU-1,Apple,Produce,3,1.50,USD,C-0251,card
O-907252,2026-09-28,S-01,SKU-2,Bread,Bakery,11,3.00,USD,C-0252,cash
O-907253,2026-09-01,S-02,SKU-3,Milk,Dairy,10,2.20,USD,C-0253,card
O-907254,2026-09-02,S-03,SKU-4,Eggs,Dairy,3,0.35,EUR,C-0254,cash
O-907255,2026-09-03,S-01,SKU-5,Coffee,Beverages,6,8.99,GBP,C-0255,card
O-907256,2026-09-04,S-02,SKU-1,Apple,Produce,2,1.50,USD,C-0256,cash
O-907257,2026-09-05,S-03,SKU-2,Bread,Bakery,9,3.00,USD,C-0257,card
O-907258,2026-09-06,S-01,SKU-3,Milk,Dairy,9,2.20,USD,C-0258,cash
O-907259,2026-09-07,S-02,SKU-4,Eggs,Dairy,12,0.35,EUR,C-0259,card
O-907260,2026-09-08,S-03,SKU-999,Coffee,Beverages,2,8.99,GBP,C-0260,cash
O-907261,2026-09-09,S-01,SKU-1,Apple,Produce,3,1.50,USD,C-0261,card
O-907262,2026-09-10,S-02,SKU-2,Bread,Bakery,6,3.00,USD,C-0262,cash
O-907263,2026-09-11,S-03,SKU-3,Milk,Dairy,3,2.20,USD,C-0263,card
O-907264,2026-09-12,S-01,SKU-4,Eggs,Dairy,12,0.35,EUR,C-0264,cash
O-907265,2026-09-13,S-02,SKU-5,Coffee,Beverages,1,8.99,GBP,C-0265,card
O-907266,2026-09-14,S-03,SKU-1,Apple,Produce,6,1.50,USD,C-0266,cash
O-907267,2026-09-15,S-01,SKU-2,Bread,Bakery,7,3.00,USD,C-0267,card
O-907268,2026-09-16,S-02,SKU-3,Milk,Dairy,7,2.20,USD,C-0268,cash
O-907269,2026-09-17,S-03,SKU-4,Eggs,Dairy,5,0.35,EUR,C-0269,card
O-907270,2026-09-18,S-01,SKU-5,Coffee,Beverages,8,8.99,GBP,C-0270,cash
O-907271,2026-09-19,S-02,SKU-1,Apple,Produce,12,1.50,USD,C-0271,card
O-907272,2026-09-20,S-03,SKU-2,Bread,Bakery,11,3.00,USD,C-0272,cash
O-907273,2026-09-21,S-01,SKU-3,Milk,Dairy,12,2.20,USD,C-0273,card
O-907274,2026-09-22,S-02,SKU-4,Eggs,Dairy,5,0.35,EUR,C-0274,cash
O-907275,2026-09-23,S-03,SKU-5,Coffee,Beverages,3,8.99,GBP,C-0275,card
O-907276,2026-09-24,S-01,SKU-1,Apple,Produce,4,1.50,USD,C-0276,cash
O-907277,2026-09-25,S-02,SKU-2,Bread,Bakery,2,3.00,USD,C-0277,card
O-907278,2026-09-26,S-03,SKU-3,Milk,Dairy,3,2.20,USD,C-0278,cash
O-907279,2026-09-27,S-01,SKU-4,Eggs,Dairy,3,0.35,EUR,C-0279,card
O-907280,2026-09-28,S-02,SKU-5,Coffee,Beverages,1,,GBP,C-0280,cash
O-907281,2026-09-01,S-03,SKU-1,Apple,Produce,10,1.50,USD,C-0281,card
O-907282,2026-09-02,S-01,SKU-2,Bread,Bakery,10,3.00,USD,C-0282,cash
O-907283,2026-09-03,S-02,SKU-3,Milk,Dairy,5,2.20,USD,C-0283,card
O-907284,2026-09-04,S-03,SKU-4,Eggs,Dairy,10,0.35,EUR,C-0284,cash
O-907285,2026-09-05,S-01,SKU-5,Coffee,Beverages,10,8.99,GBP,C-0285,card
O-907286,2026-09-06,S-02,SKU-1,Apple,Produce,10,1.50,USD,C-0286,cash
O-907287,2026-09-07,S-03,SKU-2,Bread,Bakery,4,3.00,USD,C-0287,card
O-907288,2026-09-08,S-01,SKU-3,Milk,Dairy,10,2.20,USD,C-0288,cash
O-907289,2026-09-09,S-02,SKU-4,Eggs,Dairy,4,0.35,EUR,C-0289,card
O-907290,2026-09-10,S-03,SKU-5,Coffee,Beverages,4,8.99,GBP,C-0290,cash
O-907291,2026-09-11,S-01,SKU-1,Apple,Produce,11,1.50,USD,C-0291,card
O-907292,2026-09-12,S-02,SKU-2,Bread,Bakery,1,3.00,USD,C-0292,cash
O-907293,2026-09-13,S-03,SKU-3,Milk,Dairy,6,2.20,USD,C-0293,card
O-907294,2026-09-14,S-01,SKU-4,Eggs,Dairy,2,0.35,EUR,C-0294,cash
O-907295,2026-09-15,S-02,SKU-5,Coffee,Beverages,12,8.99,GBP,C-0295,card
O-907296,2026-09-16,S-03,SKU-1,Apple,Produce,8,1.50,USD,C-0296,cash
O-907297,2026-09-17,S-01,SKU-2,Bread,Bakery,3,3.00,USD,C-0297,card
O-907298,2026-09-18,S-02,SKU-3,Milk,Dairy,9,2.20,USD,C-0298,cash
O-907299,2026-09-19,S-03,SKU-4,Eggs,Dairy,10,0.35,EUR,C-0299,card
,2026-09-20,S-01,SKU-5,Coffee,Beverages,8,8.99,GBP,C-0300,cash
O-907301,2026-09-21,S-02,SKU-1,Apple,Produce,12,1.50,USD,C-0301,card
O-907302,2026-09-22,S-03,SKU-2,Bread,Bakery,11,3.00,USD,C-0302,cash
O-907303,2026-09-23,S-01,SKU-3,Milk,Dairy,6,2.20,USD,C-0303,card
O-907304,2026-09-24,S-02,SKU-4,Eggs,Dairy,3,0.35,EUR,C-0304,cash
O-907305,2026-09-25,S-03,SKU-5,Coffee,Beverages,7,8.99,GBP,C-0305,card
O-907306,2026-09-26,S-01,SKU-1,Apple,Produce,8,1.50,USD,C-0306,cash
O-907307,2026-09-27,S-02,SKU-2,Bread,Bakery,8,3.00,USD,C-0307,card
O-907308,2026-09-28,S-03,SKU-3,Milk,Dairy,3,2.20,USD,C-0308,cash
O-907309,2026-09-01,S-01,SKU-4,Eggs,Dairy,3,0.35,EUR,C-0309,card
O-907310,2026-09-02,S-02,SKU-5,Coffee,Beverages,4,8.99,GBP,C-0310,cash
O-907311,2026-09-03,S-03,SKU-1,Apple,Produce,4,1.50,USD,C-0311,card
O-907312,2026-09-04,S-01,SKU-2,Bread,Bakery,1,3.00,USD,C-0312,cash
O-907313,2026-09-05,S-02,SKU-3,Milk,Dairy,7,2.20,USD,C-0313,card
O-907314,2026-09-06,S-03,SKU-4,Eggs,Dairy,1,0.35,EUR,C-0314,cash
O-907315,2026-09-07,S-01,SKU-5,Coffee,Beverages,5,8.99,GBP,C-0315,card
O-907316,2026-09-08,S-02,SKU-1,Apple,Produce,7,1.50,USD,C-0316,cash
O-907317,2026-09-09,S-03,SKU-2,Bread,Bakery,4,3.00,USD,C-0317,card
O-907318,2026-09-10,S-01,SKU-3,Milk,Dairy,12,2.20,USD,C-0318,cash
O-907319,2026-09-11,S-02,SKU-4,Eggs,Dairy,11,0.35,EUR,C-0319,card
O-907320,2026-09-12,S-03,SKU-5,Coffee,Beverages,4,8.99,XYZ,C-0320,cash
O-907321,2026-09-13,S-01,SKU-1,Apple,Produce,4,1.50,USD,C-0321,card
O-907322,2026-09-14,S-02,SKU-2,Bread,Bakery,2,3.00,USD,C-0322,cash
O-907323,2026-09-15,S-03,SKU-3,Milk,Dairy,3,2.20,USD,C-0323,card
O-907324,2026-09-16,S-01,SKU-4,Eggs,Dairy,8,0.35,EUR,C-0324,cash
O-907325,2026-09-17,S-02,SKU-5,Coffee,Beverages,10,8.99,GBP,C-0325,card
O-907326,2026-09-18,S-03,SKU-1,Apple,Produce,8,1.50,USD,C-0326,cash
O-907327,2026-09-19,S-01,SKU-2,Bread,Bakery,12,3.00,USD,C-0327,card
O-907328,2026-09-20,S-02,SKU-3,Milk,Dairy,6,2.20,USD,C-0328,cash
O-907329,2026-09-21,S-03,SKU-4,Eggs,Dairy,8,0.35,EUR,C-0329,card
O-907330,2026-09-22,S-01,SKU-5,Coffee,Beverages,4,8.99,GBP,C-0330,cash
O-907331,2026-09-23,S-02,SKU-1,Apple,Produce,7,1.50,USD,C-0331,card
O-907332,2026-09-24,S-03,SKU-2,Bread,Bakery,7,3.00,USD,C-0332,cash
O-907333,2026-09-25,S-01,SKU-3,Milk,Dairy,1,2.20,USD,C-0333,card
O-907334,2026-09-26,S-02,SKU-4,Eggs,Dairy,10,0.35,EUR,C-0334,cash
O-907335,2026-09-27,S-03,SKU-5,Coffee,Beverages,12,8.99,GBP,C-0335,card
O-907336,2026-09-28,S-01,SKU-1,Apple,Produce,7,1.50,USD,C-0336,cash
O-907337,2026-09-01,S-02,SKU-2,Bread,Bakery,12,3.00,USD,C-0337,card
O-907338,2026-09-02,S-03,SKU-3,Milk,Dairy,6,2.20,USD,C-0338,cash
O-907339,2026-09-03,S-01,SKU-4,Eggs,Dairy,7,0.35,EUR,C-0339,card
O-907340,2026-09-04,S-02,SKU-5,Coffee,Beverages,10,8.99,GBP,C-0340,bitcoin
O-907341,2026-09-05,S-03,SKU-1,Apple,Produce,12,1.50,USD,C-0341,card
O-907342,2026-09-06,S-01,SKU-2,Bread,Bakery,10,3.00,USD,C-0342,cash
O-907343,2026-09-07,S-02,SKU-3,Milk,Dairy,10,2.20,USD,C-0343,card
O-907344,2026-09-08,S-03,SKU-4,Eggs,Dairy,9,0.35,EUR,C-0344,cash
O-907345,2026-09-09,S-01,SKU-5,Coffee,Beverages,9,8.99,GBP,C-0345,card
O-907346,2026-09-10,S-02,SKU-1,Apple,Produce,11,1.50,USD,C-0346,cash
O-907347,2026-09-11,S-03,SKU-2,Bread,Bakery,12,3.00,USD,C-0347,card
O-907348,2026-09-12,S-01,SKU-3,Milk,Dairy,1,2.20,USD,C-0348,cash
O-907349,2026-09-13,S-02,SKU-4,Eggs,Dairy,9,0.35,EUR,C-0349,card
O-907350,2026-09-14,S-03,SKU-5,Coffee,Beverages,2,8.99,GBP,C-0350,cash
O-907351,2026-09-15,S-01,SKU-1,Apple,Produce,8,1.50,USD,C-0351,card
O-907352,2026-09-16,S-02,SKU-2,Bread,Bakery,8,3.00,USD,C-0352,cash
O-907353,2026-09-17,S-03,SKU-3,Milk,Dairy,1,2.20,USD,C-0353,card
O-907354,2026-09-18,S-01,SKU-4,Eggs,Dairy,4,0.35,EUR,C-0354,cash
O-907355,2026-09-19,S-02,SKU-5,Coffee,Beverages,9,8.99,GBP,C-0355,card
O-907356,2026-09-20,S-03,SKU-1,Apple,Produce,9,1.50,USD,C-0356,cash
O-907357,2026-09-21,S-01,SKU-2,Bread,Bakery,7,3.00,USD,C-0357,card
O-907358,2026-09-22,S-02,SKU-3,Milk,Dairy,12,2.20,USD,C-0358,cash
O-907359,2026-09-23,S-03,SKU-4,Eggs,Dairy,1,0.35,EUR,C-0359,card
O-907360,2026-09-24,S-01,SKU-5,Coffee,Beverages,0,8.99,GBP,C-0360,cash
O-907361,2026-09-25,S-02,SKU-1,Apple,Produce,7,1.50,USD,C-0361,card
O-907362,2026-09-26,S-03,SKU-2,Bread,Bakery,9,3.00,USD,C-0362,cash
O-907363,2026-09-27,S-01,SKU-3,Milk,Dairy,11,2.20,USD,C-0363,card
O-907364,2026-09-28,S-02,SKU-4,Eggs,Dairy,1,0.35,EUR,C-0364,cash
O-907365,2026-09-01,S-03,SKU-5,Coffee,Beverages,4,8.99,GBP,C-0365,card
O-907366,2026-09-02,S-01,SKU-1,Apple,Produce,5,1.50,USD,C-0366,cash
O-907367,2026-09-03,S-02,SKU-2,Bread,Bakery,8,3.00,USD,C-0367,card
O-907368,2026-09-04,S-03,SKU-3,Milk,Dairy,7,2.20,USD,C-0368,cash
O-907369,2026-09-05,S-01,SKU-4,Eggs,Dairy,5,0.35,EUR,C-0369,card
O-907370,2026-09-06,S-02,SKU-5,Coffee,Beverages,5,8.99,GBP,C-0370,cash
O-907371,2026-09-07,S-03,SKU-1,Apple,Produce,8,1.50,USD,C-0371,card
O-907372,2026-09-08,S-01,SKU-2,Bread,Bakery,3,3.00,USD,C-0372,cash
O-907373,2026-09-09,S-02,SKU-3,Milk,Dairy,7,2.20,USD,C-0373,card
O-907374,2026-09-10,S-03,SKU-4,Eggs,Dairy,5,0.35,EUR,C-0374,cash
O-907375,2026-09-11,S-01,SKU-5,Coffee,Beverages,10,8.99,GBP,C-0375,card
O-907376,2026-09-12,S-02,SKU-1,Apple,Produce,1,1.50,USD,C-0376,cash
O-907377,2026-09-13,S-03,SKU-2,Bread,Bakery,12,3.00,USD,C-0377,card
O-907378,2026-09-14,S-01,SKU-3,Milk,Dairy,9,2.20,USD,C-0378,cash
O-907379,2026-09-15,S-02,SKU-4,Eggs,Dairy,3,0.35,EUR,C-0379,card
O-907380,bad-date,S-03,SKU-5,Coffee,Beverages,8,8.99,GBP,C-0380,cash
O-907381,2026-09-17,S-01,SKU-1,Apple,Produce,11,1.50,USD,C-0381,card
O-907382,2026-09-18,S-02,SKU-2,Bread,Bakery,8,3.00,USD,C-0382,cash
O-907383,2026-09-19,S-03,SKU-3,Milk,Dairy,2,2.20,USD,C-0383,card
O-907384,2026-09-20,S-01,SKU-4,Eggs,Dairy,12,0.35,EUR,C-0384,cash
O-907385,2026-09-21,S-02,SKU-5,Coffee,Beverages,9,8.99,GBP,C-0385,card
O-907386,2026-09-22,S-03,SKU-1,Apple,Produce,2,1.50,USD,C-0386,cash
O-907387,2026-09-23,S-01,SKU-2,Bread,Bakery,3,3.00,USD,C-0387,card
O-907388,2026-09-24,S-02,SKU-3,Milk,Dairy,10,2.20,USD,C-0388,cash
O-907389,2026-09-25,S-03,SKU-4,Eggs,Dairy,12,0.35,EUR,C-0389,card
O-907390,2026-09-26,S-01,SKU-5,Coffee,Beverages,9,8.99,GBP,C-0390,cash
O-907391,2026-09-27,S-02,SKU-1,Apple,Produce,3,1.50,USD,C-0391,card
O-907392,2026-09-28,S-03,SKU-2,Bread,Bakery,7,3.00,USD,C-0392,cash
O-907393,2026-09-01,S-01,SKU-3,Milk,Dairy,7,2.20,USD,C-0393,card
O-907394,2026-09-02,S-02,SKU-4,Eggs,Dairy,6,0.35,EUR,C-0394,cash
O-907395,2026-09-03,S-03,SKU-5,Coffee,Beverages,8,8.99,GBP,C-0395,card
O-907396,2026-09-04,S-01,SKU-1,Apple,Produce,1,1.50,USD,C-0396,cash
O-907397,2026-09-05,S-02,SKU-2,Bread,Bakery,3,3.00,USD,C-0397,card
O-907398,2026-09-06,S-03,SKU-3,Milk,Dairy,8,2.20,USD,C-0398,cash
O-907399,2026-09-07,S-01,SKU-4,Eggs,Dairy,10,0.35,EUR,C-0399,card
O-907400,2026-09-08,S-02,SKU-5,Coffee,Beverages,-3,8.99,GBP,C-0400,cash
O-907401,2026-09-09,S-03,SKU-1,Apple,Produce,4,1.50,USD,C-0401,card
O-907402,2026-09-10,S-01,SKU-2,Bread,Bakery,8,3.00,USD,C-0402,cash
O-907403,2026-09-11,S-02,SKU-3,Milk,Dairy,2,2.20,USD,C-0403,card
O-907404,2026-09-12,S-03,SKU-4,Eggs,Dairy,5,0.35,EUR,C-0404,cash
O-907405,2026-09-13,S-01,SKU-5,Coffee,Beverages,6,8.99,GBP,C-0405,card
O-907406,2026-09-14,S-02,SKU-1,Apple,Produce,12,1.50,USD,C-0406,cash
O-907407,2026-09-15,S-03,SKU-2,Bread,Bakery,11,3.00,USD,C-0407,card
O-907408,2026-09-16,S-01,SKU-3,Milk,Dairy,12,2.20,USD,C-0408,cash
O-907409,2026-09-17,S-02,SKU-4,Eggs,Dairy,3,0.35,EUR,C-0409,card
O-907410,2026-09-18,S-03,SKU-5,Coffee,Beverages,12,8.99,GBP,C-0410,cash
O-907411,2026-09-19,S-01,SKU-1,Apple,Produce,12,1.50,USD,C-0411,card
O-907412,2026-09-20,S-02,SKU-2,Bread,Bakery,2,3.00,USD,C-0412,cash
O-907413,2026-09-21,S-03,SKU-3,Milk,Dairy,2,2.20,USD,C-0413,card
O-907414,2026-09-22,S-01,SKU-4,Eggs,Dairy,2,0.35,EUR,C-0414,cash
O-907415,2026-09-23,S-02,SKU-5,Coffee,Beverages,12,8.99,GBP,C-0415,card
O-907416,2026-09-24,S-03,SKU-1,Apple,Produce,8,1.50,USD,C-0416,cash
O-907417,2026-09-25,S-01,SKU-2,Bread,Bakery,11,3.00,USD,C-0417,card
O-907418,2026-09-26,S-02,SKU-3,Milk,Dairy,6,2.20,USD,C-0418,cash
O-907419,2026-09-27,S-03,SKU-4,Eggs,Dairy,2,0.35,EUR,C-0419,card
O-907420,2026-09-28,S-01,SKU-999,Coffee,Beverages,9,8.99,GBP,C-0420,cash
O-907421,2026-09-01,S-02,SKU-1,Apple,Produce,12,1.50,USD,C-0421,card
O-907422,2026-09-02,S-03,SKU-2,Bread,Bakery,7,3.00,USD,C-0422,cash
O-907423,2026-09-03,S-01,SKU-3,Milk,Dairy,12,2.20,USD,C-0423,card
O-907424,2026-09-04,S-02,SKU-4,Eggs,Dairy,9,0.35,EUR,C-0424,cash
O-907425,2026-09-05,S-03,SKU-5,Coffee,Beverages,10,8.99,GBP,C-0425,card
O-907426,2026-09-06,S-01,SKU-1,Apple,Produce,3,1.50,USD,C-0426,cash
O-907427,2026-09-07,S-02,SKU-2,Bread,Bakery,7,3.00,USD,C-0427,card
O-907428,2026-09-08,S-03,SKU-3,Milk,Dairy,9,2.20,USD,C-0428,cash
O-907429,2026-09-09,S-01,SKU-4,Eggs,Dairy,7,0.35,EUR,C-0429,card
O-907430,2026-09-10,S-02,SKU-5,Coffee,Beverages,1,8.99,GBP,C-0430,cash
O-907431,2026-09-11,S-03,SKU-1,Apple,Produce,3,1.50,USD,C-0431,card
O-907432,2026-09-12,S-01,SKU-2,Bread,Bakery,6,3.00,USD,C-0432,cash
O-907433,2026-09-13,S-02,SKU-3,Milk,Dairy,10,2.20,USD,C-0433,card
O-907434,2026-09-14,S-03,SKU-4,Eggs,Dairy,11,0.35,EUR,C-0434,cash
O-907435,2026-09-15,S-01,SKU-5,Coffee,Beverages,3,8.99,GBP,C-0435,card
O-907436,2026-09-16,S-02,SKU-1,Apple,Produce,3,1.50,USD,C-0436,cash
O-907437,2026-09-17,S-03,SKU-2,Bread,Bakery,3,3.00,USD,C-0437,card
O-907438,2026-09-18,S-01,SKU-3,Milk,Dairy,3,2.20,USD,C-0438,cash
O-907439,2026-09-19,S-02,SKU-4,Eggs,Dairy,12,0.35,EUR,C-0439,card
O-907440,2026-09-20,S-03,SKU-5,Coffee,Beverages,1,,GBP,C-0440,cash
O-907441,2026-09-21,S-01,SKU-1,Apple,Produce,7,1.50,USD,C-0441,card
O-907442,2026-09-22,S-02,SKU-2,Bread,Bakery,5,3.00,USD,C-0442,cash
O-907443,2026-09-23,S-03,SKU-3,Milk,Dairy,5,2.20,USD,C-0443,card
O-907444,2026-09-24,S-01,SKU-4,Eggs,Dairy,12,0.35,EUR,C-0444,cash
O-907445,2026-09-25,S-02,SKU-5,Coffee,Beverages,8,8.99,GBP,C-0445,card
O-907446,2026-09-26,S-03,SKU-1,Apple,Produce,5,1.50,USD,C-0446,cash
O-907447,2026-09-27,S-01,SKU-2,Bread,Bakery,11,3.00,USD,C-0447,card
O-907448,2026-09-28,S-02,SKU-3,Milk,Dairy,3,2.20,USD,C-0448,cash
O-907449,2026-09-01,S-03,SKU-4,Eggs,Dairy,2,0.35,EUR,C-0449,card
O-907450,2026-09-02,S-01,SKU-5,Coffee,Beverages,3,8.99,GBP,C-0450,cash
O-907451,2026-09-03,S-02,SKU-1,Apple,Produce,4,1.50,USD,C-0451,card
O-907452,2026-09-04,S-03,SKU-2,Bread,Bakery,1,3.00,USD,C-0452,cash
O-907453,2026-09-05,S-01,SKU-3,Milk,Dairy,10,2.20,USD,C-0453,card
O-907454,2026-09-06,S-02,SKU-4,Eggs,Dairy,5,0.35,EUR,C-0454,cash
O-907455,2026-09-07,S-03,SKU-5,Coffee,Beverages,1,8.99,GBP,C-0455,card
O-907456,2026-09-08,S-01,SKU-1,Apple,Produce,8,1.50,USD,C-0456,cash
O-907457,2026-09-09,S-02,SKU-2,Bread,Bakery,8,3.00,USD,C-0457,card
O-907458,2026-09-10,S-03,SKU-3,Milk,Dairy,8,2.20,USD,C-0458,cash
O-907459,2026-09-11,S-01,SKU-4,Eggs,Dairy,9,0.35,EUR,C-0459,card
,2026-09-12,S-02,SKU-5,Coffee,Beverages,1,8.99,GBP,C-0460,cash
O-907461,2026-09-13,S-03,SKU-1,Apple,Produce,10,1.50,USD,C-0461,card
O-907462,2026-09-14,S-01,SKU-2,Bread,Bakery,8,3.00,USD,C-0462,cash
O-907463,2026-09-15,S-02,SKU-3,Milk,Dairy,4,2.20,USD,C-0463,card
O-907464,2026-09-16,S-03,SKU-4,Eggs,Dairy,4,0.35,EUR,C-0464,cash
O-907465,2026-09-17,S-01,SKU-5,Coffee,Beverages,10,8.99,GBP,C-0465,card
O-907466,2026-09-18,S-02,SKU-1,Apple,Produce,11,1.50,USD,C-0466,cash
O-907467,2026-09-19,S-03,SKU-2,Bread,Bakery,8,3.00,USD,C-0467,card
O-907468,2026-09-20,S-01,SKU-3,Milk,Dairy,8,2.20,USD,C-0468,cash
O-907469,2026-09-21,S-02,SKU-4,Eggs,Dairy,7,0.35,EUR,C-0469,card
O-907470,2026-09-22,S-03,SKU-5,Coffee,Beverages,8,8.99,GBP,C-0470,cash
O-907471,2026-09-23,S-01,SKU-1,Apple,Produce,2,1.50,USD,C-0471,card
O-907472,2026-09-24,S-02,SKU-2,Bread,Bakery,10,3.00,USD,C-0472,cash
O-907473,2026-09-25,S-03,SKU-3,Milk,Dairy,10,2.20,USD,C-0473,card
O-907474,2026-09-26,S-01,SKU-4,Eggs,Dairy,1,0.35,EUR,C-0474,cash
O-907475,2026-09-27,S-02,SKU-5,Coffee,Beverages,4,8.99,GBP,C-0475,card
O-907476,2026-09-28,S-03,SKU-1,Apple,Produce,9,1.50,USD,C-0476,cash
O-907477,2026-09-01,S-01,SKU-2,Bread,Bakery,5,3.00,USD,C-0477,card
O-907478,2026-09-02,S-02,SKU-3,Milk,Dairy,10,2.20,USD,C-0478,cash
O-907479,2026-09-03,S-03,SKU-4,Eggs,Dairy,11,0.35,EUR,C-0479,card
O-907480,2026-09-04,S-01,SKU-5,Coffee,Beverages,9,8.99,XYZ,C-0480,cash
O-907481,2026-09-05,S-02,SKU-1,Apple,Produce,4,1.50,USD,C-0481,card
O-907482,2026-09-06,S-03,SKU-2,Bread,Bakery,1,3.00,USD,C-0482,cash
O-907483,2026-09-07,S-01,SKU-3,Milk,Dairy,3,2.20,USD,C-0483,card
O-907484,2026-09-08,S-02,SKU-4,Eggs,Dairy,3,0.35,EUR,C-0484,cash
O-907485,2026-09-09,S-03,SKU-5,Coffee,Beverages,1,8.99,GBP,C-0485,card
O-907486,2026-09-10,S-01,SKU-1,Apple,Produce,11,1.50,USD,C-0486,cash
O-907487,2026-09-11,S-02,SKU-2,Bread,Bakery,6,3.00,USD,C-0487,card
O-907488,2026-09-12,S-03,SKU-3,Milk,Dairy,1,2.20,USD,C-0488,cash
O-907489,2026-09-13,S-01,SKU-4,Eggs,Dairy,3,0.35,EUR,C-0489,card
O-907490,2026-09-14,S-02,SKU-5,Coffee,Beverages,1,8.99,GBP,C-0490,cash
O-907491,2026-09-15,S-03,SKU-1,Apple,Produce,11,1.50,USD,C-0491,card
O-907492,2026-09-16,S-01,SKU-2,Bread,Bakery,10,3.00,USD,C-0492,cash
O-907493,2026-09-17,S-02,SKU-3,Milk,Dairy,10,2.20,USD,C-0493,card
O-907494,2026-09-18,S-03,SKU-4,Eggs,Dairy,5,0.35,EUR,C-0494,cash
O-907495,2026-09-19,S-01,SKU-5,Coffee,Beverages,6,8.99,GBP,C-0495,card
O-907496,2026-09-20,S-02,SKU-1,Apple,Produce,2,1.50,USD,C-0496,cash
O-907497,2026-09-21,S-03,SKU-2,Bread,Bakery,1,3.00,USD,C-0497,card
O-907498,2026-09-22,S-01,SKU-3,Milk,Dairy,2,2.20,USD,C-0498,cash
O-907499,2026-09-23,S-02,SKU-4,Eggs,Dairy,7,0.35,EUR,C-0499,card
O-907500,2026-09-24,S-03,SKU-5,Coffee,Beverages,3,8.99,GBP,C-0500,bitcoin
O-907501,2026-09-25,S-01,SKU-1,Apple,Produce,3,1.50,USD,C-0001,card
O-907502,2026-09-26,S-02,SKU-2,Bread,Bakery,11,3.00,USD,C-0002,cash
O-907503,2026-09-27,S-03,SKU-3,Milk,Dairy,5,2.20,USD,C-0003,card
O-907504,2026-09-28,S-01,SKU-4,Eggs,Dairy,10,0.35,EUR,C-0004,cash
O-907505,2026-09-01,S-02,SKU-5,Coffee,Beverages,11,8.99,GBP,C-0005,card
O-907506,2026-09-02,S-03,SKU-1,Apple,Produce,12,1.50,USD,C-0006,cash
O-907507,2026-09-03,S-01,SKU-2,Bread,Bakery,12,3.00,USD,C-0007,card
O-907508,2026-09-04,S-02,SKU-3,Milk,Dairy,10,2.20,USD,C-0008,cash
O-907509,2026-09-05,S-03,SKU-4,Eggs,Dairy,10,0.35,EUR,C-0009,card
O-907510,2026-09-06,S-01,SKU-5,Coffee,Beverages,9,8.99,GBP,C-0010,cash
O-907511,2026-09-07,S-02,SKU-1,Apple,Produce,3,1.50,USD,C-0011,card
O-907512,2026-09-08,S-03,SKU-2,Bread,Bakery,8,3.00,USD,C-0012,cash
O-907513,2026-09-09,S-01,SKU-3,Milk,Dairy,12,2.20,USD,C-0013,card
O-907514,2026-09-10,S-02,SKU-4,Eggs,Dairy,10,0.35,EUR,C-0014,cash
O-907515,2026-09-11,S-03,SKU-5,Coffee,Beverages,6,8.99,GBP,C-0015,card
O-907516,2026-09-12,S-01,SKU-1,Apple,Produce,1,1.50,USD,C-0016,cash
O-907517,2026-09-13,S-02,SKU-2,Bread,Bakery,2,3.00,USD,C-0017,card
O-907518,2026-09-14,S-03,SKU-3,Milk,Dairy,5,2.20,USD,C-0018,cash
O-907519,2026-09-15,S-01,SKU-4,Eggs,Dairy,6,0.35,EUR,C-0019,card
O-907520,2026-09-16,S-02,SKU-5,Coffee,Beverages,0,8.99,GBP,C-0020,cash
O-907521,2026-09-17,S-03,SKU-1,Apple,Produce,7,1.50,USD,C-0021,card
O-907522,2026-09-18,S-01,SKU-2,Bread,Bakery,2,3.00,USD,C-0022,cash
O-907523,2026-09-19,S-02,SKU-3,Milk,Dairy,7,2.20,USD,C-0023,card
O-907524,2026-09-20,S-03,SKU-4,Eggs,Dairy,9,0.35,EUR,C-0024,cash
O-907525,2026-09-21,S-01,SKU-5,Coffee,Beverages,2,8.99,GBP,C-0025,card
O-907526,2026-09-22,S-02,SKU-1,Apple,Produce,5,1.50,USD,C-0026,cash
O-907527,2026-09-23,S-03,SKU-2,Bread,Bakery,8,3.00,USD,C-0027,card
O-907528,2026-09-24,S-01,SKU-3,Milk,Dairy,3,2.20,USD,C-0028,cash
O-907529,2026-09-25,S-02,SKU-4,Eggs,Dairy,2,0.35,EUR,C-0029,card
O-907530,2026-09-26,S-03,SKU-5,Coffee,Beverages,12,8.99,GBP,C-0030,cash
O-907531,2026-09-27,S-01,SKU-1,Apple,Produce,5,1.50,USD,C-0031,card
O-907532,2026-09-28,S-02,SKU-2,Bread,Bakery,6,3.00,USD,C-0032,cash
O-907533,2026-09-01,S-03,SKU-3,Milk,Dairy,9,2.20,USD,C-0033,card
O-907534,2026-09-02,S-01,SKU-4,Eggs,Dairy,7,0.35,EUR,C-0034,cash
O-907535,2026-09-03,S-02,SKU-5,Coffee,Beverages,9,8.99,GBP,C-0035,card
O-907536,2026-09-04,S-03,SKU-1,Apple,Produce,4,1.50,USD,C-0036,cash
O-907537,2026-09-05,S-01,SKU-2,Bread,Bakery,12,3.00,USD,C-0037,card
O-907538,2026-09-06,S-02,SKU-3,Milk,Dairy,4,2.20,USD,C-0038,cash
O-907539,2026-09-07,S-03,SKU-4,Eggs,Dairy,10,0.35,EUR,C-0039,card
O-907540,bad-date,S-01,SKU-5,Coffee,Beverages,1,8.99,GBP,C-0040,cash
O-907541,2026-09-09,S-02,SKU-1,Apple,Produce,2,1.50,USD,C-0041,card
O-907542,2026-09-10,S-03,SKU-2,Bread,Bakery,10,3.00,USD,C-0042,cash
O-907543,2026-09-11,S-01,SKU-3,Milk,Dairy,12,2.20,USD,C-0043,card
O-907544,2026-09-12,S-02,SKU-4,Eggs,Dairy,11,0.35,EUR,C-0044,cash
O-907545,2026-09-13,S-03,SKU-5,Coffee,Beverages,9,8.99,GBP,C-0045,card
O-907546,2026-09-14,S-01,SKU-1,Apple,Produce,2,1.50,USD,C-0046,cash
O-907547,2026-09-15,S-02,SKU-2,Bread,Bakery,8,3.00,USD,C-0047,card
O-907548,2026-09-16,S-03,SKU-3,Milk,Dairy,12,2.20,USD,C-0048,cash
O-907549,2026-09-17,S-01,SKU-4,Eggs,Dairy,12,0.35,EUR,C-0049,card
O-907550,2026-09-18,S-02,SKU-5,Coffee,Beverages,10,8.99,GBP,C-0050,cash
O-907551,2026-09-19,S-03,SKU-1,Apple,Produce,12,1.50,USD,C-0051,card
O-907552,2026-09-20,S-01,SKU-2,Bread,Bakery,5,3.00,USD,C-0052,cash
O-907553,2026-09-21,S-02,SKU-3,Milk,Dairy,7,2.20,USD,C-0053,card
O-907554,2026-09-22,S-03,SKU-4,Eggs,Dairy,10,0.35,EUR,C-0054,cash
O-907555,2026-09-23,S-01,SKU-5,Coffee,Beverages,6,8.99,GBP,C-0055,card
O-907556,2026-09-24,S-02,SKU-1,Apple,Produce,5,1.50,USD,C-0056,cash
O-907557,2026-09-25,S-03,SKU-2,Bread,Bakery,9,3.00,USD,C-0057,card
O-907558,2026-09-26,S-01,SKU-3,Milk,Dairy,10,2.20,USD,C-0058,cash
O-907559,2026-09-27,S-02,SKU-4,Eggs,Dairy,10,0.35,EUR,C-0059,card
O-907560,2026-09-28,S-03,SKU-5,Coffee,Beverages,-3,8.99,GBP,C-0060,cash
O-907561,2026-09-01,S-01,SKU-1,Apple,Produce,3,1.50,USD,C-0061,card
O-907562,2026-09-02,S-02,SKU-2,Bread,Bakery,10,3.00,USD,C-0062,cash
O-907563,2026-09-03,S-03,SKU-3,Milk,Dairy,10,2.20,USD,C-0063,card
O-907564,2026-09-04,S-01,SKU-4,Eggs,Dairy,8,0.35,EUR,C-0064,cash
O-907565,2026-09-05,S-02,SKU-5,Coffee,Beverages,9,8.99,GBP,C-0065,card
O-907566,2026-09-06,S-03,SKU-1,Apple,Produce,12,1.50,USD,C-0066,cash
O-907567,2026-09-07,S-01,SKU-2,Bread,Bakery,11,3.00,USD,C-0067,card
O-907568,2026-09-08,S-02,SKU-3,Milk,Dairy,8,2.20,USD,C-0068,cash
O-907569,2026-09-09,S-03,SKU-4,Eggs,Dairy,8,0.35,EUR,C-0069,card
O-907570,2026-09-10,S-01,SKU-5,Coffee,Beverages,3,8.99,GBP,C-0070,cash
O-907571,2026-09-11,S-02,SKU-1,Apple,Produce,10,1.50,USD,C-0071,card
O-907572,2026-09-12,S-03,SKU-2,Bread,Bakery,4,3.00,USD,C-0072,cash
O-907573,2026-09-13,S-01,SKU-3,Milk,Dairy,12,2.20,USD,C-0073,card
O-907574,2026-09-14,S-02,SKU-4,Eggs,Dairy,5,0.35,EUR,C-0074,cash
O-907575,2026-09-15,S-03,SKU-5,Coffee,Beverages,4,8.99,GBP,C-0075,card
O-907576,2026-09-16,S-01,SKU-1,Apple,Produce,1,1.50,USD,C-0076,cash
O-907577,2026-09-17,S-02,SKU-2,Bread,Bakery,2,3.00,USD,C-0077,card
O-907578,2026-09-18,S-03,SKU-3,Milk,Dairy,1,2.20,USD,C-0078,cash
O-907579,2026-09-19,S-01,SKU-4,Eggs,Dairy,8,0.35,EUR,C-0079,card
O-907580,2026-09-20,S-02,SKU-999,Coffee,Beverages,11,8.99,GBP,C-0080,cash
O-907581,2026-09-21,S-03,SKU-1,Apple,Produce,2,1.50,USD,C-0081,card
O-907582,2026-09-22,S-01,SKU-2,Bread,Bakery,12,3.00,USD,C-0082,cash
O-907583,2026-09-23,S-02,SKU-3,Milk,Dairy,4,2.20,USD,C-0083,card
O-907584,2026-09-24,S-03,SKU-4,Eggs,Dairy,10,0.35,EUR,C-0084,cash
O-907585,2026-09-25,S-01,SKU-5,Coffee,Beverages,7,8.99,GBP,C-0085,card
O-907586,2026-09-26,S-02,SKU-1,Apple,Produce,7,1.50,USD,C-0086,cash
O-907587,2026-09-27,S-03,SKU-2,Bread,Bakery,1,3.00,USD,C-0087,card
O-907588,2026-09-28,S-01,SKU-3,Milk,Dairy,6,2.20,USD,C-0088,cash
O-907589,2026-09-01,S-02,SKU-4,Eggs,Dairy,6,0.35,EUR,C-0089,card
O-907590,2026-09-02,S-03,SKU-5,Coffee,Beverages,9,8.99,GBP,C-0090,cash
O-907591,2026-09-03,S-01,SKU-1,Apple,Produce,11,1.50,USD,C-0091,card
O-907592,2026-09-04,S-02,SKU-2,Bread,Bakery,4,3.00,USD,C-0092,cash
O-907593,2026-09-05,S-03,SKU-3,Milk,Dairy,1,2.20,USD,C-0093,card
O-907594,2026-09-06,S-01,SKU-4,Eggs,Dairy,11,0.35,EUR,C-0094,cash
O-907595,2026-09-07,S-02,SKU-5,Coffee,Beverages,4,8.99,GBP,C-0095,card
O-907596,2026-09-08,S-03,SKU-1,Apple,Produce,12,1.50,USD,C-0096,cash
O-907597,2026-09-09,S-01,SKU-2,Bread,Bakery,5,3.00,USD,C-0097,card
O-907598,2026-09-10,S-02,SKU-3,Milk,Dairy,5,2.20,USD,C-0098,cash
O-907599,2026-09-11,S-03,SKU-4,Eggs,Dairy,2,0.35,EUR,C-0099,card
O-907600,2026-09-12,S-01,SKU-5,Coffee,Beverages,5,,GBP,C-0100,cash
O-907601,2026-09-13,S-02,SKU-1,Apple,Produce,5,1.50,USD,C-0101,card
O-907602,2026-09-14,S-03,SKU-2,Bread,Bakery,9,3.00,USD,C-0102,cash
O-907603,2026-09-15,S-01,SKU-3,Milk,Dairy,9,2.20,USD,C-0103,card
O-907604,2026-09-16,S-02,SKU-4,Eggs,Dairy,6,0.35,EUR,C-0104,cash
O-907605,2026-09-17,S-03,SKU-5,Coffee,Beverages,1,8.99,GBP,C-0105,card
O-907606,2026-09-18,S-01,SKU-1,Apple,Produce,2,1.50,USD,C-0106,cash
O-907607,2026-09-19,S-02,SKU-2,Bread,Bakery,11,3.00,USD,C-0107,card
O-907608,2026-09-20,S-03,SKU-3,Milk,Dairy,6,2.20,USD,C-0108,cash
O-907609,2026-09-21,S-01,SKU-4,Eggs,Dairy,6,0.35,EUR,C-0109,card
O-907610,2026-09-22,S-02,SKU-5,Coffee,Beverages,7,8.99,GBP,C-0110,cash
O-907611,2026-09-23,S-03,SKU-1,Apple,Produce,12,1.50,USD,C-0111,card
O-907612,2026-09-24,S-01,SKU-2,Bread,Bakery,10,3.00,USD,C-0112,cash
O-907613,2026-09-25,S-02,SKU-3,Milk,Dairy,10,2.20,USD,C-0113,card
O-907614,2026-09-26,S-03,SKU-4,Eggs,Dairy,1,0.35,EUR,C-0114,cash
O-907615,2026-09-27,S-01,SKU-5,Coffee,Beverages,3,8.99,GBP,C-0115,card
O-907616,2026-09-28,S-02,SKU-1,Apple,Produce,4,1.50,USD,C-0116,cash
O-907617,2026-09-01,S-03,SKU-2,Bread,Bakery,6,3.00,USD,C-0117,card
O-907618,2026-09-02,S-01,SKU-3,Milk,Dairy,6,2.20,USD,C-0118,cash
O-907619,2026-09-03,S-02,SKU-4,Eggs,Dairy,11,0.35,EUR,C-0119,card
,2026-09-04,S-03,SKU-5,Coffee,Beverages,8,8.99,GBP,C-0120,cash
O-907621,2026-09-05,S-01,SKU-1,Apple,Produce,8,1.50,USD,C-0121,card
O-907622,2026-09-06,S-02,SKU-2,Bread,Bakery,1,3.00,USD,C-0122,cash
O-907623,2026-09-07,S-03,SKU-3,Milk,Dairy,11,2.20,USD,C-0123,card
O-907624,2026-09-08,S-01,SKU-4,Eggs,Dairy,3,0.35,EUR,C-0124,cash
O-907625,2026-09-09,S-02,SKU-5,Coffee,Beverages,8,8.99,GBP,C-0125,card
O-907626,2026-09-10,S-03,SKU-1,Apple,Produce,3,1.50,USD,C-0126,cash
O-907627,2026-09-11,S-01,SKU-2,Bread,Bakery,11,3.00,USD,C-0127,card
O-907628,2026-09-12,S-02,SKU-3,Milk,Dairy,8,2.20,USD,C-0128,cash
O-907629,2026-09-13,S-03,SKU-4,Eggs,Dairy,9,0.35,EUR,C-0129,card
O-907630,2026-09-14,S-01,SKU-5,Coffee,Beverages,6,8.99,GBP,C-0130,cash
O-907631,2026-09-15,S-02,SKU-1,Apple,Produce,8,1.50,USD,C-0131,card
O-907632,2026-09-16,S-03,SKU-2,Bread,Bakery,7,3.00,USD,C-0132,cash
O-907633,2026-09-17,S-01,SKU-3,Milk,Dairy,12,2.20,USD,C-0133,card
O-907634,2026-09-18,S-02,SKU-4,Eggs,Dairy,1,0.35,EUR,C-0134,cash
O-907635,2026-09-19,S-03,SKU-5,Coffee,Beverages,9,8.99,GBP,C-0135,card
O-907636,2026-09-20,S-01,SKU-1,Apple,Produce,5,1.50,USD,C-0136,cash
O-907637,2026-09-21,S-02,SKU-2,Bread,Bakery,10,3.00,USD,C-0137,card
O-907638,2026-09-22,S-03,SKU-3,Milk,Dairy,12,2.20,USD,C-0138,cash
O-907639,2026-09-23,S-01,SKU-4,Eggs,Dairy,11,0.35,EUR,C-0139,card
O-907640,2026-09-24,S-02,SKU-5,Coffee,Beverages,6,8.99,XYZ,C-0140,cash
O-907641,2026-09-25,S-03,SKU-1,Apple,Produce,9,1.50,USD,C-0141,card
O-907642,2026-09-26,S-01,SKU-2,Bread,Bakery,9,3.00,USD,C-0142,cash
O-907643,2026-09-27,S-02,SKU-3,Milk,Dairy,1,2.20,USD,C-0143,card
O-907644,2026-09-28,S-03,SKU-4,Eggs,Dairy,4,0.35,EUR,C-0144,cash
O-907645,2026-09-01,S-01,SKU-5,Coffee,Beverages,10,8.99,GBP,C-0145,card
O-907646,2026-09-02,S-02,SKU-1,Apple,Produce,11,1.50,USD,C-0146,cash
O-907647,2026-09-03,S-03,SKU-2,Bread,Bakery,6,3.00,USD,C-0147,card
O-907648,2026-09-04,S-01,SKU-3,Milk,Dairy,6,2.20,USD,C-0148,cash
O-907649,2026-09-05,S-02,SKU-4,Eggs,Dairy,2,0.35,EUR,C-0149,card
O-907650,2026-09-06,S-03,SKU-5,Coffee,Beverages,3,8.99,GBP,C-0150,cash
O-907651,2026-09-07,S-01,SKU-1,Apple,Produce,5,1.50,USD,C-0151,card
O-907652,2026-09-08,S-02,SKU-2,Bread,Bakery,1,3.00,USD,C-0152,cash
O-907653,2026-09-09,S-03,SKU-3,Milk,Dairy,6,2.20,USD,C-0153,card
O-907654,2026-09-10,S-01,SKU-4,Eggs,Dairy,7,0.35,EUR,C-0154,cash
O-907655,2026-09-11,S-02,SKU-5,Coffee,Beverages,11,8.99,GBP,C-0155,card
O-907656,2026-09-12,S-03,SKU-1,Apple,Produce,9,1.50,USD,C-0156,cash
O-907657,2026-09-13,S-01,SKU-2,Bread,Bakery,3,3.00,USD,C-0157,card
O-907658,2026-09-14,S-02,SKU-3,Milk,Dairy,10,2.20,USD,C-0158,cash
O-907659,2026-09-15,S-03,SKU-4,Eggs,Dairy,10,0.35,EUR,C-0159,card
O-907660,2026-09-16,S-01,SKU-5,Coffee,Beverages,7,8.99,GBP,C-0160,bitcoin
O-907661,2026-09-17,S-02,SKU-1,Apple,Produce,3,1.50,USD,C-0161,card
O-907662,2026-09-18,S-03,SKU-2,Bread,Bakery,10,3.00,USD,C-0162,cash
O-907663,2026-09-19,S-01,SKU-3,Milk,Dairy,2,2.20,USD,C-0163,card
O-907664,2026-09-20,S-02,SKU-4,Eggs,Dairy,5,0.35,EUR,C-0164,cash
O-907665,2026-09-21,S-03,SKU-5,Coffee,Beverages,12,8.99,GBP,C-0165,card
O-907666,2026-09-22,S-01,SKU-1,Apple,Produce,6,1.50,USD,C-0166,cash
O-907667,2026-09-23,S-02,SKU-2,Bread,Bakery,12,3.00,USD,C-0167,card
O-907668,2026-09-24,S-03,SKU-3,Milk,Dairy,1,2.20,USD,C-0168,cash
O-907669,2026-09-25,S-01,SKU-4,Eggs,Dairy,5,0.35,EUR,C-0169,card
O-907670,2026-09-26,S-02,SKU-5,Coffee,Beverages,7,8.99,GBP,C-0170,cash
O-907671,2026-09-27,S-03,SKU-1,Apple,Produce,2,1.50,USD,C-0171,card
O-907672,2026-09-28,S-01,SKU-2,Bread,Bakery,8,3.00,USD,C-0172,cash
O-907673,2026-09-01,S-02,SKU-3,Milk,Dairy,4,2.20,USD,C-0173,card
O-907674,2026-09-02,S-03,SKU-4,Eggs,Dairy,6,0.35,EUR,C-0174,cash
O-907675,2026-09-03,S-01,SKU-5,Coffee,Beverages,8,8.99,GBP,C-0175,card
O-907676,2026-09-04,S-02,SKU-1,Apple,Produce,5,1.50,USD,C-0176,cash
O-907677,2026-09-05,S-03,SKU-2,Bread,Bakery,4,3.00,USD,C-0177,card
O-907678,2026-09-06,S-01,SKU-3,Milk,Dairy,9,2.20,USD,C-0178,cash
O-907679,2026-09-07,S-02,SKU-4,Eggs,Dairy,5,0.35,EUR,C-0179,card
O-907680,2026-09-08,S-03,SKU-5,Coffee,Beverages,0,8.99,GBP,C-0180,cash
O-907681,2026-09-09,S-01,SKU-1,Apple,Produce,2,1.50,USD,C-0181,card
O-907682,2026-09-10,S-02,SKU-2,Bread,Bakery,6,3.00,USD,C-0182,cash
O-907683,2026-09-11,S-03,SKU-3,Milk,Dairy,1,2.20,USD,C-0183,card
O-907684,2026-09-12,S-01,SKU-4,Eggs,Dairy,4,0.35,EUR,C-0184,cash
O-907685,2026-09-13,S-02,SKU-5,Coffee,Beverages,2,8.99,GBP,C-0185,card
O-907686,2026-09-14,S-03,SKU-1,Apple,Produce,8,1.50,USD,C-0186,cash
O-907687,2026-09-15,S-01,SKU-2,Bread,Bakery,9,3.00,USD,C-0187,card
O-907688,2026-09-16,S-02,SKU-3,Milk,Dairy,1,2.20,USD,C-0188,cash
O-907689,2026-09-17,S-03,SKU-4,Eggs,Dairy,8,0.35,EUR,C-0189,card
O-907690,2026-09-18,S-01,SKU-5,Coffee,Beverages,9,8.99,GBP,C-0190,cash
O-907691,2026-09-19,S-02,SKU-1,Apple,Produce,3,1.50,USD,C-0191,card
O-907692,2026-09-20,S-03,SKU-2,Bread,Bakery,4,3.00,USD,C-0192,cash
O-907693,2026-09-21,S-01,SKU-3,Milk,Dairy,6,2.20,USD,C-0193,card
O-907694,2026-09-22,S-02,SKU-4,Eggs,Dairy,8,0.35,EUR,C-0194,cash
O-907695,2026-09-23,S-03,SKU-5,Coffee,Beverages,12,8.99,GBP,C-0195,card
O-907696,2026-09-24,S-01,SKU-1,Apple,Produce,9,1.50,USD,C-0196,cash
O-907697,2026-09-25,S-02,SKU-2,Bread,Bakery,5,3.00,USD,C-0197,card
O-907698,2026-09-26,S-03,SKU-3,Milk,Dairy,6,2.20,USD,C-0198,cash
O-907699,2026-09-27,S-01,SKU-4,Eggs,Dairy,3,0.35,EUR,C-0199,card
O-907700,bad-date,S-02,SKU-5,Coffee,Beverages,2,8.99,GBP,C-0200,cash
O-907701,2026-09-01,S-03,SKU-1,Apple,Produce,9,1.50,USD,C-0201,card
O-907702,2026-09-02,S-01,SKU-2,Bread,Bakery,11,3.00,USD,C-0202,cash
O-907703,2026-09-03,S-02,SKU-3,Milk,Dairy,3,2.20,USD,C-0203,card
O-907704,2026-09-04,S-03,SKU-4,Eggs,Dairy,4,0.35,EUR,C-0204,cash
O-907705,2026-09-05,S-01,SKU-5,Coffee,Beverages,12,8.99,GBP,C-0205,card
O-907706,2026-09-06,S-02,SKU-1,Apple,Produce,1,1.50,USD,C-0206,cash
O-907707,2026-09-07,S-03,SKU-2,Bread,Bakery,8,3.00,USD,C-0207,card
O-907708,2026-09-08,S-01,SKU-3,Milk,Dairy,7,2.20,USD,C-0208,cash
O-907709,2026-09-09,S-02,SKU-4,Eggs,Dairy,12,0.35,EUR,C-0209,card
O-907710,2026-09-10,S-03,SKU-5,Coffee,Beverages,9,8.99,GBP,C-0210,cash
O-907711,2026-09-11,S-01,SKU-1,Apple,Produce,2,1.50,USD,C-0211,card
O-907712,2026-09-12,S-02,SKU-2,Bread,Bakery,1,3.00,USD,C-0212,cash
O-907713,2026-09-13,S-03,SKU-3,Milk,Dairy,5,2.20,USD,C-0213,card
O-907714,2026-09-14,S-01,SKU-4,Eggs,Dairy,1,0.35,EUR,C-0214,cash
O-907715,2026-09-15,S-02,SKU-5,Coffee,Beverages,11,8.99,GBP,C-0215,card
O-907716,2026-09-16,S-03,SKU-1,Apple,Produce,10,1.50,USD,C-0216,cash
O-907717,2026-09-17,S-01,SKU-2,Bread,Bakery,2,3.00,USD,C-0217,card
O-907718,2026-09-18,S-02,SKU-3,Milk,Dairy,6,2.20,USD,C-0218,cash
O-907719,2026-09-19,S-03,SKU-4,Eggs,Dairy,8,0.35,EUR,C-0219,card
O-907720,2026-09-20,S-01,SKU-5,Coffee,Beverages,-3,8.99,GBP,C-0220,cash
O-907721,2026-09-21,S-02,SKU-1,Apple,Produce,2,1.50,USD,C-0221,card
O-907722,2026-09-22,S-03,SKU-2,Bread,Bakery,9,3.00,USD,C-0222,cash
O-907723,2026-09-23,S-01,SKU-3,Milk,Dairy,11,2.20,USD,C-0223,card
O-907724,2026-09-24,S-02,SKU-4,Eggs,Dairy,12,0.35,EUR,C-0224,cash
O-907725,2026-09-25,S-03,SKU-5,Coffee,Beverages,5,8.99,GBP,C-0225,card
O-907726,2026-09-26,S-01,SKU-1,Apple,Produce,1,1.50,USD,C-0226,cash
O-907727,2026-09-27,S-02,SKU-2,Bread,Bakery,10,3.00,USD,C-0227,card
O-907728,2026-09-28,S-03,SKU-3,Milk,Dairy,5,2.20,USD,C-0228,cash
O-907729,2026-09-01,S-01,SKU-4,Eggs,Dairy,11,0.35,EUR,C-0229,card
O-907730,2026-09-02,S-02,SKU-5,Coffee,Beverages,4,8.99,GBP,C-0230,cash
O-907731,2026-09-03,S-03,SKU-1,Apple,Produce,6,1.50,USD,C-0231,card
O-907732,2026-09-04,S-01,SKU-2,Bread,Bakery,4,3.00,USD,C-0232,cash
O-907733,2026-09-05,S-02,SKU-3,Milk,Dairy,4,2.20,USD,C-0233,card
O-907734,2026-09-06,S-03,SKU-4,Eggs,Dairy,5,0.35,EUR,C-0234,cash
O-907735,2026-09-07,S-01,SKU-5,Coffee,Beverages,5,8.99,GBP,C-0235,card
O-907736,2026-09-08,S-02,SKU-1,Apple,Produce,9,1.50,USD,C-0236,cash
O-907737,2026-09-09,S-03,SKU-2,Bread,Bakery,6,3.00,USD,C-0237,card
O-907738,2026-09-10,S-01,SKU-3,Milk,Dairy,8,2.20,USD,C-0238,cash
O-907739,2026-09-11,S-02,SKU-4,Eggs,Dairy,11,0.35,EUR,C-0239,card
O-907740,2026-09-12,S-03,SKU-999,Coffee,Beverages,2,8.99,GBP,C-0240,cash
O-907741,2026-09-13,S-01,SKU-1,Apple,Produce,5,1.50,USD,C-0241,card
O-907742,2026-09-14,S-02,SKU-2,Bread,Bakery,3,3.00,USD,C-0242,cash
O-907743,2026-09-15,S-03,SKU-3,Milk,Dairy,3,2.20,USD,C-0243,card
O-907744,2026-09-16,S-01,SKU-4,Eggs,Dairy,5,0.35,EUR,C-0244,cash
O-907745,2026-09-17,S-02,SKU-5,Coffee,Beverages,2,8.99,GBP,C-0245,card
O-907746,2026-09-18,S-03,SKU-1,Apple,Produce,1,1.50,USD,C-0246,cash
O-907747,2026-09-19,S-01,SKU-2,Bread,Bakery,10,3.00,USD,C-0247,card
O-907748,2026-09-20,S-02,SKU-3,Milk,Dairy,9,2.20,USD,C-0248,cash
O-907749,2026-09-21,S-03,SKU-4,Eggs,Dairy,9,0.35,EUR,C-0249,card
O-907750,2026-09-22,S-01,SKU-5,Coffee,Beverages,2,8.99,GBP,C-0250,cash
O-907751,2026-09-23,S-02,SKU-1,Apple,Produce,4,1.50,USD,C-0251,card
O-907752,2026-09-24,S-03,SKU-2,Bread,Bakery,9,3.00,USD,C-0252,cash
O-907753,2026-09-25,S-01,SKU-3,Milk,Dairy,6,2.20,USD,C-0253,card
O-907754,2026-09-26,S-02,SKU-4,Eggs,Dairy,9,0.35,EUR,C-0254,cash
O-907755,2026-09-27,S-03,SKU-5,Coffee,Beverages,6,8.99,GBP,C-0255,card
O-907756,2026-09-28,S-01,SKU-1,Apple,Produce,5,1.50,USD,C-0256,cash
O-907757,2026-09-01,S-02,SKU-2,Bread,Bakery,3,3.00,USD,C-0257,card
O-907758,2026-09-02,S-03,SKU-3,Milk,Dairy,12,2.20,USD,C-0258,cash
O-907759,2026-09-03,S-01,SKU-4,Eggs,Dairy,5,0.35,EUR,C-0259,card
O-907760,2026-09-04,S-02,SKU-5,Coffee,Beverages,10,,GBP,C-0260,cash
O-907761,2026-09-05,S-03,SKU-1,Apple,Produce,4,1.50,USD,C-0261,card
O-907762,2026-09-06,S-01,SKU-2,Bread,Bakery,3,3.00,USD,C-0262,cash
O-907763,2026-09-07,S-02,SKU-3,Milk,Dairy,2,2.20,USD,C-0263,card
O-907764,2026-09-08,S-03,SKU-4,Eggs,Dairy,5,0.35,EUR,C-0264,cash
O-907765,2026-09-09,S-01,SKU-5,Coffee,Beverages,10,8.99,GBP,C-0265,card
O-907766,2026-09-10,S-02,SKU-1,Apple,Produce,6,1.50,USD,C-0266,cash
O-907767,2026-09-11,S-03,SKU-2,Bread,Bakery,9,3.00,USD,C-0267,card
O-907768,2026-09-12,S-01,SKU-3,Milk,Dairy,8,2.20,USD,C-0268,cash
O-907769,2026-09-13,S-02,SKU-4,Eggs,Dairy,1,0.35,EUR,C-0269,card
O-907770,2026-09-14,S-03,SKU-5,Coffee,Beverages,3,8.99,GBP,C-0270,cash
O-907771,2026-09-15,S-01,SKU-1,Apple,Produce,1,1.50,USD,C-0271,card
O-907772,2026-09-16,S-02,SKU-2,Bread,Bakery,8,3.00,USD,C-0272,cash
O-907773,2026-09-17,S-03,SKU-3,Milk,Dairy,11,2.20,USD,C-0273,card
O-907774,2026-09-18,S-01,SKU-4,Eggs,Dairy,1,0.35,EUR,C-0274,cash
O-907775,2026-09-19,S-02,SKU-5,Coffee,Beverages,2,8.99,GBP,C-0275,card
O-907776,2026-09-20,S-03,SKU-1,Apple,Produce,7,1.50,USD,C-0276,cash
O-907777,2026-09-21,S-01,SKU-2,Bread,Bakery,1,3.00,USD,C-0277,card
O-907778,2026-09-22,S-02,SKU-3,Milk,Dairy,2,2.20,USD,C-0278,cash
O-907779,2026-09-23,S-03,SKU-4,Eggs,Dairy,7,0.35,EUR,C-0279,card
,2026-09-24,S-01,SKU-5,Coffee,Beverages,7,8.99,GBP,C-0280,cash
O-907781,2026-09-25,S-02,SKU-1,Apple,Produce,3,1.50,USD,C-0281,card
O-907782,2026-09-26,S-03,SKU-2,Bread,Bakery,12,3.00,USD,C-0282,cash
O-907783,2026-09-27,S-01,SKU-3,Milk,Dairy,10,2.20,USD,C-0283,card
O-907784,2026-09-28,S-02,SKU-4,Eggs,Dairy,10,0.35,EUR,C-0284,cash
O-907785,2026-09-01,S-03,SKU-5,Coffee,Beverages,11,8.99,GBP,C-0285,card
O-907786,2026-09-02,S-01,SKU-1,Apple,Produce,12,1.50,USD,C-0286,cash
O-907787,2026-09-03,S-02,SKU-2,Bread,Bakery,12,3.00,USD,C-0287,card
O-907788,2026-09-04,S-03,SKU-3,Milk,Dairy,8,2.20,USD,C-0288,cash
O-907789,2026-09-05,S-01,SKU-4,Eggs,Dairy,10,0.35,EUR,C-0289,card
O-907790,2026-09-06,S-02,SKU-5,Coffee,Beverages,6,8.99,GBP,C-0290,cash
O-907791,2026-09-07,S-03,SKU-1,Apple,Produce,5,1.50,USD,C-0291,card
O-907792,2026-09-08,S-01,SKU-2,Bread,Bakery,6,3.00,USD,C-0292,cash
O-907793,2026-09-09,S-02,SKU-3,Milk,Dairy,4,2.20,USD,C-0293,card
O-907794,2026-09-10,S-03,SKU-4,Eggs,Dairy,12,0.35,EUR,C-0294,cash
O-907795,2026-09-11,S-01,SKU-5,Coffee,Beverages,11,8.99,GBP,C-0295,card
O-907796,2026-09-12,S-02,SKU-1,Apple,Produce,9,1.50,USD,C-0296,cash
O-907797,2026-09-13,S-03,SKU-2,Bread,Bakery,2,3.00,USD,C-0297,card
O-907798,2026-09-14,S-01,SKU-3,Milk,Dairy,8,2.20,USD,C-0298,cash
O-907799,2026-09-15,S-02,SKU-4,Eggs,Dairy,10,0.35,EUR,C-0299,card
O-907800,2026-09-16,S-03,SKU-5,Coffee,Beverages,3,8.99,XYZ,C-0300,cash
O-907801,2026-09-17,S-01,SKU-1,Apple,Produce,2,1.50,USD,C-0301,card
O-907802,2026-09-18,S-02,SKU-2,Bread,Bakery,12,3.00,USD,C-0302,cash
O-907803,2026-09-19,S-03,SKU-3,Milk,Dairy,8,2.20,USD,C-0303,card
O-907804,2026-09-20,S-01,SKU-4,Eggs,Dairy,2,0.35,EUR,C-0304,cash
O-907805,2026-09-21,S-02,SKU-5,Coffee,Beverages,8,8.99,GBP,C-0305,card
O-907806,2026-09-22,S-03,SKU-1,Apple,Produce,5,1.50,USD,C-0306,cash
O-907807,2026-09-23,S-01,SKU-2,Bread,Bakery,11,3.00,USD,C-0307,card
O-907808,2026-09-24,S-02,SKU-3,Milk,Dairy,11,2.20,USD,C-0308,cash
O-907809,2026-09-25,S-03,SKU-4,Eggs,Dairy,12,0.35,EUR,C-0309,card
O-907810,2026-09-26,S-01,SKU-5,Coffee,Beverages,8,8.99,GBP,C-0310,cash
O-907811,2026-09-27,S-02,SKU-1,Apple,Produce,8,1.50,USD,C-0311,card
O-907812,2026-09-28,S-03,SKU-2,Bread,Bakery,4,3.00,USD,C-0312,cash
O-907813,2026-09-01,S-01,SKU-3,Milk,Dairy,4,2.20,USD,C-0313,card
O-907814,2026-09-02,S-02,SKU-4,Eggs,Dairy,3,0.35,EUR,C-0314,cash
O-907815,2026-09-03,S-03,SKU-5,Coffee,Beverages,10,8.99,GBP,C-0315,card
O-907816,2026-09-04,S-01,SKU-1,Apple,Produce,5,1.50,USD,C-0316,cash
O-907817,2026-09-05,S-02,SKU-2,Bread,Bakery,6,3.00,USD,C-0317,card
O-907818,2026-09-06,S-03,SKU-3,Milk,Dairy,7,2.20,USD,C-0318,cash
O-907819,2026-09-07,S-01,SKU-4,Eggs,Dairy,3,0.35,EUR,C-0319,card
O-907820,2026-09-08,S-02,SKU-5,Coffee,Beverages,12,8.99,GBP,C-0320,bitcoin
O-907821,2026-09-09,S-03,SKU-1,Apple,Produce,11,1.50,USD,C-0321,card
O-907822,2026-09-10,S-01,SKU-2,Bread,Bakery,6,3.00,USD,C-0322,cash
O-907823,2026-09-11,S-02,SKU-3,Milk,Dairy,6,2.20,USD,C-0323,card
O-907824,2026-09-12,S-03,SKU-4,Eggs,Dairy,8,0.35,EUR,C-0324,cash
O-907825,2026-09-13,S-01,SKU-5,Coffee,Beverages,8,8.99,GBP,C-0325,card
O-907826,2026-09-14,S-02,SKU-1,Apple,Produce,1,1.50,USD,C-0326,cash
O-907827,2026-09-15,S-03,SKU-2,Bread,Bakery,2,3.00,USD,C-0327,card
O-907828,2026-09-16,S-01,SKU-3,Milk,Dairy,8,2.20,USD,C-0328,cash
O-907829,2026-09-17,S-02,SKU-4,Eggs,Dairy,2,0.35,EUR,C-0329,card
O-907830,2026-09-18,S-03,SKU-5,Coffee,Beverages,6,8.99,GBP,C-0330,cash
O-907831,2026-09-19,S-01,SKU-1,Apple,Produce,8,1.50,USD,C-0331,card
O-907832,2026-09-20,S-02,SKU-2,Bread,Bakery,8,3.00,USD,C-0332,cash
O-907833,2026-09-21,S-03,SKU-3,Milk,Dairy,3,2.20,USD,C-0333,card
O-907834,2026-09-22,S-01,SKU-4,Eggs,Dairy,5,0.35,EUR,C-0334,cash
O-907835,2026-09-23,S-02,SKU-5,Coffee,Beverages,6,8.99,GBP,C-0335,card
O-907836,2026-09-24,S-03,SKU-1,Apple,Produce,10,1.50,USD,C-0336,cash
O-907837,2026-09-25,S-01,SKU-2,Bread,Bakery,10,3.00,USD,C-0337,card
O-907838,2026-09-26,S-02,SKU-3,Milk,Dairy,3,2.20,USD,C-0338,cash
O-907839,2026-09-27,S-03,SKU-4,Eggs,Dairy,9,0.35,EUR,C-0339,card
O-907840,2026-09-28,S-01,SKU-5,Coffee,Beverages,0,8.99,GBP,C-0340,cash
O-907841,2026-09-01,S-02,SKU-1,Apple,Produce,7,1.50,USD,C-0341,card
O-907842,2026-09-02,S-03,SKU-2,Bread,Bakery,12,3.00,USD,C-0342,cash
O-907843,2026-09-03,S-01,SKU-3,Milk,Dairy,2,2.20,USD,C-0343,card
O-907844,2026-09-04,S-02,SKU-4,Eggs,Dairy,6,0.35,EUR,C-0344,cash
O-907845,2026-09-05,S-03,SKU-5,Coffee,Beverages,9,8.99,GBP,C-0345,card
O-907846,2026-09-06,S-01,SKU-1,Apple,Produce,11,1.50,USD,C-0346,cash
O-907847,2026-09-07,S-02,SKU-2,Bread,Bakery,2,3.00,USD,C-0347,card
O-907848,2026-09-08,S-03,SKU-3,Milk,Dairy,5,2.20,USD,C-0348,cash
O-907849,2026-09-09,S-01,SKU-4,Eggs,Dairy,9,0.35,EUR,C-0349,card
O-907850,2026-09-10,S-02,SKU-5,Coffee,Beverages,8,8.99,GBP,C-0350,cash
O-907851,2026-09-11,S-03,SKU-1,Apple,Produce,7,1.50,USD,C-0351,card
O-907852,2026-09-12,S-01,SKU-2,Bread,Bakery,10,3.00,USD,C-0352,cash
O-907853,2026-09-13,S-02,SKU-3,Milk,Dairy,7,2.20,USD,C-0353,card
O-907854,2026-09-14,S-03,SKU-4,Eggs,Dairy,4,0.35,EUR,C-0354,cash
O-907855,2026-09-15,S-01,SKU-5,Coffee,Beverages,10,8.99,GBP,C-0355,card
O-907856,2026-09-16,S-02,SKU-1,Apple,Produce,4,1.50,USD,C-0356,cash
O-907857,2026-09-17,S-03,SKU-2,Bread,Bakery,9,3.00,USD,C-0357,card
O-907858,2026-09-18,S-01,SKU-3,Milk,Dairy,3,2.20,USD,C-0358,cash
O-907859,2026-09-19,S-02,SKU-4,Eggs,Dairy,8,0.35,EUR,C-0359,card
O-907860,bad-date,S-03,SKU-5,Coffee,Beverages,7,8.99,GBP,C-0360,cash
O-907861,2026-09-21,S-01,SKU-1,Apple,Produce,2,1.50,USD,C-0361,card
O-907862,2026-09-22,S-02,SKU-2,Bread,Bakery,6,3.00,USD,C-0362,cash
O-907863,2026-09-23,S-03,SKU-3,Milk,Dairy,4,2.20,USD,C-0363,card
O-907864,2026-09-24,S-01,SKU-4,Eggs,Dairy,12,0.35,EUR,C-0364,cash
O-907865,2026-09-25,S-02,SKU-5,Coffee,Beverages,10,8.99,GBP,C-0365,card
O-907866,2026-09-26,S-03,SKU-1,Apple,Produce,7,1.50,USD,C-0366,cash
O-907867,2026-09-27,S-01,SKU-2,Bread,Bakery,7,3.00,USD,C-0367,card
O-907868,2026-09-28,S-02,SKU-3,Milk,Dairy,10,2.20,USD,C-0368,cash
O-907869,2026-09-01,S-03,SKU-4,Eggs,Dairy,6,0.35,EUR,C-0369,card
O-907870,2026-09-02,S-01,SKU-5,Coffee,Beverages,9,8.99,GBP,C-0370,cash
O-907871,2026-09-03,S-02,SKU-1,Apple,Produce,12,1.50,USD,C-0371,card
O-907872,2026-09-04,S-03,SKU-2,Bread,Bakery,4,3.00,USD,C-0372,cash
O-907873,2026-09-05,S-01,SKU-3,Milk,Dairy,3,2.20,USD,C-0373,card
O-907874,2026-09-06,S-02,SKU-4,Eggs,Dairy,11,0.35,EUR,C-0374,cash
O-907875,2026-09-07,S-03,SKU-5,Coffee,Beverages,11,8.99,GBP,C-0375,card
O-907876,2026-09-08,S-01,SKU-1,Apple,Produce,2,1.50,USD,C-0376,cash
O-907877,2026-09-09,S-02,SKU-2,Bread,Bakery,12,3.00,USD,C-0377,card
O-907878,2026-09-10,S-03,SKU-3,Milk,Dairy,12,2.20,USD,C-0378,cash
O-907879,2026-09-11,S-01,SKU-4,Eggs,Dairy,10,0.35,EUR,C-0379,card
O-907880,2026-09-12,S-02,SKU-5,Coffee,Beverages,-3,8.99,GBP,C-0380,cash
O-907881,2026-09-13,S-03,SKU-1,Apple,Produce,2,1.50,USD,C-0381,card
O-907882,2026-09-14,S-01,SKU-2,Bread,Bakery,10,3.00,USD,C-0382,cash
O-907883,2026-09-15,S-02,SKU-3,Milk,Dairy,10,2.20,USD,C-0383,card
O-907884,2026-09-16,S-03,SKU-4,Eggs,Dairy,8,0.35,EUR,C-0384,cash
O-907885,2026-09-17,S-01,SKU-5,Coffee,Beverages,6,8.99,GBP,C-0385,card
O-907886,2026-09-18,S-02,SKU-1,Apple,Produce,9,1.50,USD,C-0386,cash
O-907887,2026-09-19,S-03,SKU-2,Bread,Bakery,2,3.00,USD,C-0387,card
O-907888,2026-09-20,S-01,SKU-3,Milk,Dairy,8,2.20,USD,C-0388,cash
O-907889,2026-09-21,S-02,SKU-4,Eggs,Dairy,3,0.35,EUR,C-0389,card
O-907890,2026-09-22,S-03,SKU-5,Coffee,Beverages,5,8.99,GBP,C-0390,cash
O-907891,2026-09-23,S-01,SKU-1,Apple,Produce,7,1.50,USD,C-0391,card
O-907892,2026-09-24,S-02,SKU-2,Bread,Bakery,2,3.00,USD,C-0392,cash
O-907893,2026-09-25,S-03,SKU-3,Milk,Dairy,10,2.20,USD,C-0393,card
O-907894,2026-09-26,S-01,SKU-4,Eggs,Dairy,2,0.35,EUR,C-0394,cash
O-907895,2026-09-27,S-02,SKU-5,Coffee,Beverages,11,8.99,GBP,C-0395,card
O-907896,2026-09-28,S-03,SKU-1,Apple,Produce,10,1.50,USD,C-0396,cash
O-907897,2026-09-01,S-01,SKU-2,Bread,Bakery,7,3.00,USD,C-0397,card
O-907898,2026-09-02,S-02,SKU-3,Milk,Dairy,6,2.20,USD,C-0398,cash
O-907899,2026-09-03,S-03,SKU-4,Eggs,Dairy,8,0.35,EUR,C-0399,card
O-907900,2026-09-04,S-01,SKU-999,Coffee,Beverages,11,8.99,GBP,C-0400,cash
O-907901,2026-09-05,S-02,SKU-1,Apple,Produce,11,1.50,USD,C-0401,card
O-907902,2026-09-06,S-03,SKU-2,Bread,Bakery,1,3.00,USD,C-0402,cash
O-907903,2026-09-07,S-01,SKU-3,Milk,Dairy,2,2.20,USD,C-0403,card
O-907904,2026-09-08,S-02,SKU-4,Eggs,Dairy,4,0.35,EUR,C-0404,cash
O-907905,2026-09-09,S-03,SKU-5,Coffee,Beverages,3,8.99,GBP,C-0405,card
O-907906,2026-09-10,S-01,SKU-1,Apple,Produce,10,1.50,USD,C-0406,cash
O-907907,2026-09-11,S-02,SKU-2,Bread,Bakery,11,3.00,USD,C-0407,card
O-907908,2026-09-12,S-03,SKU-3,Milk,Dairy,1,2.20,USD,C-0408,cash
O-907909,2026-09-13,S-01,SKU-4,Eggs,Dairy,3,0.35,EUR,C-0409,card
O-907910,2026-09-14,S-02,SKU-5,Coffee,Beverages,11,8.99,GBP,C-0410,cash
O-907911,2026-09-15,S-03,SKU-1,Apple,Produce,3,1.50,USD,C-0411,card
O-907912,2026-09-16,S-01,SKU-2,Bread,Bakery,8,3.00,USD,C-0412,cash
O-907913,2026-09-17,S-02,SKU-3,Milk,Dairy,9,2.20,USD,C-0413,card
O-907914,2026-09-18,S-03,SKU-4,Eggs,Dairy,5,0.35,EUR,C-0414,cash
O-907915,2026-09-19,S-01,SKU-5,Coffee,Beverages,7,8.99,GBP,C-0415,card
O-907916,2026-09-20,S-02,SKU-1,Apple,Produce,10,1.50,USD,C-0416,cash
O-907917,2026-09-21,S-03,SKU-2,Bread,Bakery,10,3.00,USD,C-0417,card
O-907918,2026-09-22,S-01,SKU-3,Milk,Dairy,8,2.20,USD,C-0418,cash
O-907919,2026-09-23,S-02,SKU-4,Eggs,Dairy,4,0.35,EUR,C-0419,card
O-907920,2026-09-24,S-03,SKU-5,Coffee,Beverages,4,,GBP,C-0420,cash
O-907921,2026-09-25,S-01,SKU-1,Apple,Produce,11,1.50,USD,C-0421,card
O-907922,2026-09-26,S-02,SKU-2,Bread,Bakery,6,3.00,USD,C-0422,cash
O-907923,2026-09-27,S-03,SKU-3,Milk,Dairy,5,2.20,USD,C-0423,card
O-907924,2026-09-28,S-01,SKU-4,Eggs,Dairy,10,0.35,EUR,C-0424,cash
O-907925,2026-09-01,S-02,SKU-5,Coffee,Beverages,11,8.99,GBP,C-0425,card
O-907926,2026-09-02,S-03,SKU-1,Apple,Produce,5,1.50,USD,C-0426,cash
O-907927,2026-09-03,S-01,SKU-2,Bread,Bakery,7,3.00,USD,C-0427,card
O-907928,2026-09-04,S-02,SKU-3,Milk,Dairy,12,2.20,USD,C-0428,cash
O-907929,2026-09-05,S-03,SKU-4,Eggs,Dairy,6,0.35,EUR,C-0429,card
O-907930,2026-09-06,S-01,SKU-5,Coffee,Beverages,2,8.99,GBP,C-0430,cash
O-907931,2026-09-07,S-02,SKU-1,Apple,Produce,10,1.50,USD,C-0431,card
O-907932,2026-09-08,S-03,SKU-2,Bread,Bakery,1,3.00,USD,C-0432,cash
O-907933,2026-09-09,S-01,SKU-3,Milk,Dairy,10,2.20,USD,C-0433,card
O-907934,2026-09-10,S-02,SKU-4,Eggs,Dairy,9,0.35,EUR,C-0434,cash
O-907935,2026-09-11,S-03,SKU-5,Coffee,Beverages,7,8.99,GBP,C-0435,card
O-907936,2026-09-12,S-01,SKU-1,Apple,Produce,3,1.50,USD,C-0436,cash
O-907937,2026-09-13,S-02,SKU-2,Bread,Bakery,5,3.00,USD,C-0437,card
O-907938,2026-09-14,S-03,SKU-3,Milk,Dairy,1,2.20,USD,C-0438,cash
O-907939,2026-09-15,S-01,SKU-4,Eggs,Dairy,6,0.35,EUR,C-0439,card
,2026-09-16,S-02,SKU-5,Coffee,Beverages,9,8.99,GBP,C-0440,cash
O-907941,2026-09-17,S-03,SKU-1,Apple,Produce,1,1.50,USD,C-0441,card
O-907942,2026-09-18,S-01,SKU-2,Bread,Bakery,1,3.00,USD,C-0442,cash
O-907943,2026-09-19,S-02,SKU-3,Milk,Dairy,12,2.20,USD,C-0443,card
O-907944,2026-09-20,S-03,SKU-4,Eggs,Dairy,9,0.35,EUR,C-0444,cash
O-907945,2026-09-21,S-01,SKU-5,Coffee,Beverages,6,8.99,GBP,C-0445,card
O-907946,2026-09-22,S-02,SKU-1,Apple,Produce,2,1.50,USD,C-0446,cash
O-907947,2026-09-23,S-03,SKU-2,Bread,Bakery,5,3.00,USD,C-0447,card
O-907948,2026-09-24,S-01,SKU-3,Milk,Dairy,1,2.20,USD,C-0448,cash
O-907949,2026-09-25,S-02,SKU-4,Eggs,Dairy,4,0.35,EUR,C-0449,card
O-907950,2026-09-26,S-03,SKU-5,Coffee,Beverages,7,8.99,GBP,C-0450,cash
O-907951,2026-09-27,S-01,SKU-1,Apple,Produce,12,1.50,USD,C-0451,card
O-907952,2026-09-28,S-02,SKU-2,Bread,Bakery,10,3.00,USD,C-0452,cash
O-907953,2026-09-01,S-03,SKU-3,Milk,Dairy,7,2.20,USD,C-0453,card
O-907954,2026-09-02,S-01,SKU-4,Eggs,Dairy,11,0.35,EUR,C-0454,cash
O-907955,2026-09-03,S-02,SKU-5,Coffee,Beverages,6,8.99,GBP,C-0455,card
O-907956,2026-09-04,S-03,SKU-1,Apple,Produce,12,1.50,USD,C-0456,cash
O-907957,2026-09-05,S-01,SKU-2,Bread,Bakery,7,3.00,USD,C-0457,card
O-907958,2026-09-06,S-02,SKU-3,Milk,Dairy,7,2.20,USD,C-0458,cash
O-907959,2026-09-07,S-03,SKU-4,Eggs,Dairy,7,0.35,EUR,C-0459,card
O-907960,2026-09-08,S-01,SKU-5,Coffee,Beverages,7,8.99,XYZ,C-0460,cash
O-907961,2026-09-09,S-02,SKU-1,Apple,Produce,9,1.50,USD,C-0461,card
O-907962,2026-09-10,S-03,SKU-2,Bread,Bakery,4,3.00,USD,C-0462,cash
O-907963,2026-09-11,S-01,SKU-3,Milk,Dairy,11,2.20,USD,C-0463,card
O-907964,2026-09-12,S-02,SKU-4,Eggs,Dairy,3,0.35,EUR,C-0464,cash
O-907965,2026-09-13,S-03,SKU-5,Coffee,Beverages,8,8.99,GBP,C-0465,card
O-907966,2026-09-14,S-01,SKU-1,Apple,Produce,3,1.50,USD,C-0466,cash
O-907967,2026-09-15,S-02,SKU-2,Bread,Bakery,4,3.00,USD,C-0467,card
O-907968,2026-09-16,S-03,SKU-3,Milk,Dairy,9,2.20,USD,C-0468,cash
O-907969,2026-09-17,S-01,SKU-4,Eggs,Dairy,7,0.35,EUR,C-0469,card
O-907970,2026-09-18,S-02,SKU-5,Coffee,Beverages,6,8.99,GBP,C-0470,cash
O-907971,2026-09-19,S-03,SKU-1,Apple,Produce,7,1.50,USD,C-0471,card
O-907972,2026-09-20,S-01,SKU-2,Bread,Bakery,3,3.00,USD,C-0472,cash
O-907973,2026-09-21,S-02,SKU-3,Milk,Dairy,5,2.20,USD,C-0473,card
O-907974,2026-09-22,S-03,SKU-4,Eggs,Dairy,11,0.35,EUR,C-0474,cash
O-907975,2026-09-23,S-01,SKU-5,Coffee,Beverages,3,8.99,GBP,C-0475,card
O-907976,2026-09-24,S-02,SKU-1,Apple,Produce,3,1.50,USD,C-0476,cash
O-907977,2026-09-25,S-03,SKU-2,Bread,Bakery,1,3.00,USD,C-0477,card
O-907978,2026-09-26,S-01,SKU-3,Milk,Dairy,2,2.20,USD,C-0478,cash
O-907979,2026-09-27,S-02,SKU-4,Eggs,Dairy,11,0.35,EUR,C-0479,card
O-907980,2026-09-28,S-03,SKU-5,Coffee,Beverages,1,8.99,GBP,C-0480,bitcoin
O-907981,2026-09-01,S-01,SKU-1,Apple,Produce,3,1.50,USD,C-0481,card
O-907982,2026-09-02,S-02,SKU-2,Bread,Bakery,12,3.00,USD,C-0482,cash
O-907983,2026-09-03,S-03,SKU-3,Milk,Dairy,8,2.20,USD,C-0483,card
O-907984,2026-09-04,S-01,SKU-4,Eggs,Dairy,11,0.35,EUR,C-0484,cash
O-907985,2026-09-05,S-02,SKU-5,Coffee,Beverages,7,8.99,GBP,C-0485,card
O-907986,2026-09-06,S-03,SKU-1,Apple,Produce,3,1.50,USD,C-0486,cash
O-907987,2026-09-07,S-01,SKU-2,Bread,Bakery,2,3.00,USD,C-0487,card
O-907988,2026-09-08,S-02,SKU-3,Milk,Dairy,3,2.20,USD,C-0488,cash
O-907989,2026-09-09,S-03,SKU-4,Eggs,Dairy,11,0.35,EUR,C-0489,card
O-907990,2026-09-10,S-01,SKU-5,Coffee,Beverages,7,8.99,GBP,C-0490,cash
O-907991,2026-09-11,S-02,SKU-1,Apple,Produce,8,1.50,USD,C-0491,card
O-907992,2026-09-12,S-03,SKU-2,Bread,Bakery,12,3.00,USD,C-0492,cash
O-907993,2026-09-13,S-01,SKU-3,Milk,Dairy,10,2.20,USD,C-0493,card
O-907994,2026-09-14,S-02,SKU-4,Eggs,Dairy,7,0.35,EUR,C-0494,cash
O-907995,2026-09-15,S-03,SKU-5,Coffee,Beverages,10,8.99,GBP,C-0495,card
O-907996,2026-09-16,S-01,SKU-1,Apple,Produce,3,1.50,USD,C-0496,cash
O-907997,2026-09-17,S-02,SKU-2,Bread,Bakery,8,3.00,USD,C-0497,card
O-907998,2026-09-18,S-03,SKU-3,Milk,Dairy,9,2.20,USD,C-0498,cash
O-907999,2026-09-19,S-01,SKU-4,Eggs,Dairy,7,0.35,EUR,C-0499,card
O-908000,2026-09-20,S-02,SKU-5,Coffee,Beverages,0,8.99,GBP,C-0500,cash
O-908001,2026-09-21,S-03,SKU-1,Apple,Produce,8,1.50,USD,C-0001,card
O-908002,2026-09-22,S-01,SKU-2,Bread,Bakery,7,3.00,USD,C-0002,cash
O-908003,2026-09-23,S-02,SKU-3,Milk,Dairy,6,2.20,USD,C-0003,card
O-908004,2026-09-24,S-03,SKU-4,Eggs,Dairy,4,0.35,EUR,C-0004,cash
O-908005,2026-09-25,S-01,SKU-5,Coffee,Beverages,3,8.99,GBP,C-0005,card
O-908006,2026-09-26,S-02,SKU-1,Apple,Produce,7,1.50,USD,C-0006,cash
O-908007,2026-09-27,S-03,SKU-2,Bread,Bakery,10,3.00,USD,C-0007,card
O-908008,2026-09-28,S-01,SKU-3,Milk,Dairy,1,2.20,USD,C-0008,cash
O-908009,2026-09-01,S-02,SKU-4,Eggs,Dairy,10,0.35,EUR,C-0009,card
O-908010,2026-09-02,S-03,SKU-5,Coffee,Beverages,8,8.99,GBP,C-0010,cash
O-908011,2026-09-03,S-01,SKU-1,Apple,Produce,12,1.50,USD,C-0011,card
O-908012,2026-09-04,S-02,SKU-2,Bread,Bakery,4,3.00,USD,C-0012,cash
O-908013,2026-09-05,S-03,SKU-3,Milk,Dairy,12,2.20,USD,C-0013,card
O-908014,2026-09-06,S-01,SKU-4,Eggs,Dairy,9,0.35,EUR,C-0014,cash
O-908015,2026-09-07,S-02,SKU-5,Coffee,Beverages,5,8.99,GBP,C-0015,card
O-908016,2026-09-08,S-03,SKU-1,Apple,Produce,7,1.50,USD,C-0016,cash
O-908017,2026-09-09,S-01,SKU-2,Bread,Bakery,9,3.00,USD,C-0017,card
O-908018,2026-09-10,S-02,SKU-3,Milk,Dairy,10,2.20,USD,C-0018,cash
O-908019,2026-09-11,S-03,SKU-4,Eggs,Dairy,6,0.35,EUR,C-0019,card
O-908020,bad-date,S-01,SKU-5,Coffee,Beverages,1,8.99,GBP,C-0020,cash
O-908021,2026-09-13,S-02,SKU-1,Apple,Produce,1,1.50,USD,C-0021,card
O-908022,2026-09-14,S-03,SKU-2,Bread,Bakery,10,3.00,USD,C-0022,cash
O-908023,2026-09-15,S-01,SKU-3,Milk,Dairy,8,2.20,USD,C-0023,card
O-908024,2026-09-16,S-02,SKU-4,Eggs,Dairy,12,0.35,EUR,C-0024,cash
O-908025,2026-09-17,S-03,SKU-5,Coffee,Beverages,6,8.99,GBP,C-0025,card
O-908026,2026-09-18,S-01,SKU-1,Apple,Produce,2,1.50,USD,C-0026,cash
O-908027,2026-09-19,S-02,SKU-2,Bread,Bakery,10,3.00,USD,C-0027,card
O-908028,2026-09-20,S-03,SKU-3,Milk,Dairy,8,2.20,USD,C-0028,cash
O-908029,2026-09-21,S-01,SKU-4,Eggs,Dairy,12,0.35,EUR,C-0029,card
O-908030,2026-09-22,S-02,SKU-5,Coffee,Beverages,2,8.99,GBP,C-0030,cash
O-908031,2026-09-23,S-03,SKU-1,Apple,Produce,3,1.50,USD,C-0031,card
O-908032,2026-09-24,S-01,SKU-2,Bread,Bakery,12,3.00,USD,C-0032,cash
O-908033,2026-09-25,S-02,SKU-3,Milk,Dairy,12,2.20,USD,C-0033,card
O-908034,2026-09-26,S-03,SKU-4,Eggs,Dairy,9,0.35,EUR,C-0034,cash
O-908035,2026-09-27,S-01,SKU-5,Coffee,Beverages,5,8.99,GBP,C-0035,card
O-908036,2026-09-28,S-02,SKU-1,Apple,Produce,8,1.50,USD,C-0036,cash
O-908037,2026-09-01,S-03,SKU-2,Bread,Bakery,9,3.00,USD,C-0037,card
O-908038,2026-09-02,S-01,SKU-3,Milk,Dairy,2,2.20,USD,C-0038,cash
O-908039,2026-09-03,S-02,SKU-4,Eggs,Dairy,9,0.35,EUR,C-0039,card
O-908040,2026-09-04,S-03,SKU-5,Coffee,Beverages,-3,8.99,GBP,C-0040,cash
O-908041,2026-09-05,S-01,SKU-1,Apple,Produce,2,1.50,USD,C-0041,card
O-908042,2026-09-06,S-02,SKU-2,Bread,Bakery,4,3.00,USD,C-0042,cash
O-908043,2026-09-07,S-03,SKU-3,Milk,Dairy,8,2.20,USD,C-0043,card
O-908044,2026-09-08,S-01,SKU-4,Eggs,Dairy,11,0.35,EUR,C-0044,cash
O-908045,2026-09-09,S-02,SKU-5,Coffee,Beverages,12,8.99,GBP,C-0045,card
O-908046,2026-09-10,S-03,SKU-1,Apple,Produce,11,1.50,USD,C-0046,cash
O-908047,2026-09-11,S-01,SKU-2,Bread,Bakery,11,3.00,USD,C-0047,card
O-908048,2026-09-12,S-02,SKU-3,Milk,Dairy,2,2.20,USD,C-0048,cash
O-908049,2026-09-13,S-03,SKU-4,Eggs,Dairy,11,0.35,EUR,C-0049,card
O-908050,2026-09-14,S-01,SKU-5,Coffee,Beverages,11,8.99,GBP,C-0050,cash
O-908051,2026-09-15,S-02,SKU-1,Apple,Produce,9,1.50,USD,C-0051,card
O-908052,2026-09-16,S-03,SKU-2,Bread,Bakery,10,3.00,USD,C-0052,cash
O-908053,2026-09-17,S-01,SKU-3,Milk,Dairy,5,2.20,USD,C-0053,card
O-908054,2026-09-18,S-02,SKU-4,Eggs,Dairy,10,0.35,EUR,C-0054,cash
O-908055,2026-09-19,S-03,SKU-5,Coffee,Beverages,1,8.99,GBP,C-0055,card
O-908056,2026-09-20,S-01,SKU-1,Apple,Produce,6,1.50,USD,C-0056,cash
O-908057,2026-09-21,S-02,SKU-2,Bread,Bakery,9,3.00,USD,C-0057,card
O-908058,2026-09-22,S-03,SKU-3,Milk,Dairy,1,2.20,USD,C-0058,cash
O-908059,2026-09-23,S-01,SKU-4,Eggs,Dairy,8,0.35,EUR,C-0059,card
O-908060,2026-09-24,S-02,SKU-999,Coffee,Beverages,8,8.99,GBP,C-0060,cash
O-908061,2026-09-25,S-03,SKU-1,Apple,Produce,9,1.50,USD,C-0061,card
O-908062,2026-09-26,S-01,SKU-2,Bread,Bakery,8,3.00,USD,C-0062,cash
O-908063,2026-09-27,S-02,SKU-3,Milk,Dairy,10,2.20,USD,C-0063,card
O-908064,2026-09-28,S-03,SKU-4,Eggs,Dairy,12,0.35,EUR,C-0064,cash
O-908065,2026-09-01,S-01,SKU-5,Coffee,Beverages,6,8.99,GBP,C-0065,card
O-908066,2026-09-02,S-02,SKU-1,Apple,Produce,7,1.50,USD,C-0066,cash
O-908067,2026-09-03,S-03,SKU-2,Bread,Bakery,6,3.00,USD,C-0067,card
O-908068,2026-09-04,S-01,SKU-3,Milk,Dairy,5,2.20,USD,C-0068,cash
O-908069,2026-09-05,S-02,SKU-4,Eggs,Dairy,5,0.35,EUR,C-0069,card
O-908070,2026-09-06,S-03,SKU-5,Coffee,Beverages,3,8.99,GBP,C-0070,cash
O-908071,2026-09-07,S-01,SKU-1,Apple,Produce,1,1.50,USD,C-0071,card
O-908072,2026-09-08,S-02,SKU-2,Bread,Bakery,12,3.00,USD,C-0072,cash
O-908073,2026-09-09,S-03,SKU-3,Milk,Dairy,10,2.20,USD,C-0073,card
O-908074,2026-09-10,S-01,SKU-4,Eggs,Dairy,12,0.35,EUR,C-0074,cash
O-908075,2026-09-11,S-02,SKU-5,Coffee,Beverages,5,8.99,GBP,C-0075,card
O-908076,2026-09-12,S-03,SKU-1,Apple,Produce,12,1.50,USD,C-0076,cash
O-908077,2026-09-13,S-01,SKU-2,Bread,Bakery,10,3.00,USD,C-0077,card
O-908078,2026-09-14,S-02,SKU-3,Milk,Dairy,5,2.20,USD,C-0078,cash
O-908079,2026-09-15,S-03,SKU-4,Eggs,Dairy,1,0.35,EUR,C-0079,card
O-908080,2026-09-16,S-01,SKU-5,Coffee,Beverages,11,,GBP,C-0080,cash
O-908081,2026-09-17,S-02,SKU-1,Apple,Produce,8,1.50,USD,C-0081,card
O-908082,2026-09-18,S-03,SKU-2,Bread,Bakery,10,3.00,USD,C-0082,cash
O-908083,2026-09-19,S-01,SKU-3,Milk,Dairy,3,2.20,USD,C-0083,card
O-908084,2026-09-20,S-02,SKU-4,Eggs,Dairy,10,0.35,EUR,C-0084,cash
O-908085,2026-09-21,S-03,SKU-5,Coffee,Beverages,1,8.99,GBP,C-0085,card
O-908086,2026-09-22,S-01,SKU-1,Apple,Produce,11,1.50,USD,C-0086,cash
O-908087,2026-09-23,S-02,SKU-2,Bread,Bakery,5,3.00,USD,C-0087,card
O-908088,2026-09-24,S-03,SKU-3,Milk,Dairy,12,2.20,USD,C-0088,cash
O-908089,2026-09-25,S-01,SKU-4,Eggs,Dairy,10,0.35,EUR,C-0089,card
O-908090,2026-09-26,S-02,SKU-5,Coffee,Beverages,1,8.99,GBP,C-0090,cash
O-908091,2026-09-27,S-03,SKU-1,Apple,Produce,5,1.50,USD,C-0091,card
O-908092,2026-09-28,S-01,SKU-2,Bread,Bakery,8,3.00,USD,C-0092,cash
O-908093,2026-09-01,S-02,SKU-3,Milk,Dairy,2,2.20,USD,C-0093,card
O-908094,2026-09-02,S-03,SKU-4,Eggs,Dairy,3,0.35,EUR,C-0094,cash
O-908095,2026-09-03,S-01,SKU-5,Coffee,Beverages,9,8.99,GBP,C-0095,card
O-908096,2026-09-04,S-02,SKU-1,Apple,Produce,2,1.50,USD,C-0096,cash
O-908097,2026-09-05,S-03,SKU-2,Bread,Bakery,5,3.00,USD,C-0097,card
O-908098,2026-09-06,S-01,SKU-3,Milk,Dairy,5,2.20,USD,C-0098,cash
O-908099,2026-09-07,S-02,SKU-4,Eggs,Dairy,3,0.35,EUR,C-0099,card
,2026-09-08,S-03,SKU-5,Coffee,Beverages,10,8.99,GBP,C-0100,cash
O-908101,2026-09-09,S-01,SKU-1,Apple,Produce,5,1.50,USD,C-0101,card
O-908102,2026-09-10,S-02,SKU-2,Bread,Bakery,5,3.00,USD,C-0102,cash
O-908103,2026-09-11,S-03,SKU-3,Milk,Dairy,5,2.20,USD,C-0103,card
O-908104,2026-09-12,S-01,SKU-4,Eggs,Dairy,1,0.35,EUR,C-0104,cash
O-908105,2026-09-13,S-02,SKU-5,Coffee,Beverages,12,8.99,GBP,C-0105,card
O-908106,2026-09-14,S-03,SKU-1,Apple,Produce,2,1.50,USD,C-0106,cash
O-908107,2026-09-15,S-01,SKU-2,Bread,Bakery,10,3.00,USD,C-0107,card
O-908108,2026-09-16,S-02,SKU-3,Milk,Dairy,3,2.20,USD,C-0108,cash
O-908109,2026-09-17,S-03,SKU-4,Eggs,Dairy,10,0.35,EUR,C-0109,card
O-908110,2026-09-18,S-01,SKU-5,Coffee,Beverages,12,8.99,GBP,C-0110,cash
O-908111,2026-09-19,S-02,SKU-1,Apple,Produce,3,1.50,USD,C-0111,card
O-908112,2026-09-20,S-03,SKU-2,Bread,Bakery,11,3.00,USD,C-0112,cash
O-908113,2026-09-21,S-01,SKU-3,Milk,Dairy,8,2.20,USD,C-0113,card
O-908114,2026-09-22,S-02,SKU-4,Eggs,Dairy,6,0.35,EUR,C-0114,cash
O-908115,2026-09-23,S-03,SKU-5,Coffee,Beverages,3,8.99,GBP,C-0115,card
O-908116,2026-09-24,S-01,SKU-1,Apple,Produce,5,1.50,USD,C-0116,cash
O-908117,2026-09-25,S-02,SKU-2,Bread,Bakery,12,3.00,USD,C-0117,card
O-908118,2026-09-26,S-03,SKU-3,Milk,Dairy,4,2.20,USD,C-0118,cash
O-908119,2026-09-27,S-01,SKU-4,Eggs,Dairy,8,0.35,EUR,C-0119,card
O-908120,2026-09-28,S-02,SKU-5,Coffee,Beverages,3,8.99,XYZ,C-0120,cash
O-908121,2026-09-01,S-03,SKU-1,Apple,Produce,9,1.50,USD,C-0121,card
O-908122,2026-09-02,S-01,SKU-2,Bread,Bakery,1,3.00,USD,C-0122,cash
O-908123,2026-09-03,S-02,SKU-3,Milk,Dairy,6,2.20,USD,C-0123,card
O-908124,2026-09-04,S-03,SKU-4,Eggs,Dairy,2,0.35,EUR,C-0124,cash
O-908125,2026-09-05,S-01,SKU-5,Coffee,Beverages,3,8.99,GBP,C-0125,card
O-908126,2026-09-06,S-02,SKU-1,Apple,Produce,10,1.50,USD,C-0126,cash
O-908127,2026-09-07,S-03,SKU-2,Bread,Bakery,3,3.00,USD,C-0127,card
O-908128,2026-09-08,S-01,SKU-3,Milk,Dairy,8,2.20,USD,C-0128,cash
O-908129,2026-09-09,S-02,SKU-4,Eggs,Dairy,7,0.35,EUR,C-0129,card
O-908130,2026-09-10,S-03,SKU-5,Coffee,Beverages,7,8.99,GBP,C-0130,cash
O-908131,2026-09-11,S-01,SKU-1,Apple,Produce,4,1.50,USD,C-0131,card
O-908132,2026-09-12,S-02,SKU-2,Bread,Bakery,11,3.00,USD,C-0132,cash
O-908133,2026-09-13,S-03,SKU-3,Milk,Dairy,8,2.20,USD,C-0133,card
O-908134,2026-09-14,S-01,SKU-4,Eggs,Dairy,12,0.35,EUR,C-0134,cash
O-908135,2026-09-15,S-02,SKU-5,Coffee,Beverages,11,8.99,GBP,C-0135,card
O-908136,2026-09-16,S-03,SKU-1,Apple,Produce,3,1.50,USD,C-0136,cash
O-908137,2026-09-17,S-01,SKU-2,Bread,Bakery,4,3.00,USD,C-0137,card
O-908138,2026-09-18,S-02,SKU-3,Milk,Dairy,10,2.20,USD,C-0138,cash
O-908139,2026-09-19,S-03,SKU-4,Eggs,Dairy,12,0.35,EUR,C-0139,card
O-908140,2026-09-20,S-01,SKU-5,Coffee,Beverages,6,8.99,GBP,C-0140,bitcoin
O-908141,2026-09-21,S-02,SKU-1,Apple,Produce,1,1.50,USD,C-0141,card
O-908142,2026-09-22,S-03,SKU-2,Bread,Bakery,11,3.00,USD,C-0142,cash
O-908143,2026-09-23,S-01,SKU-3,Milk,Dairy,5,2.20,USD,C-0143,card
O-908144,2026-09-24,S-02,SKU-4,Eggs,Dairy,2,0.35,EUR,C-0144,cash
O-908145,2026-09-25,S-03,SKU-5,Coffee,Beverages,1,8.99,GBP,C-0145,card
O-908146,2026-09-26,S-01,SKU-1,Apple,Produce,3,1.50,USD,C-0146,cash
O-908147,2026-09-27,S-02,SKU-2,Bread,Bakery,8,3.00,USD,C-0147,card
O-908148,2026-09-28,S-03,SKU-3,Milk,Dairy,7,2.20,USD,C-0148,cash
O-908149,2026-09-01,S-01,SKU-4,Eggs,Dairy,8,0.35,EUR,C-0149,card
O-908150,2026-09-02,S-02,SKU-5,Coffee,Beverages,5,8.99,GBP,C-0150,cash
O-908151,2026-09-03,S-03,SKU-1,Apple,Produce,8,1.50,USD,C-0151,card
O-908152,2026-09-04,S-01,SKU-2,Bread,Bakery,12,3.00,USD,C-0152,cash
O-908153,2026-09-05,S-02,SKU-3,Milk,Dairy,9,2.20,USD,C-0153,card
O-908154,2026-09-06,S-03,SKU-4,Eggs,Dairy,4,0.35,EUR,C-0154,cash
O-908155,2026-09-07,S-01,SKU-5,Coffee,Beverages,7,8.99,GBP,C-0155,card
O-908156,2026-09-08,S-02,SKU-1,Apple,Produce,11,1.50,USD,C-0156,cash
O-908157,2026-09-09,S-03,SKU-2,Bread,Bakery,12,3.00,USD,C-0157,card
O-908158,2026-09-10,S-01,SKU-3,Milk,Dairy,7,2.20,USD,C-0158,cash
O-908159,2026-09-11,S-02,SKU-4,Eggs,Dairy,8,0.35,EUR,C-0159,card
O-908160,2026-09-12,S-03,SKU-5,Coffee,Beverages,0,8.99,GBP,C-0160,cash
O-908161,2026-09-13,S-01,SKU-1,Apple,Produce,3,1.50,USD,C-0161,card
O-908162,2026-09-14,S-02,SKU-2,Bread,Bakery,9,3.00,USD,C-0162,cash
O-908163,2026-09-15,S-03,SKU-3,Milk,Dairy,7,2.20,USD,C-0163,card
O-908164,2026-09-16,S-01,SKU-4,Eggs,Dairy,1,0.35,EUR,C-0164,cash
O-908165,2026-09-17,S-02,SKU-5,Coffee,Beverages,5,8.99,GBP,C-0165,card
O-908166,2026-09-18,S-03,SKU-1,Apple,Produce,8,1.50,USD,C-0166,cash
O-908167,2026-09-19,S-01,SKU-2,Bread,Bakery,7,3.00,USD,C-0167,card
O-908168,2026-09-20,S-02,SKU-3,Milk,Dairy,11,2.20,USD,C-0168,cash
O-908169,2026-09-21,S-03,SKU-4,Eggs,Dairy,6,0.35,EUR,C-0169,card
O-908170,2026-09-22,S-01,SKU-5,Coffee,Beverages,9,8.99,GBP,C-0170,cash
O-908171,2026-09-23,S-02,SKU-1,Apple,Produce,11,1.50,USD,C-0171,card
O-908172,2026-09-24,S-03,SKU-2,Bread,Bakery,1,3.00,USD,C-0172,cash
O-908173,2026-09-25,S-01,SKU-3,Milk,Dairy,2,2.20,USD,C-0173,card
O-908174,2026-09-26,S-02,SKU-4,Eggs,Dairy,9,0.35,EUR,C-0174,cash
O-908175,2026-09-27,S-03,SKU-5,Coffee,Beverages,11,8.99,GBP,C-0175,card
O-908176,2026-09-28,S-01,SKU-1,Apple,Produce,6,1.50,USD,C-0176,cash
O-908177,2026-09-01,S-02,SKU-2,Bread,Bakery,7,3.00,USD,C-0177,card
O-908178,2026-09-02,S-03,SKU-3,Milk,Dairy,10,2.20,USD,C-0178,cash
O-908179,2026-09-03,S-01,SKU-4,Eggs,Dairy,11,0.35,EUR,C-0179,card
O-908180,bad-date,S-02,SKU-5,Coffee,Beverages,5,8.99,GBP,C-0180,cash
O-908181,2026-09-05,S-03,SKU-1,Apple,Produce,6,1.50,USD,C-0181,card
O-908182,2026-09-06,S-01,SKU-2,Bread,Bakery,5,3.00,USD,C-0182,cash
O-908183,2026-09-07,S-02,SKU-3,Milk,Dairy,5,2.20,USD,C-0183,card
O-908184,2026-09-08,S-03,SKU-4,Eggs,Dairy,2,0.35,EUR,C-0184,cash
O-908185,2026-09-09,S-01,SKU-5,Coffee,Beverages,5,8.99,GBP,C-0185,card
O-908186,2026-09-10,S-02,SKU-1,Apple,Produce,11,1.50,USD,C-0186,cash
O-908187,2026-09-11,S-03,SKU-2,Bread,Bakery,10,3.00,USD,C-0187,card
O-908188,2026-09-12,S-01,SKU-3,Milk,Dairy,7,2.20,USD,C-0188,cash
O-908189,2026-09-13,S-02,SKU-4,Eggs,Dairy,8,0.35,EUR,C-0189,card
O-908190,2026-09-14,S-03,SKU-5,Coffee,Beverages,11,8.99,GBP,C-0190,cash
O-908191,2026-09-15,S-01,SKU-1,Apple,Produce,12,1.50,USD,C-0191,card
O-908192,2026-09-16,S-02,SKU-2,Bread,Bakery,4,3.00,USD,C-0192,cash
O-908193,2026-09-17,S-03,SKU-3,Milk,Dairy,12,2.20,USD,C-0193,card
O-908194,2026-09-18,S-01,SKU-4,Eggs,Dairy,11,0.35,EUR,C-0194,cash
O-908195,2026-09-19,S-02,SKU-5,Coffee,Beverages,10,8.99,GBP,C-0195,card
O-908196,2026-09-20,S-03,SKU-1,Apple,Produce,4,1.50,USD,C-0196,cash
O-908197,2026-09-21,S-01,SKU-2,Bread,Bakery,9,3.00,USD,C-0197,card
O-908198,2026-09-22,S-02,SKU-3,Milk,Dairy,6,2.20,USD,C-0198,cash
O-908199,2026-09-23,S-03,SKU-4,Eggs,Dairy,11,0.35,EUR,C-0199,card
O-908200,2026-09-24,S-01,SKU-5,Coffee,Beverages,-3,8.99,GBP,C-0200,cash
O-908201,2026-09-25,S-02,SKU-1,Apple,Produce,3,1.50,USD,C-0201,card
O-908202,2026-09-26,S-03,SKU-2,Bread,Bakery,6,3.00,USD,C-0202,cash
O-908203,2026-09-27,S-01,SKU-3,Milk,Dairy,9,2.20,USD,C-0203,card
O-908204,2026-09-28,S-02,SKU-4,Eggs,Dairy,1,0.35,EUR,C-0204,cash
O-908205,2026-09-01,S-03,SKU-5,Coffee,Beverages,11,8.99,GBP,C-0205,card
O-908206,2026-09-02,S-01,SKU-1,Apple,Produce,1,1.50,USD,C-0206,cash
O-908207,2026-09-03,S-02,SKU-2,Bread,Bakery,2,3.00,USD,C-0207,card
O-908208,2026-09-04,S-03,SKU-3,Milk,Dairy,1,2.20,USD,C-0208,cash
O-908209,2026-09-05,S-01,SKU-4,Eggs,Dairy,7,0.35,EUR,C-0209,card
O-908210,2026-09-06,S-02,SKU-5,Coffee,Beverages,2,8.99,GBP,C-0210,cash
O-908211,2026-09-07,S-03,SKU-1,Apple,Produce,9,1.50,USD,C-0211,card
O-908212,2026-09-08,S-01,SKU-2,Bread,Bakery,2,3.00,USD,C-0212,cash
O-908213,2026-09-09,S-02,SKU-3,Milk,Dairy,11,2.20,USD,C-0213,card
O-908214,2026-09-10,S-03,SKU-4,Eggs,Dairy,8,0.35,EUR,C-0214,cash
O-908215,2026-09-11,S-01,SKU-5,Coffee,Beverages,6,8.99,GBP,C-0215,card
O-908216,2026-09-12,S-02,SKU-1,Apple,Produce,4,1.50,USD,C-0216,cash
O-908217,2026-09-13,S-03,SKU-2,Bread,Bakery,12,3.00,USD,C-0217,card
O-908218,2026-09-14,S-01,SKU-3,Milk,Dairy,5,2.20,USD,C-0218,cash
O-908219,2026-09-15,S-02,SKU-4,Eggs,Dairy,5,0.35,EUR,C-0219,card
O-908220,2026-09-16,S-03,SKU-999,Coffee,Beverages,4,8.99,GBP,C-0220,cash
O-908221,2026-09-17,S-01,SKU-1,Apple,Produce,1,1.50,USD,C-0221,card
O-908222,2026-09-18,S-02,SKU-2,Bread,Bakery,1,3.00,USD,C-0222,cash
O-908223,2026-09-19,S-03,SKU-3,Milk,Dairy,10,2.20,USD,C-0223,card
O-908224,2026-09-20,S-01,SKU-4,Eggs,Dairy,2,0.35,EUR,C-0224,cash
O-908225,2026-09-21,S-02,SKU-5,Coffee,Beverages,1,8.99,GBP,C-0225,card
O-908226,2026-09-22,S-03,SKU-1,Apple,Produce,10,1.50,USD,C-0226,cash
O-908227,2026-09-23,S-01,SKU-2,Bread,Bakery,11,3.00,USD,C-0227,card
O-908228,2026-09-24,S-02,SKU-3,Milk,Dairy,4,2.20,USD,C-0228,cash
O-908229,2026-09-25,S-03,SKU-4,Eggs,Dairy,10,0.35,EUR,C-0229,card
O-908230,2026-09-26,S-01,SKU-5,Coffee,Beverages,11,8.99,GBP,C-0230,cash
O-908231,2026-09-27,S-02,SKU-1,Apple,Produce,2,1.50,USD,C-0231,card
O-908232,2026-09-28,S-03,SKU-2,Bread,Bakery,12,3.00,USD,C-0232,cash
O-908233,2026-09-01,S-01,SKU-3,Milk,Dairy,2,2.20,USD,C-0233,card
O-908234,2026-09-02,S-02,SKU-4,Eggs,Dairy,2,0.35,EUR,C-0234,cash
O-908235,2026-09-03,S-03,SKU-5,Coffee,Beverages,10,8.99,GBP,C-0235,card
O-908236,2026-09-04,S-01,SKU-1,Apple,Produce,3,1.50,USD,C-0236,cash
O-908237,2026-09-05,S-02,SKU-2,Bread,Bakery,7,3.00,USD,C-0237,card
O-908238,2026-09-06,S-03,SKU-3,Milk,Dairy,11,2.20,USD,C-0238,cash
O-908239,2026-09-07,S-01,SKU-4,Eggs,Dairy,11,0.35,EUR,C-0239,card
O-908240,2026-09-08,S-02,SKU-5,Coffee,Beverages,10,,GBP,C-0240,cash
O-908241,2026-09-09,S-03,SKU-1,Apple,Produce,3,1.50,USD,C-0241,card
O-908242,2026-09-10,S-01,SKU-2,Bread,Bakery,2,3.00,USD,C-0242,cash
O-908243,2026-09-11,S-02,SKU-3,Milk,Dairy,12,2.20,USD,C-0243,card
O-908244,2026-09-12,S-03,SKU-4,Eggs,Dairy,3,0.35,EUR,C-0244,cash
O-908245,2026-09-13,S-01,SKU-5,Coffee,Beverages,5,8.99,GBP,C-0245,card
O-908246,2026-09-14,S-02,SKU-1,Apple,Produce,5,1.50,USD,C-0246,cash
O-908247,2026-09-15,S-03,SKU-2,Bread,Bakery,8,3.00,USD,C-0247,card
O-908248,2026-09-16,S-01,SKU-3,Milk,Dairy,11,2.20,USD,C-0248,cash
O-908249,2026-09-17,S-02,SKU-4,Eggs,Dairy,2,0.35,EUR,C-0249,card
O-908250,2026-09-18,S-03,SKU-5,Coffee,Beverages,11,8.99,GBP,C-0250,cash
O-908251,2026-09-19,S-01,SKU-1,Apple,Produce,8,1.50,USD,C-0251,card
O-908252,2026-09-20,S-02,SKU-2,Bread,Bakery,5,3.00,USD,C-0252,cash
O-908253,2026-09-21,S-03,SKU-3,Milk,Dairy,7,2.20,USD,C-0253,card
O-908254,2026-09-22,S-01,SKU-4,Eggs,Dairy,12,0.35,EUR,C-0254,cash
O-908255,2026-09-23,S-02,SKU-5,Coffee,Beverages,11,8.99,GBP,C-0255,card
O-908256,2026-09-24,S-03,SKU-1,Apple,Produce,6,1.50,USD,C-0256,cash
O-908257,2026-09-25,S-01,SKU-2,Bread,Bakery,5,3.00,USD,C-0257,card
O-908258,2026-09-26,S-02,SKU-3,Milk,Dairy,3,2.20,USD,C-0258,cash
O-908259,2026-09-27,S-03,SKU-4,Eggs,Dairy,2,0.35,EUR,C-0259,card
,2026-09-28,S-01,SKU-5,Coffee,Beverages,5,8.99,GBP,C-0260,cash
O-908261,2026-09-01,S-02,SKU-1,Apple,Produce,1,1.50,USD,C-0261,card
O-908262,2026-09-02,S-03,SKU-2,Bread,Bakery,7,3.00,USD,C-0262,cash
O-908263,2026-09-03,S-01,SKU-3,Milk,Dairy,7,2.20,USD,C-0263,card
O-908264,2026-09-04,S-02,SKU-4,Eggs,Dairy,6,0.35,EUR,C-0264,cash
O-908265,2026-09-05,S-03,SKU-5,Coffee,Beverages,1,8.99,GBP,C-0265,card
O-908266,2026-09-06,S-01,SKU-1,Apple,Produce,5,1.50,USD,C-0266,cash
O-908267,2026-09-07,S-02,SKU-2,Bread,Bakery,5,3.00,USD,C-0267,card
O-908268,2026-09-08,S-03,SKU-3,Milk,Dairy,3,2.20,USD,C-0268,cash
O-908269,2026-09-09,S-01,SKU-4,Eggs,Dairy,8,0.35,EUR,C-0269,card
O-908270,2026-09-10,S-02,SKU-5,Coffee,Beverages,2,8.99,GBP,C-0270,cash
O-908271,2026-09-11,S-03,SKU-1,Apple,Produce,8,1.50,USD,C-0271,card
O-908272,2026-09-12,S-01,SKU-2,Bread,Bakery,4,3.00,USD,C-0272,cash
O-908273,2026-09-13,S-02,SKU-3,Milk,Dairy,10,2.20,USD,C-0273,card
O-908274,2026-09-14,S-03,SKU-4,Eggs,Dairy,7,0.35,EUR,C-0274,cash
O-908275,2026-09-15,S-01,SKU-5,Coffee,Beverages,3,8.99,GBP,C-0275,card
O-908276,2026-09-16,S-02,SKU-1,Apple,Produce,11,1.50,USD,C-0276,cash
O-908277,2026-09-17,S-03,SKU-2,Bread,Bakery,8,3.00,USD,C-0277,card
O-908278,2026-09-18,S-01,SKU-3,Milk,Dairy,2,2.20,USD,C-0278,cash
O-908279,2026-09-19,S-02,SKU-4,Eggs,Dairy,3,0.35,EUR,C-0279,card
O-908280,2026-09-20,S-03,SKU-5,Coffee,Beverages,9,8.99,XYZ,C-0280,cash
O-908281,2026-09-21,S-01,SKU-1,Apple,Produce,7,1.50,USD,C-0281,card
O-908282,2026-09-22,S-02,SKU-2,Bread,Bakery,4,3.00,USD,C-0282,cash
O-908283,2026-09-23,S-03,SKU-3,Milk,Dairy,10,2.20,USD,C-0283,card
O-908284,2026-09-24,S-01,SKU-4,Eggs,Dairy,11,0.35,EUR,C-0284,cash
O-908285,2026-09-25,S-02,SKU-5,Coffee,Beverages,2,8.99,GBP,C-0285,card
O-908286,2026-09-26,S-03,SKU-1,Apple,Produce,8,1.50,USD,C-0286,cash
O-908287,2026-09-27,S-01,SKU-2,Bread,Bakery,12,3.00,USD,C-0287,card
O-908288,2026-09-28,S-02,SKU-3,Milk,Dairy,5,2.20,USD,C-0288,cash
O-908289,2026-09-01,S-03,SKU-4,Eggs,Dairy,2,0.35,EUR,C-0289,card
O-908290,2026-09-02,S-01,SKU-5,Coffee,Beverages,1,8.99,GBP,C-0290,cash
O-908291,2026-09-03,S-02,SKU-1,Apple,Produce,2,1.50,USD,C-0291,card
O-908292,2026-09-04,S-03,SKU-2,Bread,Bakery,2,3.00,USD,C-0292,cash
O-908293,2026-09-05,S-01,SKU-3,Milk,Dairy,10,2.20,USD,C-0293,card
O-908294,2026-09-06,S-02,SKU-4,Eggs,Dairy,12,0.35,EUR,C-0294,cash
O-908295,2026-09-07,S-03,SKU-5,Coffee,Beverages,5,8.99,GBP,C-0295,card
O-908296,2026-09-08,S-01,SKU-1,Apple,Produce,8,1.50,USD,C-0296,cash
O-908297,2026-09-09,S-02,SKU-2,Bread,Bakery,1,3.00,USD,C-0297,card
O-908298,2026-09-10,S-03,SKU-3,Milk,Dairy,8,2.20,USD,C-0298,cash
O-908299,2026-09-11,S-01,SKU-4,Eggs,Dairy,3,0.35,EUR,C-0299,card
O-908300,2026-09-12,S-02,SKU-5,Coffee,Beverages,11,8.99,GBP,C-0300,bitcoin
O-908301,2026-09-13,S-03,SKU-1,Apple,Produce,11,1.50,USD,C-0301,card
O-908302,2026-09-14,S-01,SKU-2,Bread,Bakery,1,3.00,USD,C-0302,cash
O-908303,2026-09-15,S-02,SKU-3,Milk,Dairy,1,2.20,USD,C-0303,card
O-908304,2026-09-16,S-03,SKU-4,Eggs,Dairy,11,0.35,EUR,C-0304,cash
O-908305,2026-09-17,S-01,SKU-5,Coffee,Beverages,7,8.99,GBP,C-0305,card
O-908306,2026-09-18,S-02,SKU-1,Apple,Produce,5,1.50,USD,C-0306,cash
O-908307,2026-09-19,S-03,SKU-2,Bread,Bakery,3,3.00,USD,C-0307,card
O-908308,2026-09-20,S-01,SKU-3,Milk,Dairy,12,2.20,USD,C-0308,cash
O-908309,2026-09-21,S-02,SKU-4,Eggs,Dairy,6,0.35,EUR,C-0309,card
O-908310,2026-09-22,S-03,SKU-5,Coffee,Beverages,7,8.99,GBP,C-0310,cash
O-908311,2026-09-23,S-01,SKU-1,Apple,Produce,10,1.50,USD,C-0311,card
O-908312,2026-09-24,S-02,SKU-2,Bread,Bakery,1,3.00,USD,C-0312,cash
O-908313,2026-09-25,S-03,SKU-3,Milk,Dairy,9,2.20,USD,C-0313,card
O-908314,2026-09-26,S-01,SKU-4,Eggs,Dairy,12,0.35,EUR,C-0314,cash
O-908315,2026-09-27,S-02,SKU-5,Coffee,Beverages,8,8.99,GBP,C-0315,card
O-908316,2026-09-28,S-03,SKU-1,Apple,Produce,8,1.50,USD,C-0316,cash
O-908317,2026-09-01,S-01,SKU-2,Bread,Bakery,7,3.00,USD,C-0317,card
O-908318,2026-09-02,S-02,SKU-3,Milk,Dairy,7,2.20,USD,C-0318,cash
O-908319,2026-09-03,S-03,SKU-4,Eggs,Dairy,12,0.35,EUR,C-0319,card
O-908320,2026-09-04,S-01,SKU-5,Coffee,Beverages,0,8.99,GBP,C-0320,cash
O-908321,2026-09-05,S-02,SKU-1,Apple,Produce,9,1.50,USD,C-0321,card
O-908322,2026-09-06,S-03,SKU-2,Bread,Bakery,4,3.00,USD,C-0322,cash
O-908323,2026-09-07,S-01,SKU-3,Milk,Dairy,1,2.20,USD,C-0323,card
O-908324,2026-09-08,S-02,SKU-4,Eggs,Dairy,7,0.35,EUR,C-0324,cash
O-908325,2026-09-09,S-03,SKU-5,Coffee,Beverages,12,8.99,GBP,C-0325,card
O-908326,2026-09-10,S-01,SKU-1,Apple,Produce,8,1.50,USD,C-0326,cash
O-908327,2026-09-11,S-02,SKU-2,Bread,Bakery,2,3.00,USD,C-0327,card
O-908328,2026-09-12,S-03,SKU-3,Milk,Dairy,10,2.20,USD,C-0328,cash
O-908329,2026-09-13,S-01,SKU-4,Eggs,Dairy,9,0.35,EUR,C-0329,card
O-908330,2026-09-14,S-02,SKU-5,Coffee,Beverages,6,8.99,GBP,C-0330,cash
O-908331,2026-09-15,S-03,SKU-1,Apple,Produce,6,1.50,USD,C-0331,card
O-908332,2026-09-16,S-01,SKU-2,Bread,Bakery,11,3.00,USD,C-0332,cash
O-908333,2026-09-17,S-02,SKU-3,Milk,Dairy,5,2.20,USD,C-0333,card
O-908334,2026-09-18,S-03,SKU-4,Eggs,Dairy,7,0.35,EUR,C-0334,cash
O-908335,2026-09-19,S-01,SKU-5,Coffee,Beverages,1,8.99,GBP,C-0335,card
O-908336,2026-09-20,S-02,SKU-1,Apple,Produce,11,1.50,USD,C-0336,cash
O-908337,2026-09-21,S-03,SKU-2,Bread,Bakery,11,3.00,USD,C-0337,card
O-908338,2026-09-22,S-01,SKU-3,Milk,Dairy,2,2.20,USD,C-0338,cash
O-908339,2026-09-23,S-02,SKU-4,Eggs,Dairy,6,0.35,EUR,C-0339,card
O-908340,bad-date,S-03,SKU-5,Coffee,Beverages,9,8.99,GBP,C-0340,cash
O-908341,2026-09-25,S-01,SKU-1,Apple,Produce,6,1.50,USD,C-0341,card
O-908342,2026-09-26,S-02,SKU-2,Bread,Bakery,2,3.00,USD,C-0342,cash
O-908343,2026-09-27,S-03,SKU-3,Milk,Dairy,8,2.20,USD,C-0343,card
O-908344,2026-09-28,S-01,SKU-4,Eggs,Dairy,5,0.35,EUR,C-0344,cash
O-908345,2026-09-01,S-02,SKU-5,Coffee,Beverages,11,8.99,GBP,C-0345,card
O-908346,2026-09-02,S-03,SKU-1,Apple,Produce,4,1.50,USD,C-0346,cash
O-908347,2026-09-03,S-01,SKU-2,Bread,Bakery,3,3.00,USD,C-0347,card
O-908348,2026-09-04,S-02,SKU-3,Milk,Dairy,9,2.20,USD,C-0348,cash
O-908349,2026-09-05,S-03,SKU-4,Eggs,Dairy,1,0.35,EUR,C-0349,card
O-908350,2026-09-06,S-01,SKU-5,Coffee,Beverages,7,8.99,GBP,C-0350,cash
O-908351,2026-09-07,S-02,SKU-1,Apple,Produce,11,1.50,USD,C-0351,card
O-908352,2026-09-08,S-03,SKU-2,Bread,Bakery,4,3.00,USD,C-0352,cash
O-908353,2026-09-09,S-01,SKU-3,Milk,Dairy,5,2.20,USD,C-0353,card
O-908354,2026-09-10,S-02,SKU-4,Eggs,Dairy,12,0.35,EUR,C-0354,cash
O-908355,2026-09-11,S-03,SKU-5,Coffee,Beverages,7,8.99,GBP,C-0355,card
O-908356,2026-09-12,S-01,SKU-1,Apple,Produce,2,1.50,USD,C-0356,cash
O-908357,2026-09-13,S-02,SKU-2,Bread,Bakery,11,3.00,USD,C-0357,card
O-908358,2026-09-14,S-03,SKU-3,Milk,Dairy,12,2.20,USD,C-0358,cash
O-908359,2026-09-15,S-01,SKU-4,Eggs,Dairy,6,0.35,EUR,C-0359,card
O-908360,2026-09-16,S-02,SKU-5,Coffee,Beverages,-3,8.99,GBP,C-0360,cash
O-908361,2026-09-17,S-03,SKU-1,Apple,Produce,2,1.50,USD,C-0361,card
O-908362,2026-09-18,S-01,SKU-2,Bread,Bakery,11,3.00,USD,C-0362,cash
O-908363,2026-09-19,S-02,SKU-3,Milk,Dairy,8,2.20,USD,C-0363,card
O-908364,2026-09-20,S-03,SKU-4,Eggs,Dairy,12,0.35,EUR,C-0364,cash
O-908365,2026-09-21,S-01,SKU-5,Coffee,Beverages,4,8.99,GBP,C-0365,card
O-908366,2026-09-22,S-02,SKU-1,Apple,Produce,3,1.50,USD,C-0366,cash
O-908367,2026-09-23,S-03,SKU-2,Bread,Bakery,1,3.00,USD,C-0367,card
O-908368,2026-09-24,S-01,SKU-3,Milk,Dairy,4,2.20,USD,C-0368,cash
O-908369,2026-09-25,S-02,SKU-4,Eggs,Dairy,1,0.35,EUR,C-0369,card
O-908370,2026-09-26,S-03,SKU-5,Coffee,Beverages,12,8.99,GBP,C-0370,cash
O-908371,2026-09-27,S-01,SKU-1,Apple,Produce,10,1.50,USD,C-0371,card
O-908372,2026-09-28,S-02,SKU-2,Bread,Bakery,4,3.00,USD,C-0372,cash
O-908373,2026-09-01,S-03,SKU-3,Milk,Dairy,8,2.20,USD,C-0373,card
O-908374,2026-09-02,S-01,SKU-4,Eggs,Dairy,7,0.35,EUR,C-0374,cash
O-908375,2026-09-03,S-02,SKU-5,Coffee,Beverages,2,8.99,GBP,C-0375,card
O-908376,2026-09-04,S-03,SKU-1,Apple,Produce,9,1.50,USD,C-0376,cash
O-908377,2026-09-05,S-01,SKU-2,Bread,Bakery,11,3.00,USD,C-0377,card
O-908378,2026-09-06,S-02,SKU-3,Milk,Dairy,5,2.20,USD,C-0378,cash
O-908379,2026-09-07,S-03,SKU-4,Eggs,Dairy,8,0.35,EUR,C-0379,card
O-908380,2026-09-08,S-01,SKU-999,Coffee,Beverages,9,8.99,GBP,C-0380,cash
O-908381,2026-09-09,S-02,SKU-1,Apple,Produce,8,1.50,USD,C-0381,card
O-908382,2026-09-10,S-03,SKU-2,Bread,Bakery,1,3.00,USD,C-0382,cash
O-908383,2026-09-11,S-01,SKU-3,Milk,Dairy,1,2.20,USD,C-0383,card
O-908384,2026-09-12,S-02,SKU-4,Eggs,Dairy,6,0.35,EUR,C-0384,cash
O-908385,2026-09-13,S-03,SKU-5,Coffee,Beverages,1,8.99,GBP,C-0385,card
O-908386,2026-09-14,S-01,SKU-1,Apple,Produce,6,1.50,USD,C-0386,cash
O-908387,2026-09-15,S-02,SKU-2,Bread,Bakery,12,3.00,USD,C-0387,card
O-908388,2026-09-16,S-03,SKU-3,Milk,Dairy,1,2.20,USD,C-0388,cash
O-908389,2026-09-17,S-01,SKU-4,Eggs,Dairy,7,0.35,EUR,C-0389,card
O-908390,2026-09-18,S-02,SKU-5,Coffee,Beverages,2,8.99,GBP,C-0390,cash
O-908391,2026-09-19,S-03,SKU-1,Apple,Produce,4,1.50,USD,C-0391,card
O-908392,2026-09-20,S-01,SKU-2,Bread,Bakery,11,3.00,USD,C-0392,cash
O-908393,2026-09-21,S-02,SKU-3,Milk,Dairy,11,2.20,USD,C-0393,card
O-908394,2026-09-22,S-03,SKU-4,Eggs,Dairy,9,0.35,EUR,C-0394,cash
O-908395,2026-09-23,S-01,SKU-5,Coffee,Beverages,8,8.99,GBP,C-0395,card
O-908396,2026-09-24,S-02,SKU-1,Apple,Produce,11,1.50,USD,C-0396,cash
O-908397,2026-09-25,S-03,SKU-2,Bread,Bakery,9,3.00,USD,C-0397,card
O-908398,2026-09-26,S-01,SKU-3,Milk,Dairy,3,2.20,USD,C-0398,cash
O-908399,2026-09-27,S-02,SKU-4,Eggs,Dairy,12,0.35,EUR,C-0399,card
O-908400,2026-09-28,S-03,SKU-5,Coffee,Beverages,10,,GBP,C-0400,cash
O-908401,2026-09-01,S-01,SKU-1,Apple,Produce,4,1.50,USD,C-0401,card
O-908402,2026-09-02,S-02,SKU-2,Bread,Bakery,2,3.00,USD,C-0402,cash
O-908403,2026-09-03,S-03,SKU-3,Milk,Dairy,1,2.20,USD,C-0403,card
O-908404,2026-09-04,S-01,SKU-4,Eggs,Dairy,12,0.35,EUR,C-0404,cash
O-908405,2026-09-05,S-02,SKU-5,Coffee,Beverages,3,8.99,GBP,C-0405,card
O-908406,2026-09-06,S-03,SKU-1,Apple,Produce,8,1.50,USD,C-0406,cash
O-908407,2026-09-07,S-01,SKU-2,Bread,Bakery,11,3.00,USD,C-0407,card
O-908408,2026-09-08,S-02,SKU-3,Milk,Dairy,1,2.20,USD,C-0408,cash
O-908409,2026-09-09,S-03,SKU-4,Eggs,Dairy,8,0.35,EUR,C-0409,card
O-908410,2026-09-10,S-01,SKU-5,Coffee,Beverages,10,8.99,GBP,C-0410,cash
O-908411,2026-09-11,S-02,SKU-1,Apple,Produce,1,1.50,USD,C-0411,card
O-908412,2026-09-12,S-03,SKU-2,Bread,Bakery,4,3.00,USD,C-0412,cash
O-908413,2026-09-13,S-01,SKU-3,Milk,Dairy,12,2.20,USD,C-0413,card
O-908414,2026-09-14,S-02,SKU-4,Eggs,Dairy,11,0.35,EUR,C-0414,cash
O-908415,2026-09-15,S-03,SKU-5,Coffee,Beverages,3,8.99,GBP,C-0415,card
O-908416,2026-09-16,S-01,SKU-1,Apple,Produce,1,1.50,USD,C-0416,cash
O-908417,2026-09-17,S-02,SKU-2,Bread,Bakery,3,3.00,USD,C-0417,card
O-908418,2026-09-18,S-03,SKU-3,Milk,Dairy,11,2.20,USD,C-0418,cash
O-908419,2026-09-19,S-01,SKU-4,Eggs,Dairy,1,0.35,EUR,C-0419,card
,2026-09-20,S-02,SKU-5,Coffee,Beverages,5,8.99,GBP,C-0420,cash
O-908421,2026-09-21,S-03,SKU-1,Apple,Produce,2,1.50,USD,C-0421,card
O-908422,2026-09-22,S-01,SKU-2,Bread,Bakery,8,3.00,USD,C-0422,cash
O-908423,2026-09-23,S-02,SKU-3,Milk,Dairy,10,2.20,USD,C-0423,card
O-908424,2026-09-24,S-03,SKU-4,Eggs,Dairy,3,0.35,EUR,C-0424,cash
O-908425,2026-09-25,S-01,SKU-5,Coffee,Beverages,10,8.99,GBP,C-0425,card
O-908426,2026-09-26,S-02,SKU-1,Apple,Produce,2,1.50,USD,C-0426,cash
O-908427,2026-09-27,S-03,SKU-2,Bread,Bakery,2,3.00,USD,C-0427,card
O-908428,2026-09-28,S-01,SKU-3,Milk,Dairy,2,2.20,USD,C-0428,cash
O-908429,2026-09-01,S-02,SKU-4,Eggs,Dairy,8,0.35,EUR,C-0429,card
O-908430,2026-09-02,S-03,SKU-5,Coffee,Beverages,10,8.99,GBP,C-0430,cash
O-908431,2026-09-03,S-01,SKU-1,Apple,Produce,10,1.50,USD,C-0431,card
O-908432,2026-09-04,S-02,SKU-2,Bread,Bakery,4,3.00,USD,C-0432,cash
O-908433,2026-09-05,S-03,SKU-3,Milk,Dairy,2,2.20,USD,C-0433,card
O-908434,2026-09-06,S-01,SKU-4,Eggs,Dairy,4,0.35,EUR,C-0434,cash
O-908435,2026-09-07,S-02,SKU-5,Coffee,Beverages,7,8.99,GBP,C-0435,card
O-908436,2026-09-08,S-03,SKU-1,Apple,Produce,6,1.50,USD,C-0436,cash
O-908437,2026-09-09,S-01,SKU-2,Bread,Bakery,12,3.00,USD,C-0437,card
O-908438,2026-09-10,S-02,SKU-3,Milk,Dairy,11,2.20,USD,C-0438,cash
O-908439,2026-09-11,S-03,SKU-4,Eggs,Dairy,7,0.35,EUR,C-0439,card
O-908440,2026-09-12,S-01,SKU-5,Coffee,Beverages,6,8.99,XYZ,C-0440,cash
O-908441,2026-09-13,S-02,SKU-1,Apple,Produce,2,1.50,USD,C-0441,card
O-908442,2026-09-14,S-03,SKU-2,Bread,Bakery,11,3.00,USD,C-0442,cash
O-908443,2026-09-15,S-01,SKU-3,Milk,Dairy,10,2.20,USD,C-0443,card
O-908444,2026-09-16,S-02,SKU-4,Eggs,Dairy,9,0.35,EUR,C-0444,cash
O-908445,2026-09-17,S-03,SKU-5,Coffee,Beverages,3,8.99,GBP,C-0445,card
O-908446,2026-09-18,S-01,SKU-1,Apple,Produce,6,1.50,USD,C-0446,cash
O-908447,2026-09-19,S-02,SKU-2,Bread,Bakery,4,3.00,USD,C-0447,card
O-908448,2026-09-20,S-03,SKU-3,Milk,Dairy,1,2.20,USD,C-0448,cash
O-908449,2026-09-21,S-01,SKU-4,Eggs,Dairy,10,0.35,EUR,C-0449,card
O-908450,2026-09-22,S-02,SKU-5,Coffee,Beverages,3,8.99,GBP,C-0450,cash
O-908451,2026-09-23,S-03,SKU-1,Apple,Produce,6,1.50,USD,C-0451,card
O-908452,2026-09-24,S-01,SKU-2,Bread,Bakery,2,3.00,USD,C-0452,cash
O-908453,2026-09-25,S-02,SKU-3,Milk,Dairy,2,2.20,USD,C-0453,card
O-908454,2026-09-26,S-03,SKU-4,Eggs,Dairy,5,0.35,EUR,C-0454,cash
O-908455,2026-09-27,S-01,SKU-5,Coffee,Beverages,3,8.99,GBP,C-0455,card
O-908456,2026-09-28,S-02,SKU-1,Apple,Produce,7,1.50,USD,C-0456,cash
O-908457,2026-09-01,S-03,SKU-2,Bread,Bakery,3,3.00,USD,C-0457,card
O-908458,2026-09-02,S-01,SKU-3,Milk,Dairy,12,2.20,USD,C-0458,cash
O-908459,2026-09-03,S-02,SKU-4,Eggs,Dairy,6,0.35,EUR,C-0459,card
O-908460,2026-09-04,S-03,SKU-5,Coffee,Beverages,9,8.99,GBP,C-0460,bitcoin
O-908461,2026-09-05,S-01,SKU-1,Apple,Produce,3,1.50,USD,C-0461,card
O-908462,2026-09-06,S-02,SKU-2,Bread,Bakery,8,3.00,USD,C-0462,cash
O-908463,2026-09-07,S-03,SKU-3,Milk,Dairy,4,2.20,USD,C-0463,card
O-908464,2026-09-08,S-01,SKU-4,Eggs,Dairy,10,0.35,EUR,C-0464,cash
O-908465,2026-09-09,S-02,SKU-5,Coffee,Beverages,1,8.99,GBP,C-0465,card
O-908466,2026-09-10,S-03,SKU-1,Apple,Produce,3,1.50,USD,C-0466,cash
O-908467,2026-09-11,S-01,SKU-2,Bread,Bakery,2,3.00,USD,C-0467,card
O-908468,2026-09-12,S-02,SKU-3,Milk,Dairy,11,2.20,USD,C-0468,cash
O-908469,2026-09-13,S-03,SKU-4,Eggs,Dairy,10,0.35,EUR,C-0469,card
O-908470,2026-09-14,S-01,SKU-5,Coffee,Beverages,7,8.99,GBP,C-0470,cash
O-908471,2026-09-15,S-02,SKU-1,Apple,Produce,3,1.50,USD,C-0471,card
O-908472,2026-09-16,S-03,SKU-2,Bread,Bakery,1,3.00,USD,C-0472,cash
O-908473,2026-09-17,S-01,SKU-3,Milk,Dairy,8,2.20,USD,C-0473,card
O-908474,2026-09-18,S-02,SKU-4,Eggs,Dairy,2,0.35,EUR,C-0474,cash
O-908475,2026-09-19,S-03,SKU-5,Coffee,Beverages,1,8.99,GBP,C-0475,card
O-908476,2026-09-20,S-01,SKU-1,Apple,Produce,1,1.50,USD,C-0476,cash
O-908477,2026-09-21,S-02,SKU-2,Bread,Bakery,3,3.00,USD,C-0477,card
O-908478,2026-09-22,S-03,SKU-3,Milk,Dairy,2,2.20,USD,C-0478,cash
O-908479,2026-09-23,S-01,SKU-4,Eggs,Dairy,12,0.35,EUR,C-0479,card
O-908480,2026-09-24,S-02,SKU-5,Coffee,Beverages,0,8.99,GBP,C-0480,cash
O-908481,2026-09-25,S-03,SKU-1,Apple,Produce,10,1.50,USD,C-0481,card
O-908482,2026-09-26,S-01,SKU-2,Bread,Bakery,5,3.00,USD,C-0482,cash
O-908483,2026-09-27,S-02,SKU-3,Milk,Dairy,7,2.20,USD,C-0483,card
O-908484,2026-09-28,S-03,SKU-4,Eggs,Dairy,12,0.35,EUR,C-0484,cash
O-908485,2026-09-01,S-01,SKU-5,Coffee,Beverages,8,8.99,GBP,C-0485,card
O-908486,2026-09-02,S-02,SKU-1,Apple,Produce,12,1.50,USD,C-0486,cash
O-908487,2026-09-03,S-03,SKU-2,Bread,Bakery,3,3.00,USD,C-0487,card
O-908488,2026-09-04,S-01,SKU-3,Milk,Dairy,4,2.20,USD,C-0488,cash
O-908489,2026-09-05,S-02,SKU-4,Eggs,Dairy,3,0.35,EUR,C-0489,card
O-908490,2026-09-06,S-03,SKU-5,Coffee,Beverages,11,8.99,GBP,C-0490,cash
O-908491,2026-09-07,S-01,SKU-1,Apple,Produce,5,1.50,USD,C-0491,card
O-908492,2026-09-08,S-02,SKU-2,Bread,Bakery,9,3.00,USD,C-0492,cash
O-908493,2026-09-09,S-03,SKU-3,Milk,Dairy,8,2.20,USD,C-0493,card
O-908494,2026-09-10,S-01,SKU-4,Eggs,Dairy,7,0.35,EUR,C-0494,cash
O-908495,2026-09-11,S-02,SKU-5,Coffee,Beverages,4,8.99,GBP,C-0495,card
O-908496,2026-09-12,S-03,SKU-1,Apple,Produce,3,1.50,USD,C-0496,cash
O-908497,2026-09-13,S-01,SKU-2,Bread,Bakery,10,3.00,USD,C-0497,card
O-908498,2026-09-14,S-02,SKU-3,Milk,Dairy,12,2.20,USD,C-0498,cash
O-908499,2026-09-15,S-03,SKU-4,Eggs,Dairy,1,0.35,EUR,C-0499,card
O-908500,bad-date,S-01,SKU-5,Coffee,Beverages,10,8.99,GBP,C-0500,cash
O-908501,2026-09-17,S-02,SKU-1,Apple,Produce,3,1.50,USD,C-0001,card
O-908502,2026-09-18,S-03,SKU-2,Bread,Bakery,12,3.00,USD,C-0002,cash
O-908503,2026-09-19,S-01,SKU-3,Milk,Dairy,8,2.20,USD,C-0003,card
O-908504,2026-09-20,S-02,SKU-4,Eggs,Dairy,10,0.35,EUR,C-0004,cash
O-908505,2026-09-21,S-03,SKU-5,Coffee,Beverages,2,8.99,GBP,C-0005,card
O-908506,2026-09-22,S-01,SKU-1,Apple,Produce,11,1.50,USD,C-0006,cash
O-908507,2026-09-23,S-02,SKU-2,Bread,Bakery,5,3.00,USD,C-0007,card
O-908508,2026-09-24,S-03,SKU-3,Milk,Dairy,6,2.20,USD,C-0008,cash
O-908509,2026-09-25,S-01,SKU-4,Eggs,Dairy,7,0.35,EUR,C-0009,card
O-908510,2026-09-26,S-02,SKU-5,Coffee,Beverages,1,8.99,GBP,C-0010,cash
O-908511,2026-09-27,S-03,SKU-1,Apple,Produce,9,1.50,USD,C-0011,card
O-908512,2026-09-28,S-01,SKU-2,Bread,Bakery,4,3.00,USD,C-0012,cash
O-908513,2026-09-01,S-02,SKU-3,Milk,Dairy,4,2.20,USD,C-0013,card
O-908514,2026-09-02,S-03,SKU-4,Eggs,Dairy,2,0.35,EUR,C-0014,cash
O-908515,2026-09-03,S-01,SKU-5,Coffee,Beverages,9,8.99,GBP,C-0015,card
O-908516,2026-09-04,S-02,SKU-1,Apple,Produce,2,1.50,USD,C-0016,cash
O-908517,2026-09-05,S-03,SKU-2,Bread,Bakery,10,3.00,USD,C-0017,card
O-908518,2026-09-06,S-01,SKU-3,Milk,Dairy,6,2.20,USD,C-0018,cash
O-908519,2026-09-07,S-02,SKU-4,Eggs,Dairy,9,0.35,EUR,C-0019,card
O-908520,2026-09-08,S-03,SKU-5,Coffee,Beverages,-3,8.99,GBP,C-0020,cash
O-908521,2026-09-09,S-01,SKU-1,Apple,Produce,4,1.50,USD,C-0021,card
O-908522,2026-09-10,S-02,SKU-2,Bread,Bakery,8,3.00,USD,C-0022,cash
O-908523,2026-09-11,S-03,SKU-3,Milk,Dairy,11,2.20,USD,C-0023,card
O-908524,2026-09-12,S-01,SKU-4,Eggs,Dairy,11,0.35,EUR,C-0024,cash
O-908525,2026-09-13,S-02,SKU-5,Coffee,Beverages,4,8.99,GBP,C-0025,card
O-908526,2026-09-14,S-03,SKU-1,Apple,Produce,5,1.50,USD,C-0026,cash
O-908527,2026-09-15,S-01,SKU-2,Bread,Bakery,1,3.00,USD,C-0027,card
O-908528,2026-09-16,S-02,SKU-3,Milk,Dairy,4,2.20,USD,C-0028,cash
O-908529,2026-09-17,S-03,SKU-4,Eggs,Dairy,2,0.35,EUR,C-0029,card
O-908530,2026-09-18,S-01,SKU-5,Coffee,Beverages,3,8.99,GBP,C-0030,cash
O-908531,2026-09-19,S-02,SKU-1,Apple,Produce,11,1.50,USD,C-0031,card
O-908532,2026-09-20,S-03,SKU-2,Bread,Bakery,8,3.00,USD,C-0032,cash
O-908533,2026-09-21,S-01,SKU-3,Milk,Dairy,8,2.20,USD,C-0033,card
O-908534,2026-09-22,S-02,SKU-4,Eggs,Dairy,3,0.35,EUR,C-0034,cash
O-908535,2026-09-23,S-03,SKU-5,Coffee,Beverages,3,8.99,GBP,C-0035,card
O-908536,2026-09-24,S-01,SKU-1,Apple,Produce,11,1.50,USD,C-0036,cash
O-908537,2026-09-25,S-02,SKU-2,Bread,Bakery,1,3.00,USD,C-0037,card
O-908538,2026-09-26,S-03,SKU-3,Milk,Dairy,1,2.20,USD,C-0038,cash
O-908539,2026-09-27,S-01,SKU-4,Eggs,Dairy,11,0.35,EUR,C-0039,card
O-908540,2026-09-28,S-02,SKU-999,Coffee,Beverages,6,8.99,GBP,C-0040,cash
O-908541,2026-09-01,S-03,SKU-1,Apple,Produce,5,1.50,USD,C-0041,card
O-908542,2026-09-02,S-01,SKU-2,Bread,Bakery,4,3.00,USD,C-0042,cash
O-908543,2026-09-03,S-02,SKU-3,Milk,Dairy,7,2.20,USD,C-0043,card
O-908544,2026-09-04,S-03,SKU-4,Eggs,Dairy,5,0.35,EUR,C-0044,cash
O-908545,2026-09-05,S-01,SKU-5,Coffee,Beverages,6,8.99,GBP,C-0045,card
O-908546,2026-09-06,S-02,SKU-1,Apple,Produce,10,1.50,USD,C-0046,cash
O-908547,2026-09-07,S-03,SKU-2,Bread,Bakery,8,3.00,USD,C-0047,card
O-908548,2026-09-08,S-01,SKU-3,Milk,Dairy,1,2.20,USD,C-0048,cash
O-908549,2026-09-09,S-02,SKU-4,Eggs,Dairy,2,0.35,EUR,C-0049,card
O-908550,2026-09-10,S-03,SKU-5,Coffee,Beverages,12,8.99,GBP,C-0050,cash
O-908551,2026-09-11,S-01,SKU-1,Apple,Produce,1,1.50,USD,C-0051,card
O-908552,2026-09-12,S-02,SKU-2,Bread,Bakery,9,3.00,USD,C-0052,cash
O-908553,2026-09-13,S-03,SKU-3,Milk,Dairy,3,2.20,USD,C-0053,card
O-908554,2026-09-14,S-01,SKU-4,Eggs,Dairy,3,0.35,EUR,C-0054,cash
O-908555,2026-09-15,S-02,SKU-5,Coffee,Beverages,1,8.99,GBP,C-0055,card
O-908556,2026-09-16,S-03,SKU-1,Apple,Produce,8,1.50,USD,C-0056,cash
O-908557,2026-09-17,S-01,SKU-2,Bread,Bakery,9,3.00,USD,C-0057,card
O-908558,2026-09-18,S-02,SKU-3,Milk,Dairy,2,2.20,USD,C-0058,cash
O-908559,2026-09-19,S-03,SKU-4,Eggs,Dairy,2,0.35,EUR,C-0059,card
O-908560,2026-09-20,S-01,SKU-5,Coffee,Beverages,4,,GBP,C-0060,cash
O-908561,2026-09-21,S-02,SKU-1,Apple,Produce,12,1.50,USD,C-0061,card
O-908562,2026-09-22,S-03,SKU-2,Bread,Bakery,8,3.00,USD,C-0062,cash
O-908563,2026-09-23,S-01,SKU-3,Milk,Dairy,10,2.20,USD,C-0063,card
O-908564,2026-09-24,S-02,SKU-4,Eggs,Dairy,10,0.35,EUR,C-0064,cash
O-908565,2026-09-25,S-03,SKU-5,Coffee,Beverages,6,8.99,GBP,C-0065,card
O-908566,2026-09-26,S-01,SKU-1,Apple,Produce,7,1.50,USD,C-0066,cash
O-908567,2026-09-27,S-02,SKU-2,Bread,Bakery,4,3.00,USD,C-0067,card
O-908568,2026-09-28,S-03,SKU-3,Milk,Dairy,12,2.20,USD,C-0068,cash
O-908569,2026-09-01,S-01,SKU-4,Eggs,Dairy,11,0.35,EUR,C-0069,card
O-908570,2026-09-02,S-02,SKU-5,Coffee,Beverages,6,8.99,GBP,C-0070,cash
O-908571,2026-09-03,S-03,SKU-1,Apple,Produce,4,1.50,USD,C-0071,card
O-908572,2026-09-04,S-01,SKU-2,Bread,Bakery,2,3.00,USD,C-0072,cash
O-908573,2026-09-05,S-02,SKU-3,Milk,Dairy,6,2.20,USD,C-0073,card
O-908574,2026-09-06,S-03,SKU-4,Eggs,Dairy,4,0.35,EUR,C-0074,cash
O-908575,2026-09-07,S-01,SKU-5,Coffee,Beverages,2,8.99,GBP,C-0075,card
O-908576,2026-09-08,S-02,SKU-1,Apple,Produce,4,1.50,USD,C-0076,cash
O-908577,2026-09-09,S-03,SKU-2,Bread,Bakery,12,3.00,USD,C-0077,card
O-908578,2026-09-10,S-01,SKU-3,Milk,Dairy,7,2.20,USD,C-0078,cash
O-908579,2026-09-11,S-02,SKU-4,Eggs,Dairy,4,0.35,EUR,C-0079,card
,2026-09-12,S-03,SKU-5,Coffee,Beverages,7,8.99,GBP,C-0080,cash
O-908581,2026-09-13,S-01,SKU-1,Apple,Produce,4,1.50,USD,C-0081,card
O-908582,2026-09-14,S-02,SKU-2,Bread,Bakery,2,3.00,USD,C-0082,cash
O-908583,2026-09-15,S-03,SKU-3,Milk,Dairy,8,2.20,USD,C-0083,card
O-908584,2026-09-16,S-01,SKU-4,Eggs,Dairy,10,0.35,EUR,C-0084,cash
O-908585,2026-09-17,S-02,SKU-5,Coffee,Beverages,8,8.99,GBP,C-0085,card
O-908586,2026-09-18,S-03,SKU-1,Apple,Produce,1,1.50,USD,C-0086,cash
O-908587,2026-09-19,S-01,SKU-2,Bread,Bakery,7,3.00,USD,C-0087,card
O-908588,2026-09-20,S-02,SKU-3,Milk,Dairy,3,2.20,USD,C-0088,cash
O-908589,2026-09-21,S-03,SKU-4,Eggs,Dairy,4,0.35,EUR,C-0089,card
O-908590,2026-09-22,S-01,SKU-5,Coffee,Beverages,10,8.99,GBP,C-0090,cash
O-908591,2026-09-23,S-02,SKU-1,Apple,Produce,8,1.50,USD,C-0091,card
O-908592,2026-09-24,S-03,SKU-2,Bread,Bakery,3,3.00,USD,C-0092,cash
O-908593,2026-09-25,S-01,SKU-3,Milk,Dairy,7,2.20,USD,C-0093,card
O-908594,2026-09-26,S-02,SKU-4,Eggs,Dairy,6,0.35,EUR,C-0094,cash
O-908595,2026-09-27,S-03,SKU-5,Coffee,Beverages,3,8.99,GBP,C-0095,card
O-908596,2026-09-28,S-01,SKU-1,Apple,Produce,8,1.50,USD,C-0096,cash
O-908597,2026-09-01,S-02,SKU-2,Bread,Bakery,12,3.00,USD,C-0097,card
O-908598,2026-09-02,S-03,SKU-3,Milk,Dairy,4,2.20,USD,C-0098,cash
O-908599,2026-09-03,S-01,SKU-4,Eggs,Dairy,11,0.35,EUR,C-0099,card
O-908600,2026-09-04,S-02,SKU-5,Coffee,Beverages,6,8.99,XYZ,C-0100,cash
O-908601,2026-09-05,S-03,SKU-1,Apple,Produce,5,1.50,USD,C-0101,card
O-908602,2026-09-06,S-01,SKU-2,Bread,Bakery,4,3.00,USD,C-0102,cash
O-908603,2026-09-07,S-02,SKU-3,Milk,Dairy,6,2.20,USD,C-0103,card
O-908604,2026-09-08,S-03,SKU-4,Eggs,Dairy,3,0.35,EUR,C-0104,cash
O-908605,2026-09-09,S-01,SKU-5,Coffee,Beverages,1,8.99,GBP,C-0105,card
O-908606,2026-09-10,S-02,SKU-1,Apple,Produce,12,1.50,USD,C-0106,cash
O-908607,2026-09-11,S-03,SKU-2,Bread,Bakery,10,3.00,USD,C-0107,card
O-908608,2026-09-12,S-01,SKU-3,Milk,Dairy,1,2.20,USD,C-0108,cash
O-908609,2026-09-13,S-02,SKU-4,Eggs,Dairy,5,0.35,EUR,C-0109,card
O-908610,2026-09-14,S-03,SKU-5,Coffee,Beverages,3,8.99,GBP,C-0110,cash
O-908611,2026-09-15,S-01,SKU-1,Apple,Produce,2,1.50,USD,C-0111,card
O-908612,2026-09-16,S-02,SKU-2,Bread,Bakery,8,3.00,USD,C-0112,cash
O-908613,2026-09-17,S-03,SKU-3,Milk,Dairy,8,2.20,USD,C-0113,card
O-908614,2026-09-18,S-01,SKU-4,Eggs,Dairy,7,0.35,EUR,C-0114,cash
O-908615,2026-09-19,S-02,SKU-5,Coffee,Beverages,3,8.99,GBP,C-0115,card
O-908616,2026-09-20,S-03,SKU-1,Apple,Produce,6,1.50,USD,C-0116,cash
O-908617,2026-09-21,S-01,SKU-2,Bread,Bakery,4,3.00,USD,C-0117,card
O-908618,2026-09-22,S-02,SKU-3,Milk,Dairy,5,2.20,USD,C-0118,cash
O-908619,2026-09-23,S-03,SKU-4,Eggs,Dairy,10,0.35,EUR,C-0119,card
O-908620,2026-09-24,S-01,SKU-5,Coffee,Beverages,3,8.99,GBP,C-0120,bitcoin
O-908621,2026-09-25,S-02,SKU-1,Apple,Produce,11,1.50,USD,C-0121,card
O-908622,2026-09-26,S-03,SKU-2,Bread,Bakery,10,3.00,USD,C-0122,cash
O-908623,2026-09-27,S-01,SKU-3,Milk,Dairy,3,2.20,USD,C-0123,card
O-908624,2026-09-28,S-02,SKU-4,Eggs,Dairy,10,0.35,EUR,C-0124,cash
O-908625,2026-09-01,S-03,SKU-5,Coffee,Beverages,9,8.99,GBP,C-0125,card
O-908626,2026-09-02,S-01,SKU-1,Apple,Produce,4,1.50,USD,C-0126,cash
O-908627,2026-09-03,S-02,SKU-2,Bread,Bakery,2,3.00,USD,C-0127,card
O-908628,2026-09-04,S-03,SKU-3,Milk,Dairy,7,2.20,USD,C-0128,cash
O-908629,2026-09-05,S-01,SKU-4,Eggs,Dairy,9,0.35,EUR,C-0129,card
O-908630,2026-09-06,S-02,SKU-5,Coffee,Beverages,8,8.99,GBP,C-0130,cash
O-908631,2026-09-07,S-03,SKU-1,Apple,Produce,4,1.50,USD,C-0131,card
O-908632,2026-09-08,S-01,SKU-2,Bread,Bakery,10,3.00,USD,C-0132,cash
O-908633,2026-09-09,S-02,SKU-3,Milk,Dairy,8,2.20,USD,C-0133,card
O-908634,2026-09-10,S-03,SKU-4,Eggs,Dairy,8,0.35,EUR,C-0134,cash
O-908635,2026-09-11,S-01,SKU-5,Coffee,Beverages,5,8.99,GBP,C-0135,card
O-908636,2026-09-12,S-02,SKU-1,Apple,Produce,1,1.50,USD,C-0136,cash
O-908637,2026-09-13,S-03,SKU-2,Bread,Bakery,12,3.00,USD,C-0137,card
O-908638,2026-09-14,S-01,SKU-3,Milk,Dairy,7,2.20,USD,C-0138,cash
O-908639,2026-09-15,S-02,SKU-4,Eggs,Dairy,12,0.35,EUR,C-0139,card
O-908640,2026-09-16,S-03,SKU-5,Coffee,Beverages,0,8.99,GBP,C-0140,cash
O-908641,2026-09-17,S-01,SKU-1,Apple,Produce,4,1.50,USD,C-0141,card
O-908642,2026-09-18,S-02,SKU-2,Bread,Bakery,6,3.00,USD,C-0142,cash
O-908643,2026-09-19,S-03,SKU-3,Milk,Dairy,7,2.20,USD,C-0143,card
O-908644,2026-09-20,S-01,SKU-4,Eggs,Dairy,10,0.35,EUR,C-0144,cash
O-908645,2026-09-21,S-02,SKU-5,Coffee,Beverages,4,8.99,GBP,C-0145,card
O-908646,2026-09-22,S-03,SKU-1,Apple,Produce,10,1.50,USD,C-0146,cash
O-908647,2026-09-23,S-01,SKU-2,Bread,Bakery,3,3.00,USD,C-0147,card
O-908648,2026-09-24,S-02,SKU-3,Milk,Dairy,10,2.20,USD,C-0148,cash
O-908649,2026-09-25,S-03,SKU-4,Eggs,Dairy,1,0.35,EUR,C-0149,card
O-908650,2026-09-26,S-01,SKU-5,Coffee,Beverages,7,8.99,GBP,C-0150,cash
O-908651,2026-09-27,S-02,SKU-1,Apple,Produce,1,1.50,USD,C-0151,card
O-908652,2026-09-28,S-03,SKU-2,Bread,Bakery,1,3.00,USD,C-0152,cash
O-908653,2026-09-01,S-01,SKU-3,Milk,Dairy,8,2.20,USD,C-0153,card
O-908654,2026-09-02,S-02,SKU-4,Eggs,Dairy,12,0.35,EUR,C-0154,cash
O-908655,2026-09-03,S-03,SKU-5,Coffee,Beverages,9,8.99,GBP,C-0155,card
O-908656,2026-09-04,S-01,SKU-1,Apple,Produce,1,1.50,USD,C-0156,cash
O-908657,2026-09-05,S-02,SKU-2,Bread,Bakery,7,3.00,USD,C-0157,card
O-908658,2026-09-06,S-03,SKU-3,Milk,Dairy,9,2.20,USD,C-0158,cash
O-908659,2026-09-07,S-01,SKU-4,Eggs,Dairy,7,0.35,EUR,C-0159,card
O-908660,bad-date,S-02,SKU-5,Coffee,Beverages,8,8.99,GBP,C-0160,cash
O-908661,2026-09-09,S-03,SKU-1,Apple,Produce,12,1.50,USD,C-0161,card
O-908662,2026-09-10,S-01,SKU-2,Bread,Bakery,2,3.00,USD,C-0162,cash
O-908663,2026-09-11,S-02,SKU-3,Milk,Dairy,8,2.20,USD,C-0163,card
O-908664,2026-09-12,S-03,SKU-4,Eggs,Dairy,8,0.35,EUR,C-0164,cash
O-908665,2026-09-13,S-01,SKU-5,Coffee,Beverages,4,8.99,GBP,C-0165,card
O-908666,2026-09-14,S-02,SKU-1,Apple,Produce,2,1.50,USD,C-0166,cash
O-908667,2026-09-15,S-03,SKU-2,Bread,Bakery,9,3.00,USD,C-0167,card
O-908668,2026-09-16,S-01,SKU-3,Milk,Dairy,1,2.20,USD,C-0168,cash
O-908669,2026-09-17,S-02,SKU-4,Eggs,Dairy,12,0.35,EUR,C-0169,card
O-908670,2026-09-18,S-03,SKU-5,Coffee,Beverages,12,8.99,GBP,C-0170,cash
O-908671,2026-09-19,S-01,SKU-1,Apple,Produce,7,1.50,USD,C-0171,card
O-908672,2026-09-20,S-02,SKU-2,Bread,Bakery,4,3.00,USD,C-0172,cash
O-908673,2026-09-21,S-03,SKU-3,Milk,Dairy,3,2.20,USD,C-0173,card
O-908674,2026-09-22,S-01,SKU-4,Eggs,Dairy,6,0.35,EUR,C-0174,cash
O-908675,2026-09-23,S-02,SKU-5,Coffee,Beverages,5,8.99,GBP,C-0175,card
O-908676,2026-09-24,S-03,SKU-1,Apple,Produce,4,1.50,USD,C-0176,cash
O-908677,2026-09-25,S-01,SKU-2,Bread,Bakery,11,3.00,USD,C-0177,card
O-908678,2026-09-26,S-02,SKU-3,Milk,Dairy,2,2.20,USD,C-0178,cash
O-908679,2026-09-27,S-03,SKU-4,Eggs,Dairy,1,0.35,EUR,C-0179,card
O-908680,2026-09-28,S-01,SKU-5,Coffee,Beverages,-3,8.99,GBP,C-0180,cash
O-908681,2026-09-01,S-02,SKU-1,Apple,Produce,11,1.50,USD,C-0181,card
O-908682,2026-09-02,S-03,SKU-2,Bread,Bakery,5,3.00,USD,C-0182,cash
O-908683,2026-09-03,S-01,SKU-3,Milk,Dairy,3,2.20,USD,C-0183,card
O-908684,2026-09-04,S-02,SKU-4,Eggs,Dairy,12,0.35,EUR,C-0184,cash
O-908685,2026-09-05,S-03,SKU-5,Coffee,Beverages,8,8.99,GBP,C-0185,card
O-908686,2026-09-06,S-01,SKU-1,Apple,Produce,10,1.50,USD,C-0186,cash
O-908687,2026-09-07,S-02,SKU-2,Bread,Bakery,12,3.00,USD,C-0187,card
O-908688,2026-09-08,S-03,SKU-3,Milk,Dairy,10,2.20,USD,C-0188,cash
O-908689,2026-09-09,S-01,SKU-4,Eggs,Dairy,1,0.35,EUR,C-0189,card
O-908690,2026-09-10,S-02,SKU-5,Coffee,Beverages,8,8.99,GBP,C-0190,cash
O-908691,2026-09-11,S-03,SKU-1,Apple,Produce,8,1.50,USD,C-0191,card
O-908692,2026-09-12,S-01,SKU-2,Bread,Bakery,3,3.00,USD,C-0192,cash
O-908693,2026-09-13,S-02,SKU-3,Milk,Dairy,12,2.20,USD,C-0193,card
O-908694,2026-09-14,S-03,SKU-4,Eggs,Dairy,7,0.35,EUR,C-0194,cash
O-908695,2026-09-15,S-01,SKU-5,Coffee,Beverages,3,8.99,GBP,C-0195,card
O-908696,2026-09-16,S-02,SKU-1,Apple,Produce,6,1.50,USD,C-0196,cash
O-908697,2026-09-17,S-03,SKU-2,Bread,Bakery,11,3.00,USD,C-0197,card
O-908698,2026-09-18,S-01,SKU-3,Milk,Dairy,8,2.20,USD,C-0198,cash
O-908699,2026-09-19,S-02,SKU-4,Eggs,Dairy,12,0.35,EUR,C-0199,card
O-908700,2026-09-20,S-03,SKU-999,Coffee,Beverages,11,8.99,GBP,C-0200,cash
O-908701,2026-09-21,S-01,SKU-1,Apple,Produce,1,1.50,USD,C-0201,card
O-908702,2026-09-22,S-02,SKU-2,Bread,Bakery,11,3.00,USD,C-0202,cash
O-908703,2026-09-23,S-03,SKU-3,Milk,Dairy,2,2.20,USD,C-0203,card
O-908704,2026-09-24,S-01,SKU-4,Eggs,Dairy,7,0.35,EUR,C-0204,cash
O-908705,2026-09-25,S-02,SKU-5,Coffee,Beverages,12,8.99,GBP,C-0205,card
O-908706,2026-09-26,S-03,SKU-1,Apple,Produce,6,1.50,USD,C-0206,cash
O-908707,2026-09-27,S-01,SKU-2,Bread,Bakery,9,3.00,USD,C-0207,card
O-908708,2026-09-28,S-02,SKU-3,Milk,Dairy,1,2.20,USD,C-0208,cash
O-908709,2026-09-01,S-03,SKU-4,Eggs,Dairy,5,0.35,EUR,C-0209,card
O-908710,2026-09-02,S-01,SKU-5,Coffee,Beverages,7,8.99,GBP,C-0210,cash
O-908711,2026-09-03,S-02,SKU-1,Apple,Produce,5,1.50,USD,C-0211,card
O-908712,2026-09-04,S-03,SKU-2,Bread,Bakery,12,3.00,USD,C-0212,cash
O-908713,2026-09-05,S-01,SKU-3,Milk,Dairy,10,2.20,USD,C-0213,card
O-908714,2026-09-06,S-02,SKU-4,Eggs,Dairy,9,0.35,EUR,C-0214,cash
O-908715,2026-09-07,S-03,SKU-5,Coffee,Beverages,10,8.99,GBP,C-0215,card
O-908716,2026-09-08,S-01,SKU-1,Apple,Produce,4,1.50,USD,C-0216,cash
O-908717,2026-09-09,S-02,SKU-2,Bread,Bakery,11,3.00,USD,C-0217,card
O-908718,2026-09-10,S-03,SKU-3,Milk,Dairy,2,2.20,USD,C-0218,cash
O-908719,2026-09-11,S-01,SKU-4,Eggs,Dairy,10,0.35,EUR,C-0219,card
O-908720,2026-09-12,S-02,SKU-5,Coffee,Beverages,6,,GBP,C-0220,cash
O-908721,2026-09-13,S-03,SKU-1,Apple,Produce,12,1.50,USD,C-0221,card
O-908722,2026-09-14,S-01,SKU-2,Bread,Bakery,1,3.00,USD,C-0222,cash
O-908723,2026-09-15,S-02,SKU-3,Milk,Dairy,9,2.20,USD,C-0223,card
O-908724,2026-09-16,S-03,SKU-4,Eggs,Dairy,11,0.35,EUR,C-0224,cash
O-908725,2026-09-17,S-01,SKU-5,Coffee,Beverages,6,8.99,GBP,C-0225,card
O-908726,2026-09-18,S-02,SKU-1,Apple,Produce,1,1.50,USD,C-0226,cash
O-908727,2026-09-19,S-03,SKU-2,Bread,Bakery,2,3.00,USD,C-0227,card
O-908728,2026-09-20,S-01,SKU-3,Milk,Dairy,7,2.20,USD,C-0228,cash
O-908729,2026-09-21,S-02,SKU-4,Eggs,Dairy,6,0.35,EUR,C-0229,card
O-908730,2026-09-22,S-03,SKU-5,Coffee,Beverages,8,8.99,GBP,C-0230,cash
O-908731,2026-09-23,S-01,SKU-1,Apple,Produce,10,1.50,USD,C-0231,card
O-908732,2026-09-24,S-02,SKU-2,Bread,Bakery,1,3.00,USD,C-0232,cash
O-908733,2026-09-25,S-03,SKU-3,Milk,Dairy,6,2.20,USD,C-0233,card
O-908734,2026-09-26,S-01,SKU-4,Eggs,Dairy,6,0.35,EUR,C-0234,cash
O-908735,2026-09-27,S-02,SKU-5,Coffee,Beverages,3,8.99,GBP,C-0235,card
O-908736,2026-09-28,S-03,SKU-1,Apple,Produce,11,1.50,USD,C-0236,cash
O-908737,2026-09-01,S-01,SKU-2,Bread,Bakery,9,3.00,USD,C-0237,card
O-908738,2026-09-02,S-02,SKU-3,Milk,Dairy,12,2.20,USD,C-0238,cash
O-908739,2026-09-03,S-03,SKU-4,Eggs,Dairy,2,0.35,EUR,C-0239,card
,2026-09-04,S-01,SKU-5,Coffee,Beverages,9,8.99,GBP,C-0240,cash
O-908741,2026-09-05,S-02,SKU-1,Apple,Produce,12,1.50,USD,C-0241,card
O-908742,2026-09-06,S-03,SKU-2,Bread,Bakery,4,3.00,USD,C-0242,cash
O-908743,2026-09-07,S-01,SKU-3,Milk,Dairy,3,2.20,USD,C-0243,card
O-908744,2026-09-08,S-02,SKU-4,Eggs,Dairy,6,0.35,EUR,C-0244,cash
O-908745,2026-09-09,S-03,SKU-5,Coffee,Beverages,4,8.99,GBP,C-0245,card
O-908746,2026-09-10,S-01,SKU-1,Apple,Produce,9,1.50,USD,C-0246,cash
O-908747,2026-09-11,S-02,SKU-2,Bread,Bakery,2,3.00,USD,C-0247,card
O-908748,2026-09-12,S-03,SKU-3,Milk,Dairy,11,2.20,USD,C-0248,cash
O-908749,2026-09-13,S-01,SKU-4,Eggs,Dairy,8,0.35,EUR,C-0249,card
O-908750,2026-09-14,S-02,SKU-5,Coffee,Beverages,12,8.99,GBP,C-0250,cash
O-908751,2026-09-15,S-03,SKU-1,Apple,Produce,10,1.50,USD,C-0251,card
O-908752,2026-09-16,S-01,SKU-2,Bread,Bakery,12,3.00,USD,C-0252,cash
O-908753,2026-09-17,S-02,SKU-3,Milk,Dairy,4,2.20,USD,C-0253,card
O-908754,2026-09-18,S-03,SKU-4,Eggs,Dairy,12,0.35,EUR,C-0254,cash
O-908755,2026-09-19,S-01,SKU-5,Coffee,Beverages,4,8.99,GBP,C-0255,card
O-908756,2026-09-20,S-02,SKU-1,Apple,Produce,6,1.50,USD,C-0256,cash
O-908757,2026-09-21,S-03,SKU-2,Bread,Bakery,6,3.00,USD,C-0257,card
O-908758,2026-09-22,S-01,SKU-3,Milk,Dairy,5,2.20,USD,C-0258,cash
O-908759,2026-09-23,S-02,SKU-4,Eggs,Dairy,9,0.35,EUR,C-0259,card
O-908760,2026-09-24,S-03,SKU-5,Coffee,Beverages,11,8.99,XYZ,C-0260,cash
O-908761,2026-09-25,S-01,SKU-1,Apple,Produce,7,1.50,USD,C-0261,card
O-908762,2026-09-26,S-02,SKU-2,Bread,Bakery,5,3.00,USD,C-0262,cash
O-908763,2026-09-27,S-03,SKU-3,Milk,Dairy,1,2.20,USD,C-0263,card
O-908764,2026-09-28,S-01,SKU-4,Eggs,Dairy,2,0.35,EUR,C-0264,cash
O-908765,2026-09-01,S-02,SKU-5,Coffee,Beverages,6,8.99,GBP,C-0265,card
O-908766,2026-09-02,S-03,SKU-1,Apple,Produce,6,1.50,USD,C-0266,cash
O-908767,2026-09-03,S-01,SKU-2,Bread,Bakery,8,3.00,USD,C-0267,card
O-908768,2026-09-04,S-02,SKU-3,Milk,Dairy,8,2.20,USD,C-0268,cash
O-908769,2026-09-05,S-03,SKU-4,Eggs,Dairy,9,0.35,EUR,C-0269,card
O-908770,2026-09-06,S-01,SKU-5,Coffee,Beverages,9,8.99,GBP,C-0270,cash
O-908771,2026-09-07,S-02,SKU-1,Apple,Produce,2,1.50,USD,C-0271,card
O-908772,2026-09-08,S-03,SKU-2,Bread,Bakery,8,3.00,USD,C-0272,cash
O-908773,2026-09-09,S-01,SKU-3,Milk,Dairy,12,2.20,USD,C-0273,card
O-908774,2026-09-10,S-02,SKU-4,Eggs,Dairy,9,0.35,EUR,C-0274,cash
O-908775,2026-09-11,S-03,SKU-5,Coffee,Beverages,11,8.99,GBP,C-0275,card
O-908776,2026-09-12,S-01,SKU-1,Apple,Produce,9,1.50,USD,C-0276,cash
O-908777,2026-09-13,S-02,SKU-2,Bread,Bakery,5,3.00,USD,C-0277,card
O-908778,2026-09-14,S-03,SKU-3,Milk,Dairy,8,2.20,USD,C-0278,cash
O-908779,2026-09-15,S-01,SKU-4,Eggs,Dairy,10,0.35,EUR,C-0279,card
O-908780,2026-09-16,S-02,SKU-5,Coffee,Beverages,6,8.99,GBP,C-0280,bitcoin
O-908781,2026-09-17,S-03,SKU-1,Apple,Produce,11,1.50,USD,C-0281,card
O-908782,2026-09-18,S-01,SKU-2,Bread,Bakery,12,3.00,USD,C-0282,cash
O-908783,2026-09-19,S-02,SKU-3,Milk,Dairy,2,2.20,USD,C-0283,card
O-908784,2026-09-20,S-03,SKU-4,Eggs,Dairy,4,0.35,EUR,C-0284,cash
O-908785,2026-09-21,S-01,SKU-5,Coffee,Beverages,8,8.99,GBP,C-0285,card
O-908786,2026-09-22,S-02,SKU-1,Apple,Produce,2,1.50,USD,C-0286,cash
O-908787,2026-09-23,S-03,SKU-2,Bread,Bakery,2,3.00,USD,C-0287,card
O-908788,2026-09-24,S-01,SKU-3,Milk,Dairy,7,2.20,USD,C-0288,cash
O-908789,2026-09-25,S-02,SKU-4,Eggs,Dairy,3,0.35,EUR,C-0289,card
O-908790,2026-09-26,S-03,SKU-5,Coffee,Beverages,5,8.99,GBP,C-0290,cash
O-908791,2026-09-27,S-01,SKU-1,Apple,Produce,2,1.50,USD,C-0291,card
O-908792,2026-09-28,S-02,SKU-2,Bread,Bakery,2,3.00,USD,C-0292,cash
O-908793,2026-09-01,S-03,SKU-3,Milk,Dairy,3,2.20,USD,C-0293,card
O-908794,2026-09-02,S-01,SKU-4,Eggs,Dairy,5,0.35,EUR,C-0294,cash
O-908795,2026-09-03,S-02,SKU-5,Coffee,Beverages,2,8.99,GBP,C-0295,card
O-908796,2026-09-04,S-03,SKU-1,Apple,Produce,12,1.50,USD,C-0296,cash
O-908797,2026-09-05,S-01,SKU-2,Bread,Bakery,3,3.00,USD,C-0297,card
O-908798,2026-09-06,S-02,SKU-3,Milk,Dairy,8,2.20,USD,C-0298,cash
O-908799,2026-09-07,S-03,SKU-4,Eggs,Dairy,3,0.35,EUR,C-0299,card
O-908800,2026-09-08,S-01,SKU-5,Coffee,Beverages,0,8.99,GBP,C-0300,cash
O-908801,2026-09-09,S-02,SKU-1,Apple,Produce,9,1.50,USD,C-0301,card
O-908802,2026-09-10,S-03,SKU-2,Bread,Bakery,11,3.00,USD,C-0302,cash
O-908803,2026-09-11,S-01,SKU-3,Milk,Dairy,1,2.20,USD,C-0303,card
O-908804,2026-09-12,S-02,SKU-4,Eggs,Dairy,5,0.35,EUR,C-0304,cash
O-908805,2026-09-13,S-03,SKU-5,Coffee,Beverages,7,8.99,GBP,C-0305,card
O-908806,2026-09-14,S-01,SKU-1,Apple,Produce,11,1.50,USD,C-0306,cash
O-908807,2026-09-15,S-02,SKU-2,Bread,Bakery,9,3.00,USD,C-0307,card
O-908808,2026-09-16,S-03,SKU-3,Milk,Dairy,3,2.20,USD,C-0308,cash
O-908809,2026-09-17,S-01,SKU-4,Eggs,Dairy,8,0.35,EUR,C-0309,card
O-908810,2026-09-18,S-02,SKU-5,Coffee,Beverages,6,8.99,GBP,C-0310,cash
O-908811,2026-09-19,S-03,SKU-1,Apple,Produce,7,1.50,USD,C-0311,card
O-908812,2026-09-20,S-01,SKU-2,Bread,Bakery,8,3.00,USD,C-0312,cash
O-908813,2026-09-21,S-02,SKU-3,Milk,Dairy,12,2.20,USD,C-0313,card
O-908814,2026-09-22,S-03,SKU-4,Eggs,Dairy,11,0.35,EUR,C-0314,cash
O-908815,2026-09-23,S-01,SKU-5,Coffee,Beverages,1,8.99,GBP,C-0315,card
O-908816,2026-09-24,S-02,SKU-1,Apple,Produce,5,1.50,USD,C-0316,cash
O-908817,2026-09-25,S-03,SKU-2,Bread,Bakery,4,3.00,USD,C-0317,card
O-908818,2026-09-26,S-01,SKU-3,Milk,Dairy,2,2.20,USD,C-0318,cash
O-908819,2026-09-27,S-02,SKU-4,Eggs,Dairy,1,0.35,EUR,C-0319,card
O-908820,bad-date,S-03,SKU-5,Coffee,Beverages,4,8.99,GBP,C-0320,cash
O-908821,2026-09-01,S-01,SKU-1,Apple,Produce,9,1.50,USD,C-0321,card
O-908822,2026-09-02,S-02,SKU-2,Bread,Bakery,11,3.00,USD,C-0322,cash
O-908823,2026-09-03,S-03,SKU-3,Milk,Dairy,6,2.20,USD,C-0323,card
O-908824,2026-09-04,S-01,SKU-4,Eggs,Dairy,7,0.35,EUR,C-0324,cash
O-908825,2026-09-05,S-02,SKU-5,Coffee,Beverages,10,8.99,GBP,C-0325,card
O-908826,2026-09-06,S-03,SKU-1,Apple,Produce,6,1.50,USD,C-0326,cash
O-908827,2026-09-07,S-01,SKU-2,Bread,Bakery,11,3.00,USD,C-0327,card
O-908828,2026-09-08,S-02,SKU-3,Milk,Dairy,11,2.20,USD,C-0328,cash
O-908829,2026-09-09,S-03,SKU-4,Eggs,Dairy,6,0.35,EUR,C-0329,card
O-908830,2026-09-10,S-01,SKU-5,Coffee,Beverages,8,8.99,GBP,C-0330,cash
O-908831,2026-09-11,S-02,SKU-1,Apple,Produce,10,1.50,USD,C-0331,card
O-908832,2026-09-12,S-03,SKU-2,Bread,Bakery,11,3.00,USD,C-0332,cash
O-908833,2026-09-13,S-01,SKU-3,Milk,Dairy,12,2.20,USD,C-0333,card
O-908834,2026-09-14,S-02,SKU-4,Eggs,Dairy,9,0.35,EUR,C-0334,cash
O-908835,2026-09-15,S-03,SKU-5,Coffee,Beverages,9,8.99,GBP,C-0335,card
O-908836,2026-09-16,S-01,SKU-1,Apple,Produce,8,1.50,USD,C-0336,cash
O-908837,2026-09-17,S-02,SKU-2,Bread,Bakery,8,3.00,USD,C-0337,card
O-908838,2026-09-18,S-03,SKU-3,Milk,Dairy,5,2.20,USD,C-0338,cash
O-908839,2026-09-19,S-01,SKU-4,Eggs,Dairy,10,0.35,EUR,C-0339,card
O-908840,2026-09-20,S-02,SKU-5,Coffee,Beverages,-3,8.99,GBP,C-0340,cash
O-908841,2026-09-21,S-03,SKU-1,Apple,Produce,5,1.50,USD,C-0341,card
O-908842,2026-09-22,S-01,SKU-2,Bread,Bakery,3,3.00,USD,C-0342,cash
O-908843,2026-09-23,S-02,SKU-3,Milk,Dairy,5,2.20,USD,C-0343,card
O-908844,2026-09-24,S-03,SKU-4,Eggs,Dairy,4,0.35,EUR,C-0344,cash
O-908845,2026-09-25,S-01,SKU-5,Coffee,Beverages,8,8.99,GBP,C-0345,card
O-908846,2026-09-26,S-02,SKU-1,Apple,Produce,6,1.50,USD,C-0346,cash
O-908847,2026-09-27,S-03,SKU-2,Bread,Bakery,5,3.00,USD,C-0347,card
O-908848,2026-09-28,S-01,SKU-3,Milk,Dairy,1,2.20,USD,C-0348,cash
O-908849,2026-09-01,S-02,SKU-4,Eggs,Dairy,3,0.35,EUR,C-0349,card
O-908850,2026-09-02,S-03,SKU-5,Coffee,Beverages,6,8.99,GBP,C-0350,cash
O-908851,2026-09-03,S-01,SKU-1,Apple,Produce,5,1.50,USD,C-0351,card
O-908852,2026-09-04,S-02,SKU-2,Bread,Bakery,8,3.00,USD,C-0352,cash
O-908853,2026-09-05,S-03,SKU-3,Milk,Dairy,3,2.20,USD,C-0353,card
O-908854,2026-09-06,S-01,SKU-4,Eggs,Dairy,10,0.35,EUR,C-0354,cash
O-908855,2026-09-07,S-02,SKU-5,Coffee,Beverages,3,8.99,GBP,C-0355,card
O-908856,2026-09-08,S-03,SKU-1,Apple,Produce,12,1.50,USD,C-0356,cash
O-908857,2026-09-09,S-01,SKU-2,Bread,Bakery,9,3.00,USD,C-0357,card
O-908858,2026-09-10,S-02,SKU-3,Milk,Dairy,5,2.20,USD,C-0358,cash
O-908859,2026-09-11,S-03,SKU-4,Eggs,Dairy,3,0.35,EUR,C-0359,card
O-908860,2026-09-12,S-01,SKU-999,Coffee,Beverages,3,8.99,GBP,C-0360,cash
O-908861,2026-09-13,S-02,SKU-1,Apple,Produce,12,1.50,USD,C-0361,card
O-908862,2026-09-14,S-03,SKU-2,Bread,Bakery,12,3.00,USD,C-0362,cash
O-908863,2026-09-15,S-01,SKU-3,Milk,Dairy,11,2.20,USD,C-0363,card
O-908864,2026-09-16,S-02,SKU-4,Eggs,Dairy,3,0.35,EUR,C-0364,cash
O-908865,2026-09-17,S-03,SKU-5,Coffee,Beverages,3,8.99,GBP,C-0365,card
O-908866,2026-09-18,S-01,SKU-1,Apple,Produce,4,1.50,USD,C-0366,cash
O-908867,2026-09-19,S-02,SKU-2,Bread,Bakery,2,3.00,USD,C-0367,card
O-908868,2026-09-20,S-03,SKU-3,Milk,Dairy,1,2.20,USD,C-0368,cash
O-908869,2026-09-21,S-01,SKU-4,Eggs,Dairy,6,0.35,EUR,C-0369,card
O-908870,2026-09-22,S-02,SKU-5,Coffee,Beverages,10,8.99,GBP,C-0370,cash
O-908871,2026-09-23,S-03,SKU-1,Apple,Produce,3,1.50,USD,C-0371,card
O-908872,2026-09-24,S-01,SKU-2,Bread,Bakery,8,3.00,USD,C-0372,cash
O-908873,2026-09-25,S-02,SKU-3,Milk,Dairy,5,2.20,USD,C-0373,card
O-908874,2026-09-26,S-03,SKU-4,Eggs,Dairy,6,0.35,EUR,C-0374,cash
O-908875,2026-09-27,S-01,SKU-5,Coffee,Beverages,3,8.99,GBP,C-0375,card
O-908876,2026-09-28,S-02,SKU-1,Apple,Produce,4,1.50,USD,C-0376,cash
O-908877,2026-09-01,S-03,SKU-2,Bread,Bakery,9,3.00,USD,C-0377,card
O-908878,2026-09-02,S-01,SKU-3,Milk,Dairy,12,2.20,USD,C-0378,cash
O-908879,2026-09-03,S-02,SKU-4,Eggs,Dairy,1,0.35,EUR,C-0379,card
O-908880,2026-09-04,S-03,SKU-5,Coffee,Beverages,11,,GBP,C-0380,cash
O-908881,2026-09-05,S-01,SKU-1,Apple,Produce,6,1.50,USD,C-0381,card
O-908882,2026-09-06,S-02,SKU-2,Bread,Bakery,6,3.00,USD,C-0382,cash
O-908883,2026-09-07,S-03,SKU-3,Milk,Dairy,3,2.20,USD,C-0383,card
O-908884,2026-09-08,S-01,SKU-4,Eggs,Dairy,6,0.35,EUR,C-0384,cash
O-908885,2026-09-09,S-02,SKU-5,Coffee,Beverages,8,8.99,GBP,C-0385,card
O-908886,2026-09-10,S-03,SKU-1,Apple,Produce,9,1.50,USD,C-0386,cash
O-908887,2026-09-11,S-01,SKU-2,Bread,Bakery,3,3.00,USD,C-0387,card
O-908888,2026-09-12,S-02,SKU-3,Milk,Dairy,9,2.20,USD,C-0388,cash
O-908889,2026-09-13,S-03,SKU-4,Eggs,Dairy,5,0.35,EUR,C-0389,card
O-908890,2026-09-14,S-01,SKU-5,Coffee,Beverages,2,8.99,GBP,C-0390,cash
O-908891,2026-09-15,S-02,SKU-1,Apple,Produce,1,1.50,USD,C-0391,card
O-908892,2026-09-16,S-03,SKU-2,Bread,Bakery,7,3.00,USD,C-0392,cash
O-908893,2026-09-17,S-01,SKU-3,Milk,Dairy,8,2.20,USD,C-0393,card
O-908894,2026-09-18,S-02,SKU-4,Eggs,Dairy,3,0.35,EUR,C-0394,cash
O-908895,2026-09-19,S-03,SKU-5,Coffee,Beverages,8,8.99,GBP,C-0395,card
O-908896,2026-09-20,S-01,SKU-1,Apple,Produce,6,1.50,USD,C-0396,cash
O-908897,2026-09-21,S-02,SKU-2,Bread,Bakery,3,3.00,USD,C-0397,card
O-908898,2026-09-22,S-03,SKU-3,Milk,Dairy,1,2.20,USD,C-0398,cash
O-908899,2026-09-23,S-01,SKU-4,Eggs,Dairy,12,0.35,EUR,C-0399,card
,2026-09-24,S-02,SKU-5,Coffee,Beverages,9,8.99,GBP,C-0400,cash
O-908901,2026-09-25,S-03,SKU-1,Apple,Produce,9,1.50,USD,C-0401,card
O-908902,2026-09-26,S-01,SKU-2,Bread,Bakery,6,3.00,USD,C-0402,cash
O-908903,2026-09-27,S-02,SKU-3,Milk,Dairy,11,2.20,USD,C-0403,card
O-908904,2026-09-28,S-03,SKU-4,Eggs,Dairy,12,0.35,EUR,C-0404,cash
O-908905,2026-09-01,S-01,SKU-5,Coffee,Beverages,5,8.99,GBP,C-0405,card
O-908906,2026-09-02,S-02,SKU-1,Apple,Produce,8,1.50,USD,C-0406,cash
O-908907,2026-09-03,S-03,SKU-2,Bread,Bakery,5,3.00,USD,C-0407,card
O-908908,2026-09-04,S-01,SKU-3,Milk,Dairy,10,2.20,USD,C-0408,cash
O-908909,2026-09-05,S-02,SKU-4,Eggs,Dairy,11,0.35,EUR,C-0409,card
O-908910,2026-09-06,S-03,SKU-5,Coffee,Beverages,3,8.99,GBP,C-0410,cash
O-908911,2026-09-07,S-01,SKU-1,Apple,Produce,10,1.50,USD,C-0411,card
O-908912,2026-09-08,S-02,SKU-2,Bread,Bakery,12,3.00,USD,C-0412,cash
O-908913,2026-09-09,S-03,SKU-3,Milk,Dairy,8,2.20,USD,C-0413,card
O-908914,2026-09-10,S-01,SKU-4,Eggs,Dairy,6,0.35,EUR,C-0414,cash
O-908915,2026-09-11,S-02,SKU-5,Coffee,Beverages,12,8.99,GBP,C-0415,card
O-908916,2026-09-12,S-03,SKU-1,Apple,Produce,2,1.50,USD,C-0416,cash
O-908917,2026-09-13,S-01,SKU-2,Bread,Bakery,12,3.00,USD,C-0417,card
O-908918,2026-09-14,S-02,SKU-3,Milk,Dairy,8,2.20,USD,C-0418,cash
O-908919,2026-09-15,S-03,SKU-4,Eggs,Dairy,1,0.35,EUR,C-0419,card
O-908920,2026-09-16,S-01,SKU-5,Coffee,Beverages,3,8.99,XYZ,C-0420,cash
O-908921,2026-09-17,S-02,SKU-1,Apple,Produce,11,1.50,USD,C-0421,card
O-908922,2026-09-18,S-03,SKU-2,Bread,Bakery,9,3.00,USD,C-0422,cash
O-908923,2026-09-19,S-01,SKU-3,Milk,Dairy,2,2.20,USD,C-0423,card
O-908924,2026-09-20,S-02,SKU-4,Eggs,Dairy,5,0.35,EUR,C-0424,cash
O-908925,2026-09-21,S-03,SKU-5,Coffee,Beverages,1,8.99,GBP,C-0425,card
O-908926,2026-09-22,S-01,SKU-1,Apple,Produce,7,1.50,USD,C-0426,cash
O-908927,2026-09-23,S-02,SKU-2,Bread,Bakery,10,3.00,USD,C-0427,card
O-908928,2026-09-24,S-03,SKU-3,Milk,Dairy,4,2.20,USD,C-0428,cash
O-908929,2026-09-25,S-01,SKU-4,Eggs,Dairy,8,0.35,EUR,C-0429,card
O-908930,2026-09-26,S-02,SKU-5,Coffee,Beverages,6,8.99,GBP,C-0430,cash
O-908931,2026-09-27,S-03,SKU-1,Apple,Produce,2,1.50,USD,C-0431,card
O-908932,2026-09-28,S-01,SKU-2,Bread,Bakery,6,3.00,USD,C-0432,cash
O-908933,2026-09-01,S-02,SKU-3,Milk,Dairy,1,2.20,USD,C-0433,card
O-908934,2026-09-02,S-03,SKU-4,Eggs,Dairy,10,0.35,EUR,C-0434,cash
O-908935,2026-09-03,S-01,SKU-5,Coffee,Beverages,11,8.99,GBP,C-0435,card
O-908936,2026-09-04,S-02,SKU-1,Apple,Produce,4,1.50,USD,C-0436,cash
O-908937,2026-09-05,S-03,SKU-2,Bread,Bakery,10,3.00,USD,C-0437,card
O-908938,2026-09-06,S-01,SKU-3,Milk,Dairy,9,2.20,USD,C-0438,cash
O-908939,2026-09-07,S-02,SKU-4,Eggs,Dairy,4,0.35,EUR,C-0439,card
O-908940,2026-09-08,S-03,SKU-5,Coffee,Beverages,5,8.99,GBP,C-0440,bitcoin
O-908941,2026-09-09,S-01,SKU-1,Apple,Produce,4,1.50,USD,C-0441,card
O-908942,2026-09-10,S-02,SKU-2,Bread,Bakery,1,3.00,USD,C-0442,cash
O-908943,2026-09-11,S-03,SKU-3,Milk,Dairy,2,2.20,USD,C-0443,card
O-908944,2026-09-12,S-01,SKU-4,Eggs,Dairy,9,0.35,EUR,C-0444,cash
O-908945,2026-09-13,S-02,SKU-5,Coffee,Beverages,8,8.99,GBP,C-0445,card
O-908946,2026-09-14,S-03,SKU-1,Apple,Produce,11,1.50,USD,C-0446,cash
O-908947,2026-09-15,S-01,SKU-2,Bread,Bakery,11,3.00,USD,C-0447,card
O-908948,2026-09-16,S-02,SKU-3,Milk,Dairy,2,2.20,USD,C-0448,cash
O-908949,2026-09-17,S-03,SKU-4,Eggs,Dairy,9,0.35,EUR,C-0449,card
O-908950,2026-09-18,S-01,SKU-5,Coffee,Beverages,7,8.99,GBP,C-0450,cash
O-908951,2026-09-19,S-02,SKU-1,Apple,Produce,4,1.50,USD,C-0451,card
O-908952,2026-09-20,S-03,SKU-2,Bread,Bakery,8,3.00,USD,C-0452,cash
O-908953,2026-09-21,S-01,SKU-3,Milk,Dairy,6,2.20,USD,C-0453,card
O-908954,2026-09-22,S-02,SKU-4,Eggs,Dairy,10,0.35,EUR,C-0454,cash
O-908955,2026-09-23,S-03,SKU-5,Coffee,Beverages,10,8.99,GBP,C-0455,card
O-908956,2026-09-24,S-01,SKU-1,Apple,Produce,9,1.50,USD,C-0456,cash
O-908957,2026-09-25,S-02,SKU-2,Bread,Bakery,1,3.00,USD,C-0457,card
O-908958,2026-09-26,S-03,SKU-3,Milk,Dairy,11,2.20,USD,C-0458,cash
O-908959,2026-09-27,S-01,SKU-4,Eggs,Dairy,6,0.35,EUR,C-0459,card
O-908960,2026-09-28,S-02,SKU-5,Coffee,Beverages,0,8.99,GBP,C-0460,cash
O-908961,2026-09-01,S-03,SKU-1,Apple,Produce,3,1.50,USD,C-0461,card
O-908962,2026-09-02,S-01,SKU-2,Bread,Bakery,12,3.00,USD,C-0462,cash
O-908963,2026-09-03,S-02,SKU-3,Milk,Dairy,7,2.20,USD,C-0463,card
O-908964,2026-09-04,S-03,SKU-4,Eggs,Dairy,6,0.35,EUR,C-0464,cash
O-908965,2026-09-05,S-01,SKU-5,Coffee,Beverages,7,8.99,GBP,C-0465,card
O-908966,2026-09-06,S-02,SKU-1,Apple,Produce,6,1.50,USD,C-0466,cash
O-908967,2026-09-07,S-03,SKU-2,Bread,Bakery,1,3.00,USD,C-0467,card
O-908968,2026-09-08,S-01,SKU-3,Milk,Dairy,5,2.20,USD,C-0468,cash
O-908969,2026-09-09,S-02,SKU-4,Eggs,Dairy,6,0.35,EUR,C-0469,card
O-908970,2026-09-10,S-03,SKU-5,Coffee,Beverages,6,8.99,GBP,C-0470,cash
O-908971,2026-09-11,S-01,SKU-1,Apple,Produce,5,1.50,USD,C-0471,card
O-908972,2026-09-12,S-02,SKU-2,Bread,Bakery,8,3.00,USD,C-0472,cash
O-908973,2026-09-13,S-03,SKU-3,Milk,Dairy,9,2.20,USD,C-0473,card
O-908974,2026-09-14,S-01,SKU-4,Eggs,Dairy,2,0.35,EUR,C-0474,cash
O-908975,2026-09-15,S-02,SKU-5,Coffee,Beverages,4,8.99,GBP,C-0475,card
O-908976,2026-09-16,S-03,SKU-1,Apple,Produce,12,1.50,USD,C-0476,cash
O-908977,2026-09-17,S-01,SKU-2,Bread,Bakery,8,3.00,USD,C-0477,card
O-908978,2026-09-18,S-02,SKU-3,Milk,Dairy,12,2.20,USD,C-0478,cash
O-908979,2026-09-19,S-03,SKU-4,Eggs,Dairy,7,0.35,EUR,C-0479,card
O-908980,bad-date,S-01,SKU-5,Coffee,Beverages,8,8.99,GBP,C-0480,cash
O-908981,2026-09-21,S-02,SKU-1,Apple,Produce,5,1.50,USD,C-0481,card
O-908982,2026-09-22,S-03,SKU-2,Bread,Bakery,3,3.00,USD,C-0482,cash
O-908983,2026-09-23,S-01,SKU-3,Milk,Dairy,12,2.20,USD,C-0483,card
O-908984,2026-09-24,S-02,SKU-4,Eggs,Dairy,7,0.35,EUR,C-0484,cash
O-908985,2026-09-25,S-03,SKU-5,Coffee,Beverages,12,8.99,GBP,C-0485,card
O-908986,2026-09-26,S-01,SKU-1,Apple,Produce,7,1.50,USD,C-0486,cash
O-908987,2026-09-27,S-02,SKU-2,Bread,Bakery,3,3.00,USD,C-0487,card
O-908988,2026-09-28,S-03,SKU-3,Milk,Dairy,10,2.20,USD,C-0488,cash
O-908989,2026-09-01,S-01,SKU-4,Eggs,Dairy,10,0.35,EUR,C-0489,card
O-908990,2026-09-02,S-02,SKU-5,Coffee,Beverages,2,8.99,GBP,C-0490,cash
O-908991,2026-09-03,S-03,SKU-1,Apple,Produce,3,1.50,USD,C-0491,card
O-908992,2026-09-04,S-01,SKU-2,Bread,Bakery,4,3.00,USD,C-0492,cash
O-908993,2026-09-05,S-02,SKU-3,Milk,Dairy,5,2.20,USD,C-0493,card
O-908994,2026-09-06,S-03,SKU-4,Eggs,Dairy,8,0.35,EUR,C-0494,cash
O-908995,2026-09-07,S-01,SKU-5,Coffee,Beverages,9,8.99,GBP,C-0495,card
O-908996,2026-09-08,S-02,SKU-1,Apple,Produce,6,1.50,USD,C-0496,cash
O-908997,2026-09-09,S-03,SKU-2,Bread,Bakery,2,3.00,USD,C-0497,card
O-908998,2026-09-10,S-01,SKU-3,Milk,Dairy,10,2.20,USD,C-0498,cash
O-908999,2026-09-11,S-02,SKU-4,Eggs,Dairy,7,0.35,EUR,C-0499,card
O-909000,2026-09-12,S-03,SKU-5,Coffee,Beverages,-3,8.99,GBP,C-0500,cash
O-909001,2026-09-13,S-01,SKU-1,Apple,Produce,1,1.50,USD,C-0001,card
O-909002,2026-09-14,S-02,SKU-2,Bread,Bakery,7,3.00,USD,C-0002,cash
O-909003,2026-09-15,S-03,SKU-3,Milk,Dairy,11,2.20,USD,C-0003,card
O-909004,2026-09-16,S-01,SKU-4,Eggs,Dairy,5,0.35,EUR,C-0004,cash
O-909005,2026-09-17,S-02,SKU-5,Coffee,Beverages,7,8.99,GBP,C-0005,card
O-909006,2026-09-18,S-03,SKU-1,Apple,Produce,3,1.50,USD,C-0006,cash
O-909007,2026-09-19,S-01,SKU-2,Bread,Bakery,9,3.00,USD,C-0007,card
O-909008,2026-09-20,S-02,SKU-3,Milk,Dairy,8,2.20,USD,C-0008,cash
O-909009,2026-09-21,S-03,SKU-4,Eggs,Dairy,12,0.35,EUR,C-0009,card
O-909010,2026-09-22,S-01,SKU-5,Coffee,Beverages,10,8.99,GBP,C-0010,cash
O-909011,2026-09-23,S-02,SKU-1,Apple,Produce,3,1.50,USD,C-0011,card
O-909012,2026-09-24,S-03,SKU-2,Bread,Bakery,4,3.00,USD,C-0012,cash
O-909013,2026-09-25,S-01,SKU-3,Milk,Dairy,3,2.20,USD,C-0013,card
O-909014,2026-09-26,S-02,SKU-4,Eggs,Dairy,7,0.35,EUR,C-0014,cash
O-909015,2026-09-27,S-03,SKU-5,Coffee,Beverages,5,8.99,GBP,C-0015,card
O-909016,2026-09-28,S-01,SKU-1,Apple,Produce,9,1.50,USD,C-0016,cash
O-909017,2026-09-01,S-02,SKU-2,Bread,Bakery,8,3.00,USD,C-0017,card
O-909018,2026-09-02,S-03,SKU-3,Milk,Dairy,1,2.20,USD,C-0018,cash
O-909019,2026-09-03,S-01,SKU-4,Eggs,Dairy,5,0.35,EUR,C-0019,card
O-909020,2026-09-04,S-02,SKU-999,Coffee,Beverages,10,8.99,GBP,C-0020,cash
O-909021,2026-09-05,S-03,SKU-1,Apple,Produce,5,1.50,USD,C-0021,card
O-909022,2026-09-06,S-01,SKU-2,Bread,Bakery,8,3.00,USD,C-0022,cash
O-909023,2026-09-07,S-02,SKU-3,Milk,Dairy,9,2.20,USD,C-0023,card
O-909024,2026-09-08,S-03,SKU-4,Eggs,Dairy,12,0.35,EUR,C-0024,cash
O-909025,2026-09-09,S-01,SKU-5,Coffee,Beverages,8,8.99,GBP,C-0025,card
O-909026,2026-09-10,S-02,SKU-1,Apple,Produce,4,1.50,USD,C-0026,cash
O-909027,2026-09-11,S-03,SKU-2,Bread,Bakery,1,3.00,USD,C-0027,card
O-909028,2026-09-12,S-01,SKU-3,Milk,Dairy,1,2.20,USD,C-0028,cash
O-909029,2026-09-13,S-02,SKU-4,Eggs,Dairy,3,0.35,EUR,C-0029,card
O-909030,2026-09-14,S-03,SKU-5,Coffee,Beverages,5,8.99,GBP,C-0030,cash
O-909031,2026-09-15,S-01,SKU-1,Apple,Produce,5,1.50,USD,C-0031,card
O-909032,2026-09-16,S-02,SKU-2,Bread,Bakery,11,3.00,USD,C-0032,cash
O-909033,2026-09-17,S-03,SKU-3,Milk,Dairy,11,2.20,USD,C-0033,card
O-909034,2026-09-18,S-01,SKU-4,Eggs,Dairy,8,0.35,EUR,C-0034,cash
O-909035,2026-09-19,S-02,SKU-5,Coffee,Beverages,2,8.99,GBP,C-0035,card
O-909036,2026-09-20,S-03,SKU-1,Apple,Produce,11,1.50,USD,C-0036,cash
O-909037,2026-09-21,S-01,SKU-2,Bread,Bakery,11,3.00,USD,C-0037,card
O-909038,2026-09-22,S-02,SKU-3,Milk,Dairy,5,2.20,USD,C-0038,cash
O-909039,2026-09-23,S-03,SKU-4,Eggs,Dairy,7,0.35,EUR,C-0039,card
O-909040,2026-09-24,S-01,SKU-5,Coffee,Beverages,3,,GBP,C-0040,cash
O-909041,2026-09-25,S-02,SKU-1,Apple,Produce,8,1.50,USD,C-0041,card
O-909042,2026-09-26,S-03,SKU-2,Bread,Bakery,12,3.00,USD,C-0042,cash
O-909043,2026-09-27,S-01,SKU-3,Milk,Dairy,11,2.20,USD,C-0043,card
O-909044,2026-09-28,S-02,SKU-4,Eggs,Dairy,4,0.35,EUR,C-0044,cash
O-909045,2026-09-01,S-03,SKU-5,Coffee,Beverages,1,8.99,GBP,C-0045,card
O-909046,2026-09-02,S-01,SKU-1,Apple,Produce,2,1.50,USD,C-0046,cash
O-909047,2026-09-03,S-02,SKU-2,Bread,Bakery,5,3.00,USD,C-0047,card
O-909048,2026-09-04,S-03,SKU-3,Milk,Dairy,8,2.20,USD,C-0048,cash
O-909049,2026-09-05,S-01,SKU-4,Eggs,Dairy,2,0.35,EUR,C-0049,card
O-909050,2026-09-06,S-02,SKU-5,Coffee,Beverages,10,8.99,GBP,C-0050,cash
O-909051,2026-09-07,S-03,SKU-1,Apple,Produce,12,1.50,USD,C-0051,card
O-909052,2026-09-08,S-01,SKU-2,Bread,Bakery,6,3.00,USD,C-0052,cash
O-909053,2026-09-09,S-02,SKU-3,Milk,Dairy,10,2.20,USD,C-0053,card
O-909054,2026-09-10,S-03,SKU-4,Eggs,Dairy,8,0.35,EUR,C-0054,cash
O-909055,2026-09-11,S-01,SKU-5,Coffee,Beverages,10,8.99,GBP,C-0055,card
O-909056,2026-09-12,S-02,SKU-1,Apple,Produce,7,1.50,USD,C-0056,cash
O-909057,2026-09-13,S-03,SKU-2,Bread,Bakery,5,3.00,USD,C-0057,card
O-909058,2026-09-14,S-01,SKU-3,Milk,Dairy,11,2.20,USD,C-0058,cash
O-909059,2026-09-15,S-02,SKU-4,Eggs,Dairy,11,0.35,EUR,C-0059,card
,2026-09-16,S-03,SKU-5,Coffee,Beverages,8,8.99,GBP,C-0060,cash
O-909061,2026-09-17,S-01,SKU-1,Apple,Produce,12,1.50,USD,C-0061,card
O-909062,2026-09-18,S-02,SKU-2,Bread,Bakery,2,3.00,USD,C-0062,cash
O-909063,2026-09-19,S-03,SKU-3,Milk,Dairy,6,2.20,USD,C-0063,card
O-909064,2026-09-20,S-01,SKU-4,Eggs,Dairy,9,0.35,EUR,C-0064,cash
O-909065,2026-09-21,S-02,SKU-5,Coffee,Beverages,12,8.99,GBP,C-0065,card
O-909066,2026-09-22,S-03,SKU-1,Apple,Produce,10,1.50,USD,C-0066,cash
O-909067,2026-09-23,S-01,SKU-2,Bread,Bakery,1,3.00,USD,C-0067,card
O-909068,2026-09-24,S-02,SKU-3,Milk,Dairy,5,2.20,USD,C-0068,cash
O-909069,2026-09-25,S-03,SKU-4,Eggs,Dairy,3,0.35,EUR,C-0069,card
O-909070,2026-09-26,S-01,SKU-5,Coffee,Beverages,10,8.99,GBP,C-0070,cash
O-909071,2026-09-27,S-02,SKU-1,Apple,Produce,1,1.50,USD,C-0071,card
O-909072,2026-09-28,S-03,SKU-2,Bread,Bakery,3,3.00,USD,C-0072,cash
O-909073,2026-09-01,S-01,SKU-3,Milk,Dairy,6,2.20,USD,C-0073,card
O-909074,2026-09-02,S-02,SKU-4,Eggs,Dairy,8,0.35,EUR,C-0074,cash
O-909075,2026-09-03,S-03,SKU-5,Coffee,Beverages,12,8.99,GBP,C-0075,card
O-909076,2026-09-04,S-01,SKU-1,Apple,Produce,3,1.50,USD,C-0076,cash
O-909077,2026-09-05,S-02,SKU-2,Bread,Bakery,6,3.00,USD,C-0077,card
O-909078,2026-09-06,S-03,SKU-3,Milk,Dairy,3,2.20,USD,C-0078,cash
O-909079,2026-09-07,S-01,SKU-4,Eggs,Dairy,1,0.35,EUR,C-0079,card
O-909080,2026-09-08,S-02,SKU-5,Coffee,Beverages,5,8.99,XYZ,C-0080,cash
O-909081,2026-09-09,S-03,SKU-1,Apple,Produce,6,1.50,USD,C-0081,card
O-909082,2026-09-10,S-01,SKU-2,Bread,Bakery,7,3.00,USD,C-0082,cash
O-909083,2026-09-11,S-02,SKU-3,Milk,Dairy,11,2.20,USD,C-0083,card
O-909084,2026-09-12,S-03,SKU-4,Eggs,Dairy,6,0.35,EUR,C-0084,cash
O-909085,2026-09-13,S-01,SKU-5,Coffee,Beverages,1,8.99,GBP,C-0085,card
O-909086,2026-09-14,S-02,SKU-1,Apple,Produce,5,1.50,USD,C-0086,cash
O-909087,2026-09-15,S-03,SKU-2,Bread,Bakery,5,3.00,USD,C-0087,card
O-909088,2026-09-16,S-01,SKU-3,Milk,Dairy,9,2.20,USD,C-0088,cash
O-909089,2026-09-17,S-02,SKU-4,Eggs,Dairy,11,0.35,EUR,C-0089,card
O-909090,2026-09-18,S-03,SKU-5,Coffee,Beverages,2,8.99,GBP,C-0090,cash
O-909091,2026-09-19,S-01,SKU-1,Apple,Produce,9,1.50,USD,C-0091,card
O-909092,2026-09-20,S-02,SKU-2,Bread,Bakery,4,3.00,USD,C-0092,cash
O-909093,2026-09-21,S-03,SKU-3,Milk,Dairy,11,2.20,USD,C-0093,card
O-909094,2026-09-22,S-01,SKU-4,Eggs,Dairy,3,0.35,EUR,C-0094,cash
O-909095,2026-09-23,S-02,SKU-5,Coffee,Beverages,2,8.99,GBP,C-0095,card
O-909096,2026-09-24,S-03,SKU-1,Apple,Produce,10,1.50,USD,C-0096,cash
O-909097,2026-09-25,S-01,SKU-2,Bread,Bakery,3,3.00,USD,C-0097,card
O-909098,2026-09-26,S-02,SKU-3,Milk,Dairy,9,2.20,USD,C-0098,cash
O-909099,2026-09-27,S-03,SKU-4,Eggs,Dairy,6,0.35,EUR,C-0099,card
O-909100,2026-09-28,S-01,SKU-5,Coffee,Beverages,6,8.99,GBP,C-0100,bitcoin
O-909101,2026-09-01,S-02,SKU-1,Apple,Produce,11,1.50,USD,C-0101,card
O-909102,2026-09-02,S-03,SKU-2,Bread,Bakery,5,3.00,USD,C-0102,cash
O-909103,2026-09-03,S-01,SKU-3,Milk,Dairy,5,2.20,USD,C-0103,card
O-909104,2026-09-04,S-02,SKU-4,Eggs,Dairy,11,0.35,EUR,C-0104,cash
O-909105,2026-09-05,S-03,SKU-5,Coffee,Beverages,12,8.99,GBP,C-0105,card
O-909106,2026-09-06,S-01,SKU-1,Apple,Produce,12,1.50,USD,C-0106,cash
O-909107,2026-09-07,S-02,SKU-2,Bread,Bakery,6,3.00,USD,C-0107,card
O-909108,2026-09-08,S-03,SKU-3,Milk,Dairy,2,2.20,USD,C-0108,cash
O-909109,2026-09-09,S-01,SKU-4,Eggs,Dairy,9,0.35,EUR,C-0109,card
O-909110,2026-09-10,S-02,SKU-5,Coffee,Beverages,10,8.99,GBP,C-0110,cash
O-909111,2026-09-11,S-03,SKU-1,Apple,Produce,6,1.50,USD,C-0111,card
O-909112,2026-09-12,S-01,SKU-2,Bread,Bakery,3,3.00,USD,C-0112,cash
O-909113,2026-09-13,S-02,SKU-3,Milk,Dairy,1,2.20,USD,C-0113,card
O-909114,2026-09-14,S-03,SKU-4,Eggs,Dairy,3,0.35,EUR,C-0114,cash
O-909115,2026-09-15,S-01,SKU-5,Coffee,Beverages,9,8.99,GBP,C-0115,card
O-909116,2026-09-16,S-02,SKU-1,Apple,Produce,5,1.50,USD,C-0116,cash
O-909117,2026-09-17,S-03,SKU-2,Bread,Bakery,6,3.00,USD,C-0117,card
O-909118,2026-09-18,S-01,SKU-3,Milk,Dairy,8,2.20,USD,C-0118,cash
O-909119,2026-09-19,S-02,SKU-4,Eggs,Dairy,7,0.35,EUR,C-0119,card
O-909120,2026-09-20,S-03,SKU-5,Coffee,Beverages,0,8.99,GBP,C-0120,cash
O-909121,2026-09-21,S-01,SKU-1,Apple,Produce,3,1.50,USD,C-0121,card
O-909122,2026-09-22,S-02,SKU-2,Bread,Bakery,2,3.00,USD,C-0122,cash
O-909123,2026-09-23,S-03,SKU-3,Milk,Dairy,4,2.20,USD,C-0123,card
O-909124,2026-09-24,S-01,SKU-4,Eggs,Dairy,3,0.35,EUR,C-0124,cash
O-909125,2026-09-25,S-02,SKU-5,Coffee,Beverages,9,8.99,GBP,C-0125,card
O-909126,2026-09-26,S-03,SKU-1,Apple,Produce,4,1.50,USD,C-0126,cash
O-909127,2026-09-27,S-01,SKU-2,Bread,Bakery,4,3.00,USD,C-0127,card
O-909128,2026-09-28,S-02,SKU-3,Milk,Dairy,9,2.20,USD,C-0128,cash
O-909129,2026-09-01,S-03,SKU-4,Eggs,Dairy,10,0.35,EUR,C-0129,card
O-909130,2026-09-02,S-01,SKU-5,Coffee,Beverages,12,8.99,GBP,C-0130,cash
O-909131,2026-09-03,S-02,SKU-1,Apple,Produce,9,1.50,USD,C-0131,card
O-909132,2026-09-04,S-03,SKU-2,Bread,Bakery,9,3.00,USD,C-0132,cash
O-909133,2026-09-05,S-01,SKU-3,Milk,Dairy,12,2.20,USD,C-0133,card
O-909134,2026-09-06,S-02,SKU-4,Eggs,Dairy,9,0.35,EUR,C-0134,cash
O-909135,2026-09-07,S-03,SKU-5,Coffee,Beverages,12,8.99,GBP,C-0135,card
O-909136,2026-09-08,S-01,SKU-1,Apple,Produce,2,1.50,USD,C-0136,cash
O-909137,2026-09-09,S-02,SKU-2,Bread,Bakery,7,3.00,USD,C-0137,card
O-909138,2026-09-10,S-03,SKU-3,Milk,Dairy,8,2.20,USD,C-0138,cash
O-909139,2026-09-11,S-01,SKU-4,Eggs,Dairy,2,0.35,EUR,C-0139,card
O-909140,bad-date,S-02,SKU-5,Coffee,Beverages,2,8.99,GBP,C-0140,cash
O-909141,2026-09-13,S-03,SKU-1,Apple,Produce,3,1.50,USD,C-0141,card
O-909142,2026-09-14,S-01,SKU-2,Bread,Bakery,1,3.00,USD,C-0142,cash
O-909143,2026-09-15,S-02,SKU-3,Milk,Dairy,8,2.20,USD,C-0143,card
O-909144,2026-09-16,S-03,SKU-4,Eggs,Dairy,6,0.35,EUR,C-0144,cash
O-909145,2026-09-17,S-01,SKU-5,Coffee,Beverages,5,8.99,GBP,C-0145,card
O-909146,2026-09-18,S-02,SKU-1,Apple,Produce,12,1.50,USD,C-0146,cash
O-909147,2026-09-19,S-03,SKU-2,Bread,Bakery,6,3.00,USD,C-0147,card
O-909148,2026-09-20,S-01,SKU-3,Milk,Dairy,3,2.20,USD,C-0148,cash
O-909149,2026-09-21,S-02,SKU-4,Eggs,Dairy,8,0.35,EUR,C-0149,card
O-909150,2026-09-22,S-03,SKU-5,Coffee,Beverages,10,8.99,GBP,C-0150,cash
O-909151,2026-09-23,S-01,SKU-1,Apple,Produce,9,1.50,USD,C-0151,card
O-909152,2026-09-24,S-02,SKU-2,Bread,Bakery,6,3.00,USD,C-0152,cash
O-909153,2026-09-25,S-03,SKU-3,Milk,Dairy,3,2.20,USD,C-0153,card
O-909154,2026-09-26,S-01,SKU-4,Eggs,Dairy,12,0.35,EUR,C-0154,cash
O-909155,2026-09-27,S-02,SKU-5,Coffee,Beverages,5,8.99,GBP,C-0155,card
O-909156,2026-09-28,S-03,SKU-1,Apple,Produce,1,1.50,USD,C-0156,cash
O-909157,2026-09-01,S-01,SKU-2,Bread,Bakery,12,3.00,USD,C-0157,card
O-909158,2026-09-02,S-02,SKU-3,Milk,Dairy,2,2.20,USD,C-0158,cash
O-909159,2026-09-03,S-03,SKU-4,Eggs,Dairy,4,0.35,EUR,C-0159,card
O-909160,2026-09-04,S-01,SKU-5,Coffee,Beverages,-3,8.99,GBP,C-0160,cash
O-909161,2026-09-05,S-02,SKU-1,Apple,Produce,12,1.50,USD,C-0161,card
O-909162,2026-09-06,S-03,SKU-2,Bread,Bakery,3,3.00,USD,C-0162,cash
O-909163,2026-09-07,S-01,SKU-3,Milk,Dairy,12,2.20,USD,C-0163,card
O-909164,2026-09-08,S-02,SKU-4,Eggs,Dairy,4,0.35,EUR,C-0164,cash
O-909165,2026-09-09,S-03,SKU-5,Coffee,Beverages,5,8.99,GBP,C-0165,card
O-909166,2026-09-10,S-01,SKU-1,Apple,Produce,3,1.50,USD,C-0166,cash
O-909167,2026-09-11,S-02,SKU-2,Bread,Bakery,4,3.00,USD,C-0167,card
O-909168,2026-09-12,S-03,SKU-3,Milk,Dairy,3,2.20,USD,C-0168,cash
O-909169,2026-09-13,S-01,SKU-4,Eggs,Dairy,2,0.35,EUR,C-0169,card
O-909170,2026-09-14,S-02,SKU-5,Coffee,Beverages,7,8.99,GBP,C-0170,cash
O-909171,2026-09-15,S-03,SKU-1,Apple,Produce,12,1.50,USD,C-0171,card
O-909172,2026-09-16,S-01,SKU-2,Bread,Bakery,2,3.00,USD,C-0172,cash
O-909173,2026-09-17,S-02,SKU-3,Milk,Dairy,2,2.20,USD,C-0173,card
O-909174,2026-09-18,S-03,SKU-4,Eggs,Dairy,1,0.35,EUR,C-0174,cash
O-909175,2026-09-19,S-01,SKU-5,Coffee,Beverages,8,8.99,GBP,C-0175,card
O-909176,2026-09-20,S-02,SKU-1,Apple,Produce,7,1.50,USD,C-0176,cash
O-909177,2026-09-21,S-03,SKU-2,Bread,Bakery,1,3.00,USD,C-0177,card
O-909178,2026-09-22,S-01,SKU-3,Milk,Dairy,4,2.20,USD,C-0178,cash
O-909179,2026-09-23,S-02,SKU-4,Eggs,Dairy,2,0.35,EUR,C-0179,card
O-909180,2026-09-24,S-03,SKU-999,Coffee,Beverages,1,8.99,GBP,C-0180,cash
O-909181,2026-09-25,S-01,SKU-1,Apple,Produce,11,1.50,USD,C-0181,card
O-909182,2026-09-26,S-02,SKU-2,Bread,Bakery,9,3.00,USD,C-0182,cash
O-909183,2026-09-27,S-03,SKU-3,Milk,Dairy,10,2.20,USD,C-0183,card
O-909184,2026-09-28,S-01,SKU-4,Eggs,Dairy,1,0.35,EUR,C-0184,cash
O-909185,2026-09-01,S-02,SKU-5,Coffee,Beverages,8,8.99,GBP,C-0185,card
O-909186,2026-09-02,S-03,SKU-1,Apple,Produce,2,1.50,USD,C-0186,cash
O-909187,2026-09-03,S-01,SKU-2,Bread,Bakery,5,3.00,USD,C-0187,card
O-909188,2026-09-04,S-02,SKU-3,Milk,Dairy,1,2.20,USD,C-0188,cash
O-909189,2026-09-05,S-03,SKU-4,Eggs,Dairy,2,0.35,EUR,C-0189,card
O-909190,2026-09-06,S-01,SKU-5,Coffee,Beverages,5,8.99,GBP,C-0190,cash
O-909191,2026-09-07,S-02,SKU-1,Apple,Produce,11,1.50,USD,C-0191,card
O-909192,2026-09-08,S-03,SKU-2,Bread,Bakery,1,3.00,USD,C-0192,cash
O-909193,2026-09-09,S-01,SKU-3,Milk,Dairy,2,2.20,USD,C-0193,card
O-909194,2026-09-10,S-02,SKU-4,Eggs,Dairy,2,0.35,EUR,C-0194,cash
O-909195,2026-09-11,S-03,SKU-5,Coffee,Beverages,10,8.99,GBP,C-0195,card
O-909196,2026-09-12,S-01,SKU-1,Apple,Produce,4,1.50,USD,C-0196,cash
O-909197,2026-09-13,S-02,SKU-2,Bread,Bakery,10,3.00,USD,C-0197,card
O-909198,2026-09-14,S-03,SKU-3,Milk,Dairy,4,2.20,USD,C-0198,cash
O-909199,2026-09-15,S-01,SKU-4,Eggs,Dairy,3,0.35,EUR,C-0199,card
O-909200,2026-09-16,S-02,SKU-5,Coffee,Beverages,11,,GBP,C-0200,cash
O-909201,2026-09-17,S-03,SKU-1,Apple,Produce,6,1.50,USD,C-0201,card
O-909202,2026-09-18,S-01,SKU-2,Bread,Bakery,1,3.00,USD,C-0202,cash
O-909203,2026-09-19,S-02,SKU-3,Milk,Dairy,2,2.20,USD,C-0203,card
O-909204,2026-09-20,S-03,SKU-4,Eggs,Dairy,3,0.35,EUR,C-0204,cash
O-909205,2026-09-21,S-01,SKU-5,Coffee,Beverages,12,8.99,GBP,C-0205,card
O-909206,2026-09-22,S-02,SKU-1,Apple,Produce,5,1.50,USD,C-0206,cash
O-909207,2026-09-23,S-03,SKU-2,Bread,Bakery,10,3.00,USD,C-0207,card
O-909208,2026-09-24,S-01,SKU-3,Milk,Dairy,6,2.20,USD,C-0208,cash
O-909209,2026-09-25,S-02,SKU-4,Eggs,Dairy,6,0.35,EUR,C-0209,card
O-909210,2026-09-26,S-03,SKU-5,Coffee,Beverages,3,8.99,GBP,C-0210,cash
O-909211,2026-09-27,S-01,SKU-1,Apple,Produce,9,1.50,USD,C-0211,card
O-909212,2026-09-28,S-02,SKU-2,Bread,Bakery,12,3.00,USD,C-0212,cash
O-909213,2026-09-01,S-03,SKU-3,Milk,Dairy,10,2.20,USD,C-0213,card
O-909214,2026-09-02,S-01,SKU-4,Eggs,Dairy,4,0.35,EUR,C-0214,cash
O-909215,2026-09-03,S-02,SKU-5,Coffee,Beverages,9,8.99,GBP,C-0215,card
O-909216,2026-09-04,S-03,SKU-1,Apple,Produce,10,1.50,USD,C-0216,cash
O-909217,2026-09-05,S-01,SKU-2,Bread,Bakery,2,3.00,USD,C-0217,card
O-909218,2026-09-06,S-02,SKU-3,Milk,Dairy,2,2.20,USD,C-0218,cash
O-909219,2026-09-07,S-03,SKU-4,Eggs,Dairy,10,0.35,EUR,C-0219,card
,2026-09-08,S-01,SKU-5,Coffee,Beverages,1,8.99,GBP,C-0220,cash
O-909221,2026-09-09,S-02,SKU-1,Apple,Produce,9,1.50,USD,C-0221,card
O-909222,2026-09-10,S-03,SKU-2,Bread,Bakery,4,3.00,USD,C-0222,cash
O-909223,2026-09-11,S-01,SKU-3,Milk,Dairy,12,2.20,USD,C-0223,card
O-909224,2026-09-12,S-02,SKU-4,Eggs,Dairy,4,0.35,EUR,C-0224,cash
O-909225,2026-09-13,S-03,SKU-5,Coffee,Beverages,5,8.99,GBP,C-0225,card
O-909226,2026-09-14,S-01,SKU-1,Apple,Produce,3,1.50,USD,C-0226,cash
O-909227,2026-09-15,S-02,SKU-2,Bread,Bakery,9,3.00,USD,C-0227,card
O-909228,2026-09-16,S-03,SKU-3,Milk,Dairy,1,2.20,USD,C-0228,cash
O-909229,2026-09-17,S-01,SKU-4,Eggs,Dairy,12,0.35,EUR,C-0229,card
O-909230,2026-09-18,S-02,SKU-5,Coffee,Beverages,2,8.99,GBP,C-0230,cash
O-909231,2026-09-19,S-03,SKU-1,Apple,Produce,4,1.50,USD,C-0231,card
O-909232,2026-09-20,S-01,SKU-2,Bread,Bakery,9,3.00,USD,C-0232,cash
O-909233,2026-09-21,S-02,SKU-3,Milk,Dairy,12,2.20,USD,C-0233,card
O-909234,2026-09-22,S-03,SKU-4,Eggs,Dairy,8,0.35,EUR,C-0234,cash
O-909235,2026-09-23,S-01,SKU-5,Coffee,Beverages,6,8.99,GBP,C-0235,card
O-909236,2026-09-24,S-02,SKU-1,Apple,Produce,12,1.50,USD,C-0236,cash
O-909237,2026-09-25,S-03,SKU-2,Bread,Bakery,10,3.00,USD,C-0237,card
O-909238,2026-09-26,S-01,SKU-3,Milk,Dairy,3,2.20,USD,C-0238,cash
O-909239,2026-09-27,S-02,SKU-4,Eggs,Dairy,8,0.35,EUR,C-0239,card
O-909240,2026-09-28,S-03,SKU-5,Coffee,Beverages,11,8.99,XYZ,C-0240,cash
O-909241,2026-09-01,S-01,SKU-1,Apple,Produce,2,1.50,USD,C-0241,card
O-909242,2026-09-02,S-02,SKU-2,Bread,Bakery,3,3.00,USD,C-0242,cash
O-909243,2026-09-03,S-03,SKU-3,Milk,Dairy,6,2.20,USD,C-0243,card
O-909244,2026-09-04,S-01,SKU-4,Eggs,Dairy,7,0.35,EUR,C-0244,cash
O-909245,2026-09-05,S-02,SKU-5,Coffee,Beverages,7,8.99,GBP,C-0245,card
O-909246,2026-09-06,S-03,SKU-1,Apple,Produce,4,1.50,USD,C-0246,cash
O-909247,2026-09-07,S-01,SKU-2,Bread,Bakery,9,3.00,USD,C-0247,card
O-909248,2026-09-08,S-02,SKU-3,Milk,Dairy,4,2.20,USD,C-0248,cash
O-909249,2026-09-09,S-03,SKU-4,Eggs,Dairy,7,0.35,EUR,C-0249,card
O-909250,2026-09-10,S-01,SKU-5,Coffee,Beverages,2,8.99,GBP,C-0250,cash
O-909251,2026-09-11,S-02,SKU-1,Apple,Produce,6,1.50,USD,C-0251,card
O-909252,2026-09-12,S-03,SKU-2,Bread,Bakery,2,3.00,USD,C-0252,cash
O-909253,2026-09-13,S-01,SKU-3,Milk,Dairy,8,2.20,USD,C-0253,card
O-909254,2026-09-14,S-02,SKU-4,Eggs,Dairy,2,0.35,EUR,C-0254,cash
O-909255,2026-09-15,S-03,SKU-5,Coffee,Beverages,9,8.99,GBP,C-0255,card
O-909256,2026-09-16,S-01,SKU-1,Apple,Produce,3,1.50,USD,C-0256,cash
O-909257,2026-09-17,S-02,SKU-2,Bread,Bakery,8,3.00,USD,C-0257,card
O-909258,2026-09-18,S-03,SKU-3,Milk,Dairy,6,2.20,USD,C-0258,cash
O-909259,2026-09-19,S-01,SKU-4,Eggs,Dairy,12,0.35,EUR,C-0259,card
O-909260,2026-09-20,S-02,SKU-5,Coffee,Beverages,5,8.99,GBP,C-0260,bitcoin
O-909261,2026-09-21,S-03,SKU-1,Apple,Produce,9,1.50,USD,C-0261,card
O-909262,2026-09-22,S-01,SKU-2,Bread,Bakery,12,3.00,USD,C-0262,cash
O-909263,2026-09-23,S-02,SKU-3,Milk,Dairy,1,2.20,USD,C-0263,card
O-909264,2026-09-24,S-03,SKU-4,Eggs,Dairy,2,0.35,EUR,C-0264,cash
O-909265,2026-09-25,S-01,SKU-5,Coffee,Beverages,6,8.99,GBP,C-0265,card
O-909266,2026-09-26,S-02,SKU-1,Apple,Produce,8,1.50,USD,C-0266,cash
O-909267,2026-09-27,S-03,SKU-2,Bread,Bakery,2,3.00,USD,C-0267,card
O-909268,2026-09-28,S-01,SKU-3,Milk,Dairy,7,2.20,USD,C-0268,cash
O-909269,2026-09-01,S-02,SKU-4,Eggs,Dairy,5,0.35,EUR,C-0269,card
O-909270,2026-09-02,S-03,SKU-5,Coffee,Beverages,8,8.99,GBP,C-0270,cash
O-909271,2026-09-03,S-01,SKU-1,Apple,Produce,10,1.50,USD,C-0271,card
O-909272,2026-09-04,S-02,SKU-2,Bread,Bakery,12,3.00,USD,C-0272,cash
O-909273,2026-09-05,S-03,SKU-3,Milk,Dairy,5,2.20,USD,C-0273,card
O-909274,2026-09-06,S-01,SKU-4,Eggs,Dairy,11,0.35,EUR,C-0274,cash
O-909275,2026-09-07,S-02,SKU-5,Coffee,Beverages,8,8.99,GBP,C-0275,card
O-909276,2026-09-08,S-03,SKU-1,Apple,Produce,4,1.50,USD,C-0276,cash
O-909277,2026-09-09,S-01,SKU-2,Bread,Bakery,9,3.00,USD,C-0277,card
O-909278,2026-09-10,S-02,SKU-3,Milk,Dairy,7,2.20,USD,C-0278,cash
O-909279,2026-09-11,S-03,SKU-4,Eggs,Dairy,5,0.35,EUR,C-0279,card
O-909280,2026-09-12,S-01,SKU-5,Coffee,Beverages,0,8.99,GBP,C-0280,cash
O-909281,2026-09-13,S-02,SKU-1,Apple,Produce,4,1.50,USD,C-0281,card
O-909282,2026-09-14,S-03,SKU-2,Bread,Bakery,2,3.00,USD,C-0282,cash
O-909283,2026-09-15,S-01,SKU-3,Milk,Dairy,8,2.20,USD,C-0283,card
O-909284,2026-09-16,S-02,SKU-4,Eggs,Dairy,11,0.35,EUR,C-0284,cash
O-909285,2026-09-17,S-03,SKU-5,Coffee,Beverages,6,8.99,GBP,C-0285,card
O-909286,2026-09-18,S-01,SKU-1,Apple,Produce,3,1.50,USD,C-0286,cash
O-909287,2026-09-19,S-02,SKU-2,Bread,Bakery,1,3.00,USD,C-0287,card
O-909288,2026-09-20,S-03,SKU-3,Milk,Dairy,11,2.20,USD,C-0288,cash
O-909289,2026-09-21,S-01,SKU-4,Eggs,Dairy,8,0.35,EUR,C-0289,card
O-909290,2026-09-22,S-02,SKU-5,Coffee,Beverages,11,8.99,GBP,C-0290,cash
O-909291,2026-09-23,S-03,SKU-1,Apple,Produce,2,1.50,USD,C-0291,card
O-909292,2026-09-24,S-01,SKU-2,Bread,Bakery,7,3.00,USD,C-0292,cash
O-909293,2026-09-25,S-02,SKU-3,Milk,Dairy,8,2.20,USD,C-0293,card
O-909294,2026-09-26,S-03,SKU-4,Eggs,Dairy,9,0.35,EUR,C-0294,cash
O-909295,2026-09-27,S-01,SKU-5,Coffee,Beverages,11,8.99,GBP,C-0295,card
O-909296,2026-09-28,S-02,SKU-1,Apple,Produce,11,1.50,USD,C-0296,cash
O-909297,2026-09-01,S-03,SKU-2,Bread,Bakery,2,3.00,USD,C-0297,card
O-909298,2026-09-02,S-01,SKU-3,Milk,Dairy,2,2.20,USD,C-0298,cash
O-909299,2026-09-03,S-02,SKU-4,Eggs,Dairy,3,0.35,EUR,C-0299,card
O-909300,bad-date,S-03,SKU-5,Coffee,Beverages,7,8.99,GBP,C-0300,cash
O-909301,2026-09-05,S-01,SKU-1,Apple,Produce,7,1.50,USD,C-0301,card
O-909302,2026-09-06,S-02,SKU-2,Bread,Bakery,12,3.00,USD,C-0302,cash
O-909303,2026-09-07,S-03,SKU-3,Milk,Dairy,10,2.20,USD,C-0303,card
O-909304,2026-09-08,S-01,SKU-4,Eggs,Dairy,2,0.35,EUR,C-0304,cash
O-909305,2026-09-09,S-02,SKU-5,Coffee,Beverages,12,8.99,GBP,C-0305,card
O-909306,2026-09-10,S-03,SKU-1,Apple,Produce,3,1.50,USD,C-0306,cash
O-909307,2026-09-11,S-01,SKU-2,Bread,Bakery,2,3.00,USD,C-0307,card
O-909308,2026-09-12,S-02,SKU-3,Milk,Dairy,6,2.20,USD,C-0308,cash
O-909309,2026-09-13,S-03,SKU-4,Eggs,Dairy,4,0.35,EUR,C-0309,card
O-909310,2026-09-14,S-01,SKU-5,Coffee,Beverages,6,8.99,GBP,C-0310,cash
O-909311,2026-09-15,S-02,SKU-1,Apple,Produce,4,1.50,USD,C-0311,card
O-909312,2026-09-16,S-03,SKU-2,Bread,Bakery,10,3.00,USD,C-0312,cash
O-909313,2026-09-17,S-01,SKU-3,Milk,Dairy,7,2.20,USD,C-0313,card
O-909314,2026-09-18,S-02,SKU-4,Eggs,Dairy,2,0.35,EUR,C-0314,cash
O-909315,2026-09-19,S-03,SKU-5,Coffee,Beverages,4,8.99,GBP,C-0315,card
O-909316,2026-09-20,S-01,SKU-1,Apple,Produce,7,1.50,USD,C-0316,cash
O-909317,2026-09-21,S-02,SKU-2,Bread,Bakery,12,3.00,USD,C-0317,card
O-909318,2026-09-22,S-03,SKU-3,Milk,Dairy,8,2.20,USD,C-0318,cash
O-909319,2026-09-23,S-01,SKU-4,Eggs,Dairy,5,0.35,EUR,C-0319,card
O-909320,2026-09-24,S-02,SKU-5,Coffee,Beverages,-3,8.99,GBP,C-0320,cash
O-909321,2026-09-25,S-03,SKU-1,Apple,Produce,10,1.50,USD,C-0321,card
O-909322,2026-09-26,S-01,SKU-2,Bread,Bakery,10,3.00,USD,C-0322,cash
O-909323,2026-09-27,S-02,SKU-3,Milk,Dairy,5,2.20,USD,C-0323,card
O-909324,2026-09-28,S-03,SKU-4,Eggs,Dairy,11,0.35,EUR,C-0324,cash
O-909325,2026-09-01,S-01,SKU-5,Coffee,Beverages,7,8.99,GBP,C-0325,card
O-909326,2026-09-02,S-02,SKU-1,Apple,Produce,6,1.50,USD,C-0326,cash
O-909327,2026-09-03,S-03,SKU-2,Bread,Bakery,8,3.00,USD,C-0327,card
O-909328,2026-09-04,S-01,SKU-3,Milk,Dairy,11,2.20,USD,C-0328,cash
O-909329,2026-09-05,S-02,SKU-4,Eggs,Dairy,10,0.35,EUR,C-0329,card
O-909330,2026-09-06,S-03,SKU-5,Coffee,Beverages,7,8.99,GBP,C-0330,cash
O-909331,2026-09-07,S-01,SKU-1,Apple,Produce,8,1.50,USD,C-0331,card
O-909332,2026-09-08,S-02,SKU-2,Bread,Bakery,9,3.00,USD,C-0332,cash
O-909333,2026-09-09,S-03,SKU-3,Milk,Dairy,5,2.20,USD,C-0333,card
O-909334,2026-09-10,S-01,SKU-4,Eggs,Dairy,3,0.35,EUR,C-0334,cash
O-909335,2026-09-11,S-02,SKU-5,Coffee,Beverages,8,8.99,GBP,C-0335,card
O-909336,2026-09-12,S-03,SKU-1,Apple,Produce,2,1.50,USD,C-0336,cash
O-909337,2026-09-13,S-01,SKU-2,Bread,Bakery,2,3.00,USD,C-0337,card
O-909338,2026-09-14,S-02,SKU-3,Milk,Dairy,5,2.20,USD,C-0338,cash
O-909339,2026-09-15,S-03,SKU-4,Eggs,Dairy,8,0.35,EUR,C-0339,card
O-909340,2026-09-16,S-01,SKU-999,Coffee,Beverages,8,8.99,GBP,C-0340,cash
O-909341,2026-09-17,S-02,SKU-1,Apple,Produce,4,1.50,USD,C-0341,card
O-909342,2026-09-18,S-03,SKU-2,Bread,Bakery,11,3.00,USD,C-0342,cash
O-909343,2026-09-19,S-01,SKU-3,Milk,Dairy,3,2.20,USD,C-0343,card
O-909344,2026-09-20,S-02,SKU-4,Eggs,Dairy,1,0.35,EUR,C-0344,cash
O-909345,2026-09-21,S-03,SKU-5,Coffee,Beverages,2,8.99,GBP,C-0345,card
O-909346,2026-09-22,S-01,SKU-1,Apple,Produce,12,1.50,USD,C-0346,cash
O-909347,2026-09-23,S-02,SKU-2,Bread,Bakery,1,3.00,USD,C-0347,card
O-909348,2026-09-24,S-03,SKU-3,Milk,Dairy,2,2.20,USD,C-0348,cash
O-909349,2026-09-25,S-01,SKU-4,Eggs,Dairy,8,0.35,EUR,C-0349,card
O-909350,2026-09-26,S-02,SKU-5,Coffee,Beverages,11,8.99,GBP,C-0350,cash
O-909351,2026-09-27,S-03,SKU-1,Apple,Produce,1,1.50,USD,C-0351,card
O-909352,2026-09-28,S-01,SKU-2,Bread,Bakery,3,3.00,USD,C-0352,cash
O-909353,2026-09-01,S-02,SKU-3,Milk,Dairy,7,2.20,USD,C-0353,card
O-909354,2026-09-02,S-03,SKU-4,Eggs,Dairy,10,0.35,EUR,C-0354,cash
O-909355,2026-09-03,S-01,SKU-5,Coffee,Beverages,11,8.99,GBP,C-0355,card
O-909356,2026-09-04,S-02,SKU-1,Apple,Produce,6,1.50,USD,C-0356,cash
O-909357,2026-09-05,S-03,SKU-2,Bread,Bakery,3,3.00,USD,C-0357,card
O-909358,2026-09-06,S-01,SKU-3,Milk,Dairy,5,2.20,USD,C-0358,cash
O-909359,2026-09-07,S-02,SKU-4,Eggs,Dairy,10,0.35,EUR,C-0359,card
O-909360,2026-09-08,S-03,SKU-5,Coffee,Beverages,10,,GBP,C-0360,cash
O-909361,2026-09-09,S-01,SKU-1,Apple,Produce,2,1.50,USD,C-0361,card
O-909362,2026-09-10,S-02,SKU-2,Bread,Bakery,2,3.00,USD,C-0362,cash
O-909363,2026-09-11,S-03,SKU-3,Milk,Dairy,11,2.20,USD,C-0363,card
O-909364,2026-09-12,S-01,SKU-4,Eggs,Dairy,9,0.35,EUR,C-0364,cash
O-909365,2026-09-13,S-02,SKU-5,Coffee,Beverages,8,8.99,GBP,C-0365,card
O-909366,2026-09-14,S-03,SKU-1,Apple,Produce,8,1.50,USD,C-0366,cash
O-909367,2026-09-15,S-01,SKU-2,Bread,Bakery,4,3.00,USD,C-0367,card
O-909368,2026-09-16,S-02,SKU-3,Milk,Dairy,5,2.20,USD,C-0368,cash
O-909369,2026-09-17,S-03,SKU-4,Eggs,Dairy,11,0.35,EUR,C-0369,card
O-909370,2026-09-18,S-01,SKU-5,Coffee,Beverages,8,8.99,GBP,C-0370,cash
O-909371,2026-09-19,S-02,SKU-1,Apple,Produce,8,1.50,USD,C-0371,card
O-909372,2026-09-20,S-03,SKU-2,Bread,Bakery,9,3.00,USD,C-0372,cash
O-909373,2026-09-21,S-01,SKU-3,Milk,Dairy,5,2.20,USD,C-0373,card
O-909374,2026-09-22,S-02,SKU-4,Eggs,Dairy,9,0.35,EUR,C-0374,cash
O-909375,2026-09-23,S-03,SKU-5,Coffee,Beverages,6,8.99,GBP,C-0375,card
O-909376,2026-09-24,S-01,SKU-1,Apple,Produce,9,1.50,USD,C-0376,cash
O-909377,2026-09-25,S-02,SKU-2,Bread,Bakery,9,3.00,USD,C-0377,card
O-909378,2026-09-26,S-03,SKU-3,Milk,Dairy,1,2.20,USD,C-0378,cash
O-909379,2026-09-27,S-01,SKU-4,Eggs,Dairy,1,0.35,EUR,C-0379,card
,2026-09-28,S-02,SKU-5,Coffee,Beverages,7,8.99,GBP,C-0380,cash
O-909381,2026-09-01,S-03,SKU-1,Apple,Produce,2,1.50,USD,C-0381,card
O-909382,2026-09-02,S-01,SKU-2,Bread,Bakery,7,3.00,USD,C-0382,cash
O-909383,2026-09-03,S-02,SKU-3,Milk,Dairy,8,2.20,USD,C-0383,card
O-909384,2026-09-04,S-03,SKU-4,Eggs,Dairy,6,0.35,EUR,C-0384,cash
O-909385,2026-09-05,S-01,SKU-5,Coffee,Beverages,7,8.99,GBP,C-0385,card
O-909386,2026-09-06,S-02,SKU-1,Apple,Produce,8,1.50,USD,C-0386,cash
O-909387,2026-09-07,S-03,SKU-2,Bread,Bakery,8,3.00,USD,C-0387,card
O-909388,2026-09-08,S-01,SKU-3,Milk,Dairy,1,2.20,USD,C-0388,cash
O-909389,2026-09-09,S-02,SKU-4,Eggs,Dairy,1,0.35,EUR,C-0389,card
O-909390,2026-09-10,S-03,SKU-5,Coffee,Beverages,3,8.99,GBP,C-0390,cash
O-909391,2026-09-11,S-01,SKU-1,Apple,Produce,9,1.50,USD,C-0391,card
O-909392,2026-09-12,S-02,SKU-2,Bread,Bakery,11,3.00,USD,C-0392,cash
O-909393,2026-09-13,S-03,SKU-3,Milk,Dairy,5,2.20,USD,C-0393,card
O-909394,2026-09-14,S-01,SKU-4,Eggs,Dairy,12,0.35,EUR,C-0394,cash
O-909395,2026-09-15,S-02,SKU-5,Coffee,Beverages,3,8.99,GBP,C-0395,card
O-909396,2026-09-16,S-03,SKU-1,Apple,Produce,8,1.50,USD,C-0396,cash
O-909397,2026-09-17,S-01,SKU-2,Bread,Bakery,7,3.00,USD,C-0397,card
O-909398,2026-09-18,S-02,SKU-3,Milk,Dairy,3,2.20,USD,C-0398,cash
O-909399,2026-09-19,S-03,SKU-4,Eggs,Dairy,5,0.35,EUR,C-0399,card
O-909400,2026-09-20,S-01,SKU-5,Coffee,Beverages,12,8.99,XYZ,C-0400,cash
O-909401,2026-09-21,S-02,SKU-1,Apple,Produce,7,1.50,USD,C-0401,card
O-909402,2026-09-22,S-03,SKU-2,Bread,Bakery,8,3.00,USD,C-0402,cash
O-909403,2026-09-23,S-01,SKU-3,Milk,Dairy,2,2.20,USD,C-0403,card
O-909404,2026-09-24,S-02,SKU-4,Eggs,Dairy,10,0.35,EUR,C-0404,cash
O-909405,2026-09-25,S-03,SKU-5,Coffee,Beverages,11,8.99,GBP,C-0405,card
O-909406,2026-09-26,S-01,SKU-1,Apple,Produce,8,1.50,USD,C-0406,cash
O-909407,2026-09-27,S-02,SKU-2,Bread,Bakery,11,3.00,USD,C-0407,card
O-909408,2026-09-28,S-03,SKU-3,Milk,Dairy,9,2.20,USD,C-0408,cash
O-909409,2026-09-01,S-01,SKU-4,Eggs,Dairy,11,0.35,EUR,C-0409,card
O-909410,2026-09-02,S-02,SKU-5,Coffee,Beverages,9,8.99,GBP,C-0410,cash
O-909411,2026-09-03,S-03,SKU-1,Apple,Produce,10,1.50,USD,C-0411,card
O-909412,2026-09-04,S-01,SKU-2,Bread,Bakery,8,3.00,USD,C-0412,cash
O-909413,2026-09-05,S-02,SKU-3,Milk,Dairy,8,2.20,USD,C-0413,card
O-909414,2026-09-06,S-03,SKU-4,Eggs,Dairy,9,0.35,EUR,C-0414,cash
O-909415,2026-09-07,S-01,SKU-5,Coffee,Beverages,3,8.99,GBP,C-0415,card
O-909416,2026-09-08,S-02,SKU-1,Apple,Produce,9,1.50,USD,C-0416,cash
O-909417,2026-09-09,S-03,SKU-2,Bread,Bakery,1,3.00,USD,C-0417,card
O-909418,2026-09-10,S-01,SKU-3,Milk,Dairy,7,2.20,USD,C-0418,cash
O-909419,2026-09-11,S-02,SKU-4,Eggs,Dairy,5,0.35,EUR,C-0419,card
O-909420,2026-09-12,S-03,SKU-5,Coffee,Beverages,8,8.99,GBP,C-0420,bitcoin
O-909421,2026-09-13,S-01,SKU-1,Apple,Produce,10,1.50,USD,C-0421,card
O-909422,2026-09-14,S-02,SKU-2,Bread,Bakery,7,3.00,USD,C-0422,cash
O-909423,2026-09-15,S-03,SKU-3,Milk,Dairy,10,2.20,USD,C-0423,card
O-909424,2026-09-16,S-01,SKU-4,Eggs,Dairy,11,0.35,EUR,C-0424,cash
O-909425,2026-09-17,S-02,SKU-5,Coffee,Beverages,6,8.99,GBP,C-0425,card
O-909426,2026-09-18,S-03,SKU-1,Apple,Produce,5,1.50,USD,C-0426,cash
O-909427,2026-09-19,S-01,SKU-2,Bread,Bakery,6,3.00,USD,C-0427,card
O-909428,2026-09-20,S-02,SKU-3,Milk,Dairy,1,2.20,USD,C-0428,cash
O-909429,2026-09-21,S-03,SKU-4,Eggs,Dairy,1,0.35,EUR,C-0429,card
O-909430,2026-09-22,S-01,SKU-5,Coffee,Beverages,10,8.99,GBP,C-0430,cash
O-909431,2026-09-23,S-02,SKU-1,Apple,Produce,1,1.50,USD,C-0431,card
O-909432,2026-09-24,S-03,SKU-2,Bread,Bakery,3,3.00,USD,C-0432,cash
O-909433,2026-09-25,S-01,SKU-3,Milk,Dairy,6,2.20,USD,C-0433,card
O-909434,2026-09-26,S-02,SKU-4,Eggs,Dairy,6,0.35,EUR,C-0434,cash
O-909435,2026-09-27,S-03,SKU-5,Coffee,Beverages,12,8.99,GBP,C-0435,card
O-909436,2026-09-28,S-01,SKU-1,Apple,Produce,10,1.50,USD,C-0436,cash
O-909437,2026-09-01,S-02,SKU-2,Bread,Bakery,1,3.00,USD,C-0437,card
O-909438,2026-09-02,S-03,SKU-3,Milk,Dairy,11,2.20,USD,C-0438,cash
O-909439,2026-09-03,S-01,SKU-4,Eggs,Dairy,6,0.35,EUR,C-0439,card
O-909440,2026-09-04,S-02,SKU-5,Coffee,Beverages,0,8.99,GBP,C-0440,cash
O-909441,2026-09-05,S-03,SKU-1,Apple,Produce,2,1.50,USD,C-0441,card
O-909442,2026-09-06,S-01,SKU-2,Bread,Bakery,7,3.00,USD,C-0442,cash
O-909443,2026-09-07,S-02,SKU-3,Milk,Dairy,6,2.20,USD,C-0443,card
O-909444,2026-09-08,S-03,SKU-4,Eggs,Dairy,6,0.35,EUR,C-0444,cash
O-909445,2026-09-09,S-01,SKU-5,Coffee,Beverages,7,8.99,GBP,C-0445,card
O-909446,2026-09-10,S-02,SKU-1,Apple,Produce,6,1.50,USD,C-0446,cash
O-909447,2026-09-11,S-03,SKU-2,Bread,Bakery,1,3.00,USD,C-0447,card
O-909448,2026-09-12,S-01,SKU-3,Milk,Dairy,11,2.20,USD,C-0448,cash
O-909449,2026-09-13,S-02,SKU-4,Eggs,Dairy,4,0.35,EUR,C-0449,card
O-909450,2026-09-14,S-03,SKU-5,Coffee,Beverages,4,8.99,GBP,C-0450,cash
O-909451,2026-09-15,S-01,SKU-1,Apple,Produce,4,1.50,USD,C-0451,card
O-909452,2026-09-16,S-02,SKU-2,Bread,Bakery,11,3.00,USD,C-0452,cash
O-909453,2026-09-17,S-03,SKU-3,Milk,Dairy,5,2.20,USD,C-0453,card
O-909454,2026-09-18,S-01,SKU-4,Eggs,Dairy,10,0.35,EUR,C-0454,cash
O-909455,2026-09-19,S-02,SKU-5,Coffee,Beverages,2,8.99,GBP,C-0455,card
O-909456,2026-09-20,S-03,SKU-1,Apple,Produce,12,1.50,USD,C-0456,cash
O-909457,2026-09-21,S-01,SKU-2,Bread,Bakery,2,3.00,USD,C-0457,card
O-909458,2026-09-22,S-02,SKU-3,Milk,Dairy,5,2.20,USD,C-0458,cash
O-909459,2026-09-23,S-03,SKU-4,Eggs,Dairy,2,0.35,EUR,C-0459,card
O-909460,bad-date,S-01,SKU-5,Coffee,Beverages,6,8.99,GBP,C-0460,cash
O-909461,2026-09-25,S-02,SKU-1,Apple,Produce,3,1.50,USD,C-0461,card
O-909462,2026-09-26,S-03,SKU-2,Bread,Bakery,1,3.00,USD,C-0462,cash
O-909463,2026-09-27,S-01,SKU-3,Milk,Dairy,9,2.20,USD,C-0463,card
O-909464,2026-09-28,S-02,SKU-4,Eggs,Dairy,6,0.35,EUR,C-0464,cash
O-909465,2026-09-01,S-03,SKU-5,Coffee,Beverages,1,8.99,GBP,C-0465,card
O-909466,2026-09-02,S-01,SKU-1,Apple,Produce,8,1.50,USD,C-0466,cash
O-909467,2026-09-03,S-02,SKU-2,Bread,Bakery,11,3.00,USD,C-0467,card
O-909468,2026-09-04,S-03,SKU-3,Milk,Dairy,7,2.20,USD,C-0468,cash
O-909469,2026-09-05,S-01,SKU-4,Eggs,Dairy,10,0.35,EUR,C-0469,card
O-909470,2026-09-06,S-02,SKU-5,Coffee,Beverages,9,8.99,GBP,C-0470,cash
O-909471,2026-09-07,S-03,SKU-1,Apple,Produce,7,1.50,USD,C-0471,card
O-909472,2026-09-08,S-01,SKU-2,Bread,Bakery,5,3.00,USD,C-0472,cash
O-909473,2026-09-09,S-02,SKU-3,Milk,Dairy,1,2.20,USD,C-0473,card
O-909474,2026-09-10,S-03,SKU-4,Eggs,Dairy,12,0.35,EUR,C-0474,cash
O-909475,2026-09-11,S-01,SKU-5,Coffee,Beverages,8,8.99,GBP,C-0475,card
O-909476,2026-09-12,S-02,SKU-1,Apple,Produce,10,1.50,USD,C-0476,cash
O-909477,2026-09-13,S-03,SKU-2,Bread,Bakery,1,3.00,USD,C-0477,card
O-909478,2026-09-14,S-01,SKU-3,Milk,Dairy,6,2.20,USD,C-0478,cash
O-909479,2026-09-15,S-02,SKU-4,Eggs,Dairy,7,0.35,EUR,C-0479,card
O-909480,2026-09-16,S-03,SKU-5,Coffee,Beverages,-3,8.99,GBP,C-0480,cash
O-909481,2026-09-17,S-01,SKU-1,Apple,Produce,7,1.50,USD,C-0481,card
O-909482,2026-09-18,S-02,SKU-2,Bread,Bakery,6,3.00,USD,C-0482,cash
O-909483,2026-09-19,S-03,SKU-3,Milk,Dairy,10,2.20,USD,C-0483,card
O-909484,2026-09-20,S-01,SKU-4,Eggs,Dairy,2,0.35,EUR,C-0484,cash
O-909485,2026-09-21,S-02,SKU-5,Coffee,Beverages,8,8.99,GBP,C-0485,card
O-909486,2026-09-22,S-03,SKU-1,Apple,Produce,2,1.50,USD,C-0486,cash
O-909487,2026-09-23,S-01,SKU-2,Bread,Bakery,12,3.00,USD,C-0487,card
O-909488,2026-09-24,S-02,SKU-3,Milk,Dairy,11,2.20,USD,C-0488,cash
O-909489,2026-09-25,S-03,SKU-4,Eggs,Dairy,4,0.35,EUR,C-0489,card
O-909490,2026-09-26,S-01,SKU-5,Coffee,Beverages,6,8.99,GBP,C-0490,cash
O-909491,2026-09-27,S-02,SKU-1,Apple,Produce,8,1.50,USD,C-0491,card
O-909492,2026-09-28,S-03,SKU-2,Bread,Bakery,9,3.00,USD,C-0492,cash
O-909493,2026-09-01,S-01,SKU-3,Milk,Dairy,11,2.20,USD,C-0493,card
O-909494,2026-09-02,S-02,SKU-4,Eggs,Dairy,6,0.35,EUR,C-0494,cash
O-909495,2026-09-03,S-03,SKU-5,Coffee,Beverages,3,8.99,GBP,C-0495,card
O-909496,2026-09-04,S-01,SKU-1,Apple,Produce,10,1.50,USD,C-0496,cash
O-909497,2026-09-05,S-02,SKU-2,Bread,Bakery,5,3.00,USD,C-0497,card
O-909498,2026-09-06,S-03,SKU-3,Milk,Dairy,6,2.20,USD,C-0498,cash
O-909499,2026-09-07,S-01,SKU-4,Eggs,Dairy,7,0.35,EUR,C-0499,card
O-909500,2026-09-08,S-02,SKU-999,Coffee,Beverages,4,8.99,GBP,C-0500,cash
O-909501,2026-09-09,S-03,SKU-1,Apple,Produce,8,1.50,USD,C-0001,card
O-909502,2026-09-10,S-01,SKU-2,Bread,Bakery,11,3.00,USD,C-0002,cash
O-909503,2026-09-11,S-02,SKU-3,Milk,Dairy,2,2.20,USD,C-0003,card
O-909504,2026-09-12,S-03,SKU-4,Eggs,Dairy,9,0.35,EUR,C-0004,cash
O-909505,2026-09-13,S-01,SKU-5,Coffee,Beverages,4,8.99,GBP,C-0005,card
O-909506,2026-09-14,S-02,SKU-1,Apple,Produce,5,1.50,USD,C-0006,cash
O-909507,2026-09-15,S-03,SKU-2,Bread,Bakery,5,3.00,USD,C-0007,card
O-909508,2026-09-16,S-01,SKU-3,Milk,Dairy,1,2.20,USD,C-0008,cash
O-909509,2026-09-17,S-02,SKU-4,Eggs,Dairy,5,0.35,EUR,C-0009,card
O-909510,2026-09-18,S-03,SKU-5,Coffee,Beverages,10,8.99,GBP,C-0010,cash
O-909511,2026-09-19,S-01,SKU-1,Apple,Produce,7,1.50,USD,C-0011,card
O-909512,2026-09-20,S-02,SKU-2,Bread,Bakery,4,3.00,USD,C-0012,cash
O-909513,2026-09-21,S-03,SKU-3,Milk,Dairy,10,2.20,USD,C-0013,card
O-909514,2026-09-22,S-01,SKU-4,Eggs,Dairy,12,0.35,EUR,C-0014,cash
O-909515,2026-09-23,S-02,SKU-5,Coffee,Beverages,2,8.99,GBP,C-0015,card
O-909516,2026-09-24,S-03,SKU-1,Apple,Produce,12,1.50,USD,C-0016,cash
O-909517,2026-09-25,S-01,SKU-2,Bread,Bakery,10,3.00,USD,C-0017,card
O-909518,2026-09-26,S-02,SKU-3,Milk,Dairy,2,2.20,USD,C-0018,cash
O-909519,2026-09-27,S-03,SKU-4,Eggs,Dairy,10,0.35,EUR,C-0019,card
O-909520,2026-09-28,S-01,SKU-5,Coffee,Beverages,6,,GBP,C-0020,cash
O-909521,2026-09-01,S-02,SKU-1,Apple,Produce,5,1.50,USD,C-0021,card
O-909522,2026-09-02,S-03,SKU-2,Bread,Bakery,2,3.00,USD,C-0022,cash
O-909523,2026-09-03,S-01,SKU-3,Milk,Dairy,10,2.20,USD,C-0023,card
O-909524,2026-09-04,S-02,SKU-4,Eggs,Dairy,9,0.35,EUR,C-0024,cash
O-909525,2026-09-05,S-03,SKU-5,Coffee,Beverages,8,8.99,GBP,C-0025,card
O-909526,2026-09-06,S-01,SKU-1,Apple,Produce,7,1.50,USD,C-0026,cash
O-909527,2026-09-07,S-02,SKU-2,Bread,Bakery,4,3.00,USD,C-0027,card
O-909528,2026-09-08,S-03,SKU-3,Milk,Dairy,6,2.20,USD,C-0028,cash
O-909529,2026-09-09,S-01,SKU-4,Eggs,Dairy,2,0.35,EUR,C-0029,card
O-909530,2026-09-10,S-02,SKU-5,Coffee,Beverages,11,8.99,GBP,C-0030,cash
O-909531,2026-09-11,S-03,SKU-1,Apple,Produce,5,1.50,USD,C-0031,card
O-909532,2026-09-12,S-01,SKU-2,Bread,Bakery,9,3.00,USD,C-0032,cash
O-909533,2026-09-13,S-02,SKU-3,Milk,Dairy,5,2.20,USD,C-0033,card
O-909534,2026-09-14,S-03,SKU-4,Eggs,Dairy,7,0.35,EUR,C-0034,cash
O-909535,2026-09-15,S-01,SKU-5,Coffee,Beverages,11,8.99,GBP,C-0035,card
O-909536,2026-09-16,S-02,SKU-1,Apple,Produce,9,1.50,USD,C-0036,cash
O-909537,2026-09-17,S-03,SKU-2,Bread,Bakery,6,3.00,USD,C-0037,card
O-909538,2026-09-18,S-01,SKU-3,Milk,Dairy,4,2.20,USD,C-0038,cash
O-909539,2026-09-19,S-02,SKU-4,Eggs,Dairy,7,0.35,EUR,C-0039,card
,2026-09-20,S-03,SKU-5,Coffee,Beverages,7,8.99,GBP,C-0040,cash
O-909541,2026-09-21,S-01,SKU-1,Apple,Produce,5,1.50,USD,C-0041,card
O-909542,2026-09-22,S-02,SKU-2,Bread,Bakery,10,3.00,USD,C-0042,cash
O-909543,2026-09-23,S-03,SKU-3,Milk,Dairy,9,2.20,USD,C-0043,card
O-909544,2026-09-24,S-01,SKU-4,Eggs,Dairy,8,0.35,EUR,C-0044,cash
O-909545,2026-09-25,S-02,SKU-5,Coffee,Beverages,11,8.99,GBP,C-0045,card
O-909546,2026-09-26,S-03,SKU-1,Apple,Produce,9,1.50,USD,C-0046,cash
O-909547,2026-09-27,S-01,SKU-2,Bread,Bakery,3,3.00,USD,C-0047,card
O-909548,2026-09-28,S-02,SKU-3,Milk,Dairy,1,2.20,USD,C-0048,cash
O-909549,2026-09-01,S-03,SKU-4,Eggs,Dairy,11,0.35,EUR,C-0049,card
O-909550,2026-09-02,S-01,SKU-5,Coffee,Beverages,12,8.99,GBP,C-0050,cash
O-909551,2026-09-03,S-02,SKU-1,Apple,Produce,9,1.50,USD,C-0051,card
O-909552,2026-09-04,S-03,SKU-2,Bread,Bakery,3,3.00,USD,C-0052,cash
O-909553,2026-09-05,S-01,SKU-3,Milk,Dairy,10,2.20,USD,C-0053,card
O-909554,2026-09-06,S-02,SKU-4,Eggs,Dairy,8,0.35,EUR,C-0054,cash
O-909555,2026-09-07,S-03,SKU-5,Coffee,Beverages,4,8.99,GBP,C-0055,card
O-909556,2026-09-08,S-01,SKU-1,Apple,Produce,11,1.50,USD,C-0056,cash
O-909557,2026-09-09,S-02,SKU-2,Bread,Bakery,12,3.00,USD,C-0057,card
O-909558,2026-09-10,S-03,SKU-3,Milk,Dairy,8,2.20,USD,C-0058,cash
O-909559,2026-09-11,S-01,SKU-4,Eggs,Dairy,5,0.35,EUR,C-0059,card
O-909560,2026-09-12,S-02,SKU-5,Coffee,Beverages,11,8.99,XYZ,C-0060,cash
O-909561,2026-09-13,S-03,SKU-1,Apple,Produce,9,1.50,USD,C-0061,card
O-909562,2026-09-14,S-01,SKU-2,Bread,Bakery,10,3.00,USD,C-0062,cash
O-909563,2026-09-15,S-02,SKU-3,Milk,Dairy,7,2.20,USD,C-0063,card
O-909564,2026-09-16,S-03,SKU-4,Eggs,Dairy,10,0.35,EUR,C-0064,cash
O-909565,2026-09-17,S-01,SKU-5,Coffee,Beverages,12,8.99,GBP,C-0065,card
O-909566,2026-09-18,S-02,SKU-1,Apple,Produce,11,1.50,USD,C-0066,cash
O-909567,2026-09-19,S-03,SKU-2,Bread,Bakery,1,3.00,USD,C-0067,card
O-909568,2026-09-20,S-01,SKU-3,Milk,Dairy,9,2.20,USD,C-0068,cash
O-909569,2026-09-21,S-02,SKU-4,Eggs,Dairy,4,0.35,EUR,C-0069,card
O-909570,2026-09-22,S-03,SKU-5,Coffee,Beverages,6,8.99,GBP,C-0070,cash
O-909571,2026-09-23,S-01,SKU-1,Apple,Produce,8,1.50,USD,C-0071,card
O-909572,2026-09-24,S-02,SKU-2,Bread,Bakery,3,3.00,USD,C-0072,cash
O-909573,2026-09-25,S-03,SKU-3,Milk,Dairy,4,2.20,USD,C-0073,card
O-909574,2026-09-26,S-01,SKU-4,Eggs,Dairy,3,0.35,EUR,C-0074,cash
O-909575,2026-09-27,S-02,SKU-5,Coffee,Beverages,12,8.99,GBP,C-0075,card
O-909576,2026-09-28,S-03,SKU-1,Apple,Produce,11,1.50,USD,C-0076,cash
O-909577,2026-09-01,S-01,SKU-2,Bread,Bakery,5,3.00,USD,C-0077,card
O-909578,2026-09-02,S-02,SKU-3,Milk,Dairy,7,2.20,USD,C-0078,cash
O-909579,2026-09-03,S-03,SKU-4,Eggs,Dairy,7,0.35,EUR,C-0079,card
O-909580,2026-09-04,S-01,SKU-5,Coffee,Beverages,6,8.99,GBP,C-0080,bitcoin
O-909581,2026-09-05,S-02,SKU-1,Apple,Produce,2,1.50,USD,C-0081,card
O-909582,2026-09-06,S-03,SKU-2,Bread,Bakery,11,3.00,USD,C-0082,cash
O-909583,2026-09-07,S-01,SKU-3,Milk,Dairy,4,2.20,USD,C-0083,card
O-909584,2026-09-08,S-02,SKU-4,Eggs,Dairy,7,0.35,EUR,C-0084,cash
O-909585,2026-09-09,S-03,SKU-5,Coffee,Beverages,5,8.99,GBP,C-0085,card
O-909586,2026-09-10,S-01,SKU-1,Apple,Produce,5,1.50,USD,C-0086,cash
O-909587,2026-09-11,S-02,SKU-2,Bread,Bakery,11,3.00,USD,C-0087,card
O-909588,2026-09-12,S-03,SKU-3,Milk,Dairy,3,2.20,USD,C-0088,cash
O-909589,2026-09-13,S-01,SKU-4,Eggs,Dairy,5,0.35,EUR,C-0089,card
O-909590,2026-09-14,S-02,SKU-5,Coffee,Beverages,11,8.99,GBP,C-0090,cash
O-909591,2026-09-15,S-03,SKU-1,Apple,Produce,10,1.50,USD,C-0091,card
O-909592,2026-09-16,S-01,SKU-2,Bread,Bakery,4,3.00,USD,C-0092,cash
O-909593,2026-09-17,S-02,SKU-3,Milk,Dairy,7,2.20,USD,C-0093,card
O-909594,2026-09-18,S-03,SKU-4,Eggs,Dairy,4,0.35,EUR,C-0094,cash
O-909595,2026-09-19,S-01,SKU-5,Coffee,Beverages,2,8.99,GBP,C-0095,card
O-909596,2026-09-20,S-02,SKU-1,Apple,Produce,3,1.50,USD,C-0096,cash
O-909597,2026-09-21,S-03,SKU-2,Bread,Bakery,4,3.00,USD,C-0097,card
O-909598,2026-09-22,S-01,SKU-3,Milk,Dairy,1,2.20,USD,C-0098,cash
O-909599,2026-09-23,S-02,SKU-4,Eggs,Dairy,4,0.35,EUR,C-0099,card
O-909600,2026-09-24,S-03,SKU-5,Coffee,Beverages,0,8.99,GBP,C-0100,cash
O-909601,2026-09-25,S-01,SKU-1,Apple,Produce,8,1.50,USD,C-0101,card
O-909602,2026-09-26,S-02,SKU-2,Bread,Bakery,8,3.00,USD,C-0102,cash
O-909603,2026-09-27,S-03,SKU-3,Milk,Dairy,9,2.20,USD,C-0103,card
O-909604,2026-09-28,S-01,SKU-4,Eggs,Dairy,7,0.35,EUR,C-0104,cash
O-909605,2026-09-01,S-02,SKU-5,Coffee,Beverages,7,8.99,GBP,C-0105,card
O-909606,2026-09-02,S-03,SKU-1,Apple,Produce,11,1.50,USD,C-0106,cash
O-909607,2026-09-03,S-01,SKU-2,Bread,Bakery,1,3.00,USD,C-0107,card
O-909608,2026-09-04,S-02,SKU-3,Milk,Dairy,4,2.20,USD,C-0108,cash
O-909609,2026-09-05,S-03,SKU-4,Eggs,Dairy,3,0.35,EUR,C-0109,card
O-909610,2026-09-06,S-01,SKU-5,Coffee,Beverages,5,8.99,GBP,C-0110,cash
O-909611,2026-09-07,S-02,SKU-1,Apple,Produce,3,1.50,USD,C-0111,card
O-909612,2026-09-08,S-03,SKU-2,Bread,Bakery,1,3.00,USD,C-0112,cash
O-909613,2026-09-09,S-01,SKU-3,Milk,Dairy,5,2.20,USD,C-0113,card
O-909614,2026-09-10,S-02,SKU-4,Eggs,Dairy,5,0.35,EUR,C-0114,cash
O-909615,2026-09-11,S-03,SKU-5,Coffee,Beverages,11,8.99,GBP,C-0115,card
O-909616,2026-09-12,S-01,SKU-1,Apple,Produce,9,1.50,USD,C-0116,cash
O-909617,2026-09-13,S-02,SKU-2,Bread,Bakery,3,3.00,USD,C-0117,card
O-909618,2026-09-14,S-03,SKU-3,Milk,Dairy,11,2.20,USD,C-0118,cash
O-909619,2026-09-15,S-01,SKU-4,Eggs,Dairy,1,0.35,EUR,C-0119,card
O-909620,bad-date,S-02,SKU-5,Coffee,Beverages,12,8.99,GBP,C-0120,cash
O-909621,2026-09-17,S-03,SKU-1,Apple,Produce,8,1.50,USD,C-0121,card
O-909622,2026-09-18,S-01,SKU-2,Bread,Bakery,1,3.00,USD,C-0122,cash
O-909623,2026-09-19,S-02,SKU-3,Milk,Dairy,1,2.20,USD,C-0123,card
O-909624,2026-09-20,S-03,SKU-4,Eggs,Dairy,2,0.35,EUR,C-0124,cash
O-909625,2026-09-21,S-01,SKU-5,Coffee,Beverages,6,8.99,GBP,C-0125,card
O-909626,2026-09-22,S-02,SKU-1,Apple,Produce,10,1.50,USD,C-0126,cash
O-909627,2026-09-23,S-03,SKU-2,Bread,Bakery,5,3.00,USD,C-0127,card
O-909628,2026-09-24,S-01,SKU-3,Milk,Dairy,2,2.20,USD,C-0128,cash
O-909629,2026-09-25,S-02,SKU-4,Eggs,Dairy,7,0.35,EUR,C-0129,card
O-909630,2026-09-26,S-03,SKU-5,Coffee,Beverages,6,8.99,GBP,C-0130,cash
O-909631,2026-09-27,S-01,SKU-1,Apple,Produce,11,1.50,USD,C-0131,card
O-909632,2026-09-28,S-02,SKU-2,Bread,Bakery,11,3.00,USD,C-0132,cash
O-909633,2026-09-01,S-03,SKU-3,Milk,Dairy,2,2.20,USD,C-0133,card
O-909634,2026-09-02,S-01,SKU-4,Eggs,Dairy,7,0.35,EUR,C-0134,cash
O-909635,2026-09-03,S-02,SKU-5,Coffee,Beverages,12,8.99,GBP,C-0135,card
O-909636,2026-09-04,S-03,SKU-1,Apple,Produce,3,1.50,USD,C-0136,cash
O-909637,2026-09-05,S-01,SKU-2,Bread,Bakery,4,3.00,USD,C-0137,card
O-909638,2026-09-06,S-02,SKU-3,Milk,Dairy,2,2.20,USD,C-0138,cash
O-909639,2026-09-07,S-03,SKU-4,Eggs,Dairy,10,0.35,EUR,C-0139,card
O-909640,2026-09-08,S-01,SKU-5,Coffee,Beverages,-3,8.99,GBP,C-0140,cash
O-909641,2026-09-09,S-02,SKU-1,Apple,Produce,9,1.50,USD,C-0141,card
O-909642,2026-09-10,S-03,SKU-2,Bread,Bakery,2,3.00,USD,C-0142,cash
O-909643,2026-09-11,S-01,SKU-3,Milk,Dairy,9,2.20,USD,C-0143,card
O-909644,2026-09-12,S-02,SKU-4,Eggs,Dairy,11,0.35,EUR,C-0144,cash
O-909645,2026-09-13,S-03,SKU-5,Coffee,Beverages,10,8.99,GBP,C-0145,card
O-909646,2026-09-14,S-01,SKU-1,Apple,Produce,9,1.50,USD,C-0146,cash
O-909647,2026-09-15,S-02,SKU-2,Bread,Bakery,5,3.00,USD,C-0147,card
O-909648,2026-09-16,S-03,SKU-3,Milk,Dairy,8,2.20,USD,C-0148,cash
O-909649,2026-09-17,S-01,SKU-4,Eggs,Dairy,2,0.35,EUR,C-0149,card
O-909650,2026-09-18,S-02,SKU-5,Coffee,Beverages,4,8.99,GBP,C-0150,cash
O-909651,2026-09-19,S-03,SKU-1,Apple,Produce,10,1.50,USD,C-0151,card
O-909652,2026-09-20,S-01,SKU-2,Bread,Bakery,2,3.00,USD,C-0152,cash
O-909653,2026-09-21,S-02,SKU-3,Milk,Dairy,6,2.20,USD,C-0153,card
O-909654,2026-09-22,S-03,SKU-4,Eggs,Dairy,6,0.35,EUR,C-0154,cash
O-909655,2026-09-23,S-01,SKU-5,Coffee,Beverages,10,8.99,GBP,C-0155,card
O-909656,2026-09-24,S-02,SKU-1,Apple,Produce,12,1.50,USD,C-0156,cash
O-909657,2026-09-25,S-03,SKU-2,Bread,Bakery,7,3.00,USD,C-0157,card
O-909658,2026-09-26,S-01,SKU-3,Milk,Dairy,12,2.20,USD,C-0158,cash
O-909659,2026-09-27,S-02,SKU-4,Eggs,Dairy,12,0.35,EUR,C-0159,card
O-909660,2026-09-28,S-03,SKU-999,Coffee,Beverages,4,8.99,GBP,C-0160,cash
O-909661,2026-09-01,S-01,SKU-1,Apple,Produce,7,1.50,USD,C-0161,card
O-909662,2026-09-02,S-02,SKU-2,Bread,Bakery,4,3.00,USD,C-0162,cash
O-909663,2026-09-03,S-03,SKU-3,Milk,Dairy,3,2.20,USD,C-0163,card
O-909664,2026-09-04,S-01,SKU-4,Eggs,Dairy,2,0.35,EUR,C-0164,cash
O-909665,2026-09-05,S-02,SKU-5,Coffee,Beverages,3,8.99,GBP,C-0165,card
O-909666,2026-09-06,S-03,SKU-1,Apple,Produce,4,1.50,USD,C-0166,cash
O-909667,2026-09-07,S-01,SKU-2,Bread,Bakery,5,3.00,USD,C-0167,card
O-909668,2026-09-08,S-02,SKU-3,Milk,Dairy,8,2.20,USD,C-0168,cash
O-909669,2026-09-09,S-03,SKU-4,Eggs,Dairy,7,0.35,EUR,C-0169,card
O-909670,2026-09-10,S-01,SKU-5,Coffee,Beverages,5,8.99,GBP,C-0170,cash
O-909671,2026-09-11,S-02,SKU-1,Apple,Produce,10,1.50,USD,C-0171,card
O-909672,2026-09-12,S-03,SKU-2,Bread,Bakery,1,3.00,USD,C-0172,cash
O-909673,2026-09-13,S-01,SKU-3,Milk,Dairy,8,2.20,USD,C-0173,card
O-909674,2026-09-14,S-02,SKU-4,Eggs,Dairy,9,0.35,EUR,C-0174,cash
O-909675,2026-09-15,S-03,SKU-5,Coffee,Beverages,6,8.99,GBP,C-0175,card
O-909676,2026-09-16,S-01,SKU-1,Apple,Produce,12,1.50,USD,C-0176,cash
O-909677,2026-09-17,S-02,SKU-2,Bread,Bakery,2,3.00,USD,C-0177,card
O-909678,2026-09-18,S-03,SKU-3,Milk,Dairy,6,2.20,USD,C-0178,cash
O-909679,2026-09-19,S-01,SKU-4,Eggs,Dairy,9,0.35,EUR,C-0179,card
O-909680,2026-09-20,S-02,SKU-5,Coffee,Beverages,7,,GBP,C-0180,cash
O-909681,2026-09-21,S-03,SKU-1,Apple,Produce,8,1.50,USD,C-0181,card
O-909682,2026-09-22,S-01,SKU-2,Bread,Bakery,11,3.00,USD,C-0182,cash
O-909683,2026-09-23,S-02,SKU-3,Milk,Dairy,4,2.20,USD,C-0183,card
O-909684,2026-09-24,S-03,SKU-4,Eggs,Dairy,5,0.35,EUR,C-0184,cash
O-909685,2026-09-25,S-01,SKU-5,Coffee,Beverages,3,8.99,GBP,C-0185,card
O-909686,2026-09-26,S-02,SKU-1,Apple,Produce,6,1.50,USD,C-0186,cash
O-909687,2026-09-27,S-03,SKU-2,Bread,Bakery,8,3.00,USD,C-0187,card
O-909688,2026-09-28,S-01,SKU-3,Milk,Dairy,12,2.20,USD,C-0188,cash
O-909689,2026-09-01,S-02,SKU-4,Eggs,Dairy,6,0.35,EUR,C-0189,card
O-909690,2026-09-02,S-03,SKU-5,Coffee,Beverages,5,8.99,GBP,C-0190,cash
O-909691,2026-09-03,S-01,SKU-1,Apple,Produce,1,1.50,USD,C-0191,card
O-909692,2026-09-04,S-02,SKU-2,Bread,Bakery,11,3.00,USD,C-0192,cash
O-909693,2026-09-05,S-03,SKU-3,Milk,Dairy,10,2.20,USD,C-0193,card
O-909694,2026-09-06,S-01,SKU-4,Eggs,Dairy,1,0.35,EUR,C-0194,cash
O-909695,2026-09-07,S-02,SKU-5,Coffee,Beverages,12,8.99,GBP,C-0195,card
O-909696,2026-09-08,S-03,SKU-1,Apple,Produce,11,1.50,USD,C-0196,cash
O-909697,2026-09-09,S-01,SKU-2,Bread,Bakery,1,3.00,USD,C-0197,card
O-909698,2026-09-10,S-02,SKU-3,Milk,Dairy,12,2.20,USD,C-0198,cash
O-909699,2026-09-11,S-03,SKU-4,Eggs,Dairy,11,0.35,EUR,C-0199,card
,2026-09-12,S-01,SKU-5,Coffee,Beverages,4,8.99,GBP,C-0200,cash
O-909701,2026-09-13,S-02,SKU-1,Apple,Produce,5,1.50,USD,C-0201,card
O-909702,2026-09-14,S-03,SKU-2,Bread,Bakery,9,3.00,USD,C-0202,cash
O-909703,2026-09-15,S-01,SKU-3,Milk,Dairy,7,2.20,USD,C-0203,card
O-909704,2026-09-16,S-02,SKU-4,Eggs,Dairy,5,0.35,EUR,C-0204,cash
O-909705,2026-09-17,S-03,SKU-5,Coffee,Beverages,11,8.99,GBP,C-0205,card
O-909706,2026-09-18,S-01,SKU-1,Apple,Produce,12,1.50,USD,C-0206,cash
O-909707,2026-09-19,S-02,SKU-2,Bread,Bakery,6,3.00,USD,C-0207,card
O-909708,2026-09-20,S-03,SKU-3,Milk,Dairy,11,2.20,USD,C-0208,cash
O-909709,2026-09-21,S-01,SKU-4,Eggs,Dairy,2,0.35,EUR,C-0209,card
O-909710,2026-09-22,S-02,SKU-5,Coffee,Beverages,9,8.99,GBP,C-0210,cash
O-909711,2026-09-23,S-03,SKU-1,Apple,Produce,4,1.50,USD,C-0211,card
O-909712,2026-09-24,S-01,SKU-2,Bread,Bakery,8,3.00,USD,C-0212,cash
O-909713,2026-09-25,S-02,SKU-3,Milk,Dairy,7,2.20,USD,C-0213,card
O-909714,2026-09-26,S-03,SKU-4,Eggs,Dairy,1,0.35,EUR,C-0214,cash
O-909715,2026-09-27,S-01,SKU-5,Coffee,Beverages,7,8.99,GBP,C-0215,card
O-909716,2026-09-28,S-02,SKU-1,Apple,Produce,5,1.50,USD,C-0216,cash
O-909717,2026-09-01,S-03,SKU-2,Bread,Bakery,5,3.00,USD,C-0217,card
O-909718,2026-09-02,S-01,SKU-3,Milk,Dairy,2,2.20,USD,C-0218,cash
O-909719,2026-09-03,S-02,SKU-4,Eggs,Dairy,4,0.35,EUR,C-0219,card
O-909720,2026-09-04,S-03,SKU-5,Coffee,Beverages,5,8.99,XYZ,C-0220,cash
O-909721,2026-09-05,S-01,SKU-1,Apple,Produce,4,1.50,USD,C-0221,card
O-909722,2026-09-06,S-02,SKU-2,Bread,Bakery,3,3.00,USD,C-0222,cash
O-909723,2026-09-07,S-03,SKU-3,Milk,Dairy,8,2.20,USD,C-0223,card
O-909724,2026-09-08,S-01,SKU-4,Eggs,Dairy,11,0.35,EUR,C-0224,cash
O-909725,2026-09-09,S-02,SKU-5,Coffee,Beverages,6,8.99,GBP,C-0225,card
O-909726,2026-09-10,S-03,SKU-1,Apple,Produce,11,1.50,USD,C-0226,cash
O-909727,2026-09-11,S-01,SKU-2,Bread,Bakery,7,3.00,USD,C-0227,card
O-909728,2026-09-12,S-02,SKU-3,Milk,Dairy,1,2.20,USD,C-0228,cash
O-909729,2026-09-13,S-03,SKU-4,Eggs,Dairy,5,0.35,EUR,C-0229,card
O-909730,2026-09-14,S-01,SKU-5,Coffee,Beverages,2,8.99,GBP,C-0230,cash
O-909731,2026-09-15,S-02,SKU-1,Apple,Produce,8,1.50,USD,C-0231,card
O-909732,2026-09-16,S-03,SKU-2,Bread,Bakery,8,3.00,USD,C-0232,cash
O-909733,2026-09-17,S-01,SKU-3,Milk,Dairy,12,2.20,USD,C-0233,card
O-909734,2026-09-18,S-02,SKU-4,Eggs,Dairy,7,0.35,EUR,C-0234,cash
O-909735,2026-09-19,S-03,SKU-5,Coffee,Beverages,6,8.99,GBP,C-0235,card
O-909736,2026-09-20,S-01,SKU-1,Apple,Produce,12,1.50,USD,C-0236,cash
O-909737,2026-09-21,S-02,SKU-2,Bread,Bakery,7,3.00,USD,C-0237,card
O-909738,2026-09-22,S-03,SKU-3,Milk,Dairy,2,2.20,USD,C-0238,cash
O-909739,2026-09-23,S-01,SKU-4,Eggs,Dairy,3,0.35,EUR,C-0239,card
O-909740,2026-09-24,S-02,SKU-5,Coffee,Beverages,12,8.99,GBP,C-0240,bitcoin
O-909741,2026-09-25,S-03,SKU-1,Apple,Produce,5,1.50,USD,C-0241,card
O-909742,2026-09-26,S-01,SKU-2,Bread,Bakery,9,3.00,USD,C-0242,cash
O-909743,2026-09-27,S-02,SKU-3,Milk,Dairy,2,2.20,USD,C-0243,card
O-909744,2026-09-28,S-03,SKU-4,Eggs,Dairy,6,0.35,EUR,C-0244,cash
O-909745,2026-09-01,S-01,SKU-5,Coffee,Beverages,7,8.99,GBP,C-0245,card
O-909746,2026-09-02,S-02,SKU-1,Apple,Produce,10,1.50,USD,C-0246,cash
O-909747,2026-09-03,S-03,SKU-2,Bread,Bakery,12,3.00,USD,C-0247,card
O-909748,2026-09-04,S-01,SKU-3,Milk,Dairy,9,2.20,USD,C-0248,cash
O-909749,2026-09-05,S-02,SKU-4,Eggs,Dairy,12,0.35,EUR,C-0249,card
O-909750,2026-09-06,S-03,SKU-5,Coffee,Beverages,6,8.99,GBP,C-0250,cash
O-909751,2026-09-07,S-01,SKU-1,Apple,Produce,8,1.50,USD,C-0251,card
O-909752,2026-09-08,S-02,SKU-2,Bread,Bakery,12,3.00,USD,C-0252,cash
O-909753,2026-09-09,S-03,SKU-3,Milk,Dairy,1,2.20,USD,C-0253,card
O-909754,2026-09-10,S-01,SKU-4,Eggs,Dairy,1,0.35,EUR,C-0254,cash
O-909755,2026-09-11,S-02,SKU-5,Coffee,Beverages,11,8.99,GBP,C-0255,card
O-909756,2026-09-12,S-03,SKU-1,Apple,Produce,11,1.50,USD,C-0256,cash
O-909757,2026-09-13,S-01,SKU-2,Bread,Bakery,3,3.00,USD,C-0257,card
O-909758,2026-09-14,S-02,SKU-3,Milk,Dairy,11,2.20,USD,C-0258,cash
O-909759,2026-09-15,S-03,SKU-4,Eggs,Dairy,8,0.35,EUR,C-0259,card
O-909760,2026-09-16,S-01,SKU-5,Coffee,Beverages,0,8.99,GBP,C-0260,cash
O-909761,2026-09-17,S-02,SKU-1,Apple,Produce,3,1.50,USD,C-0261,card
O-909762,2026-09-18,S-03,SKU-2,Bread,Bakery,1,3.00,USD,C-0262,cash
O-909763,2026-09-19,S-01,SKU-3,Milk,Dairy,7,2.20,USD,C-0263,card
O-909764,2026-09-20,S-02,SKU-4,Eggs,Dairy,4,0.35,EUR,C-0264,cash
O-909765,2026-09-21,S-03,SKU-5,Coffee,Beverages,11,8.99,GBP,C-0265,card
O-909766,2026-09-22,S-01,SKU-1,Apple,Produce,5,1.50,USD,C-0266,cash
O-909767,2026-09-23,S-02,SKU-2,Bread,Bakery,6,3.00,USD,C-0267,card
O-909768,2026-09-24,S-03,SKU-3,Milk,Dairy,10,2.20,USD,C-0268,cash
O-909769,2026-09-25,S-01,SKU-4,Eggs,Dairy,2,0.35,EUR,C-0269,card
O-909770,2026-09-26,S-02,SKU-5,Coffee,Beverages,2,8.99,GBP,C-0270,cash
O-909771,2026-09-27,S-03,SKU-1,Apple,Produce,3,1.50,USD,C-0271,card
O-909772,2026-09-28,S-01,SKU-2,Bread,Bakery,4,3.00,USD,C-0272,cash
O-909773,2026-09-01,S-02,SKU-3,Milk,Dairy,9,2.20,USD,C-0273,card
O-909774,2026-09-02,S-03,SKU-4,Eggs,Dairy,12,0.35,EUR,C-0274,cash
O-909775,2026-09-03,S-01,SKU-5,Coffee,Beverages,11,8.99,GBP,C-0275,card
O-909776,2026-09-04,S-02,SKU-1,Apple,Produce,3,1.50,USD,C-0276,cash
O-909777,2026-09-05,S-03,SKU-2,Bread,Bakery,10,3.00,USD,C-0277,card
O-909778,2026-09-06,S-01,SKU-3,Milk,Dairy,11,2.20,USD,C-0278,cash
O-909779,2026-09-07,S-02,SKU-4,Eggs,Dairy,7,0.35,EUR,C-0279,card
O-909780,bad-date,S-03,SKU-5,Coffee,Beverages,6,8.99,GBP,C-0280,cash
O-909781,2026-09-09,S-01,SKU-1,Apple,Produce,8,1.50,USD,C-0281,card
O-909782,2026-09-10,S-02,SKU-2,Bread,Bakery,8,3.00,USD,C-0282,cash
O-909783,2026-09-11,S-03,SKU-3,Milk,Dairy,12,2.20,USD,C-0283,card
O-909784,2026-09-12,S-01,SKU-4,Eggs,Dairy,3,0.35,EUR,C-0284,cash
O-909785,2026-09-13,S-02,SKU-5,Coffee,Beverages,5,8.99,GBP,C-0285,card
O-909786,2026-09-14,S-03,SKU-1,Apple,Produce,3,1.50,USD,C-0286,cash
O-909787,2026-09-15,S-01,SKU-2,Bread,Bakery,11,3.00,USD,C-0287,card
O-909788,2026-09-16,S-02,SKU-3,Milk,Dairy,10,2.20,USD,C-0288,cash
O-909789,2026-09-17,S-03,SKU-4,Eggs,Dairy,6,0.35,EUR,C-0289,card
O-909790,2026-09-18,S-01,SKU-5,Coffee,Beverages,5,8.99,GBP,C-0290,cash
O-909791,2026-09-19,S-02,SKU-1,Apple,Produce,4,1.50,USD,C-0291,card
O-909792,2026-09-20,S-03,SKU-2,Bread,Bakery,2,3.00,USD,C-0292,cash
O-909793,2026-09-21,S-01,SKU-3,Milk,Dairy,7,2.20,USD,C-0293,card
O-909794,2026-09-22,S-02,SKU-4,Eggs,Dairy,6,0.35,EUR,C-0294,cash
O-909795,2026-09-23,S-03,SKU-5,Coffee,Beverages,3,8.99,GBP,C-0295,card
O-909796,2026-09-24,S-01,SKU-1,Apple,Produce,7,1.50,USD,C-0296,cash
O-909797,2026-09-25,S-02,SKU-2,Bread,Bakery,7,3.00,USD,C-0297,card
O-909798,2026-09-26,S-03,SKU-3,Milk,Dairy,10,2.20,USD,C-0298,cash
O-909799,2026-09-27,S-01,SKU-4,Eggs,Dairy,4,0.35,EUR,C-0299,card
O-909800,2026-09-28,S-02,SKU-5,Coffee,Beverages,-3,8.99,GBP,C-0300,cash
O-909801,2026-09-01,S-03,SKU-1,Apple,Produce,1,1.50,USD,C-0301,card
O-909802,2026-09-02,S-01,SKU-2,Bread,Bakery,9,3.00,USD,C-0302,cash
O-909803,2026-09-03,S-02,SKU-3,Milk,Dairy,11,2.20,USD,C-0303,card
O-909804,2026-09-04,S-03,SKU-4,Eggs,Dairy,10,0.35,EUR,C-0304,cash
O-909805,2026-09-05,S-01,SKU-5,Coffee,Beverages,11,8.99,GBP,C-0305,card
O-909806,2026-09-06,S-02,SKU-1,Apple,Produce,4,1.50,USD,C-0306,cash
O-909807,2026-09-07,S-03,SKU-2,Bread,Bakery,2,3.00,USD,C-0307,card
O-909808,2026-09-08,S-01,SKU-3,Milk,Dairy,8,2.20,USD,C-0308,cash
O-909809,2026-09-09,S-02,SKU-4,Eggs,Dairy,4,0.35,EUR,C-0309,card
O-909810,2026-09-10,S-03,SKU-5,Coffee,Beverages,5,8.99,GBP,C-0310,cash
O-909811,2026-09-11,S-01,SKU-1,Apple,Produce,12,1.50,USD,C-0311,card
O-909812,2026-09-12,S-02,SKU-2,Bread,Bakery,3,3.00,USD,C-0312,cash
O-909813,2026-09-13,S-03,SKU-3,Milk,Dairy,1,2.20,USD,C-0313,card
O-909814,2026-09-14,S-01,SKU-4,Eggs,Dairy,7,0.35,EUR,C-0314,cash
O-909815,2026-09-15,S-02,SKU-5,Coffee,Beverages,10,8.99,GBP,C-0315,card
O-909816,2026-09-16,S-03,SKU-1,Apple,Produce,7,1.50,USD,C-0316,cash
O-909817,2026-09-17,S-01,SKU-2,Bread,Bakery,10,3.00,USD,C-0317,card
O-909818,2026-09-18,S-02,SKU-3,Milk,Dairy,5,2.20,USD,C-0318,cash
O-909819,2026-09-19,S-03,SKU-4,Eggs,Dairy,3,0.35,EUR,C-0319,card
O-909820,2026-09-20,S-01,SKU-999,Coffee,Beverages,2,8.99,GBP,C-0320,cash
O-909821,2026-09-21,S-02,SKU-1,Apple,Produce,6,1.50,USD,C-0321,card
O-909822,2026-09-22,S-03,SKU-2,Bread,Bakery,3,3.00,USD,C-0322,cash
O-909823,2026-09-23,S-01,SKU-3,Milk,Dairy,10,2.20,USD,C-0323,card
O-909824,2026-09-24,S-02,SKU-4,Eggs,Dairy,2,0.35,EUR,C-0324,cash
O-909825,2026-09-25,S-03,SKU-5,Coffee,Beverages,1,8.99,GBP,C-0325,card
O-909826,2026-09-26,S-01,SKU-1,Apple,Produce,12,1.50,USD,C-0326,cash
O-909827,2026-09-27,S-02,SKU-2,Bread,Bakery,9,3.00,USD,C-0327,card
O-909828,2026-09-28,S-03,SKU-3,Milk,Dairy,7,2.20,USD,C-0328,cash
O-909829,2026-09-01,S-01,SKU-4,Eggs,Dairy,8,0.35,EUR,C-0329,card
O-909830,2026-09-02,S-02,SKU-5,Coffee,Beverages,11,8.99,GBP,C-0330,cash
O-909831,2026-09-03,S-03,SKU-1,Apple,Produce,8,1.50,USD,C-0331,card
O-909832,2026-09-04,S-01,SKU-2,Bread,Bakery,2,3.00,USD,C-0332,cash
O-909833,2026-09-05,S-02,SKU-3,Milk,Dairy,4,2.20,USD,C-0333,card
O-909834,2026-09-06,S-03,SKU-4,Eggs,Dairy,12,0.35,EUR,C-0334,cash
O-909835,2026-09-07,S-01,SKU-5,Coffee,Beverages,4,8.99,GBP,C-0335,card
O-909836,2026-09-08,S-02,SKU-1,Apple,Produce,4,1.50,USD,C-0336,cash
O-909837,2026-09-09,S-03,SKU-2,Bread,Bakery,5,3.00,USD,C-0337,card
O-909838,2026-09-10,S-01,SKU-3,Milk,Dairy,5,2.20,USD,C-0338,cash
O-909839,2026-09-11,S-02,SKU-4,Eggs,Dairy,12,0.35,EUR,C-0339,card
O-909840,2026-09-12,S-03,SKU-5,Coffee,Beverages,8,,GBP,C-0340,cash
O-909841,2026-09-13,S-01,SKU-1,Apple,Produce,7,1.50,USD,C-0341,card
O-909842,2026-09-14,S-02,SKU-2,Bread,Bakery,3,3.00,USD,C-0342,cash
O-909843,2026-09-15,S-03,SKU-3,Milk,Dairy,7,2.20,USD,C-0343,card
O-909844,2026-09-16,S-01,SKU-4,Eggs,Dairy,4,0.35,EUR,C-0344,cash
O-909845,2026-09-17,S-02,SKU-5,Coffee,Beverages,10,8.99,GBP,C-0345,card
O-909846,2026-09-18,S-03,SKU-1,Apple,Produce,4,1.50,USD,C-0346,cash
O-909847,2026-09-19,S-01,SKU-2,Bread,Bakery,5,3.00,USD,C-0347,card
O-909848,2026-09-20,S-02,SKU-3,Milk,Dairy,12,2.20,USD,C-0348,cash
O-909849,2026-09-21,S-03,SKU-4,Eggs,Dairy,11,0.35,EUR,C-0349,card
O-909850,2026-09-22,S-01,SKU-5,Coffee,Beverages,4,8.99,GBP,C-0350,cash
O-909851,2026-09-23,S-02,SKU-1,Apple,Produce,7,1.50,USD,C-0351,card
O-909852,2026-09-24,S-03,SKU-2,Bread,Bakery,3,3.00,USD,C-0352,cash
O-909853,2026-09-25,S-01,SKU-3,Milk,Dairy,7,2.20,USD,C-0353,card
O-909854,2026-09-26,S-02,SKU-4,Eggs,Dairy,3,0.35,EUR,C-0354,cash
O-909855,2026-09-27,S-03,SKU-5,Coffee,Beverages,1,8.99,GBP,C-0355,card
O-909856,2026-09-28,S-01,SKU-1,Apple,Produce,5,1.50,USD,C-0356,cash
O-909857,2026-09-01,S-02,SKU-2,Bread,Bakery,5,3.00,USD,C-0357,card
O-909858,2026-09-02,S-03,SKU-3,Milk,Dairy,4,2.20,USD,C-0358,cash
O-909859,2026-09-03,S-01,SKU-4,Eggs,Dairy,10,0.35,EUR,C-0359,card
,2026-09-04,S-02,SKU-5,Coffee,Beverages,8,8.99,GBP,C-0360,cash
O-909861,2026-09-05,S-03,SKU-1,Apple,Produce,4,1.50,USD,C-0361,card
O-909862,2026-09-06,S-01,SKU-2,Bread,Bakery,6,3.00,USD,C-0362,cash
O-909863,2026-09-07,S-02,SKU-3,Milk,Dairy,10,2.20,USD,C-0363,card
O-909864,2026-09-08,S-03,SKU-4,Eggs,Dairy,11,0.35,EUR,C-0364,cash
O-909865,2026-09-09,S-01,SKU-5,Coffee,Beverages,11,8.99,GBP,C-0365,card
O-909866,2026-09-10,S-02,SKU-1,Apple,Produce,8,1.50,USD,C-0366,cash
O-909867,2026-09-11,S-03,SKU-2,Bread,Bakery,2,3.00,USD,C-0367,card
O-909868,2026-09-12,S-01,SKU-3,Milk,Dairy,1,2.20,USD,C-0368,cash
O-909869,2026-09-13,S-02,SKU-4,Eggs,Dairy,8,0.35,EUR,C-0369,card
O-909870,2026-09-14,S-03,SKU-5,Coffee,Beverages,3,8.99,GBP,C-0370,cash
O-909871,2026-09-15,S-01,SKU-1,Apple,Produce,6,1.50,USD,C-0371,card
O-909872,2026-09-16,S-02,SKU-2,Bread,Bakery,12,3.00,USD,C-0372,cash
O-909873,2026-09-17,S-03,SKU-3,Milk,Dairy,7,2.20,USD,C-0373,card
O-909874,2026-09-18,S-01,SKU-4,Eggs,Dairy,11,0.35,EUR,C-0374,cash
O-909875,2026-09-19,S-02,SKU-5,Coffee,Beverages,4,8.99,GBP,C-0375,card
O-909876,2026-09-20,S-03,SKU-1,Apple,Produce,12,1.50,USD,C-0376,cash
O-909877,2026-09-21,S-01,SKU-2,Bread,Bakery,7,3.00,USD,C-0377,card
O-909878,2026-09-22,S-02,SKU-3,Milk,Dairy,12,2.20,USD,C-0378,cash
O-909879,2026-09-23,S-03,SKU-4,Eggs,Dairy,7,0.35,EUR,C-0379,card
O-909880,2026-09-24,S-01,SKU-5,Coffee,Beverages,12,8.99,XYZ,C-0380,cash
O-909881,2026-09-25,S-02,SKU-1,Apple,Produce,10,1.50,USD,C-0381,card
O-909882,2026-09-26,S-03,SKU-2,Bread,Bakery,5,3.00,USD,C-0382,cash
O-909883,2026-09-27,S-01,SKU-3,Milk,Dairy,2,2.20,USD,C-0383,card
O-909884,2026-09-28,S-02,SKU-4,Eggs,Dairy,2,0.35,EUR,C-0384,cash
O-909885,2026-09-01,S-03,SKU-5,Coffee,Beverages,9,8.99,GBP,C-0385,card
O-909886,2026-09-02,S-01,SKU-1,Apple,Produce,1,1.50,USD,C-0386,cash
O-909887,2026-09-03,S-02,SKU-2,Bread,Bakery,1,3.00,USD,C-0387,card
O-909888,2026-09-04,S-03,SKU-3,Milk,Dairy,6,2.20,USD,C-0388,cash
O-909889,2026-09-05,S-01,SKU-4,Eggs,Dairy,4,0.35,EUR,C-0389,card
O-909890,2026-09-06,S-02,SKU-5,Coffee,Beverages,8,8.99,GBP,C-0390,cash
O-909891,2026-09-07,S-03,SKU-1,Apple,Produce,6,1.50,USD,C-0391,card
O-909892,2026-09-08,S-01,SKU-2,Bread,Bakery,10,3.00,USD,C-0392,cash
O-909893,2026-09-09,S-02,SKU-3,Milk,Dairy,11,2.20,USD,C-0393,card
O-909894,2026-09-10,S-03,SKU-4,Eggs,Dairy,10,0.35,EUR,C-0394,cash
O-909895,2026-09-11,S-01,SKU-5,Coffee,Beverages,12,8.99,GBP,C-0395,card
O-909896,2026-09-12,S-02,SKU-1,Apple,Produce,12,1.50,USD,C-0396,cash
O-909897,2026-09-13,S-03,SKU-2,Bread,Bakery,1,3.00,USD,C-0397,card
O-909898,2026-09-14,S-01,SKU-3,Milk,Dairy,1,2.20,USD,C-0398,cash
O-909899,2026-09-15,S-02,SKU-4,Eggs,Dairy,5,0.35,EUR,C-0399,card
O-909900,2026-09-16,S-03,SKU-5,Coffee,Beverages,9,8.99,GBP,C-0400,bitcoin
O-909901,2026-09-17,S-01,SKU-1,Apple,Produce,10,1.50,USD,C-0401,card
O-909902,2026-09-18,S-02,SKU-2,Bread,Bakery,7,3.00,USD,C-0402,cash
O-909903,2026-09-19,S-03,SKU-3,Milk,Dairy,5,2.20,USD,C-0403,card
O-909904,2026-09-20,S-01,SKU-4,Eggs,Dairy,7,0.35,EUR,C-0404,cash
O-909905,2026-09-21,S-02,SKU-5,Coffee,Beverages,11,8.99,GBP,C-0405,card
O-909906,2026-09-22,S-03,SKU-1,Apple,Produce,6,1.50,USD,C-0406,cash
O-909907,2026-09-23,S-01,SKU-2,Bread,Bakery,3,3.00,USD,C-0407,card
O-909908,2026-09-24,S-02,SKU-3,Milk,Dairy,9,2.20,USD,C-0408,cash
O-909909,2026-09-25,S-03,SKU-4,Eggs,Dairy,1,0.35,EUR,C-0409,card
O-909910,2026-09-26,S-01,SKU-5,Coffee,Beverages,10,8.99,GBP,C-0410,cash
O-909911,2026-09-27,S-02,SKU-1,Apple,Produce,3,1.50,USD,C-0411,card
O-909912,2026-09-28,S-03,SKU-2,Bread,Bakery,5,3.00,USD,C-0412,cash
O-909913,2026-09-01,S-01,SKU-3,Milk,Dairy,3,2.20,USD,C-0413,card
O-909914,2026-09-02,S-02,SKU-4,Eggs,Dairy,9,0.35,EUR,C-0414,cash
O-909915,2026-09-03,S-03,SKU-5,Coffee,Beverages,8,8.99,GBP,C-0415,card
O-909916,2026-09-04,S-01,SKU-1,Apple,Produce,6,1.50,USD,C-0416,cash
O-909917,2026-09-05,S-02,SKU-2,Bread,Bakery,8,3.00,USD,C-0417,card
O-909918,2026-09-06,S-03,SKU-3,Milk,Dairy,3,2.20,USD,C-0418,cash
O-909919,2026-09-07,S-01,SKU-4,Eggs,Dairy,2,0.35,EUR,C-0419,card
O-909920,2026-09-08,S-02,SKU-5,Coffee,Beverages,0,8.99,GBP,C-0420,cash
O-909921,2026-09-09,S-03,SKU-1,Apple,Produce,12,1.50,USD,C-0421,card
O-909922,2026-09-10,S-01,SKU-2,Bread,Bakery,9,3.00,USD,C-0422,cash
O-909923,2026-09-11,S-02,SKU-3,Milk,Dairy,7,2.20,USD,C-0423,card
O-909924,2026-09-12,S-03,SKU-4,Eggs,Dairy,3,0.35,EUR,C-0424,cash
O-909925,2026-09-13,S-01,SKU-5,Coffee,Beverages,5,8.99,GBP,C-0425,card
O-909926,2026-09-14,S-02,SKU-1,Apple,Produce,2,1.50,USD,C-0426,cash
O-909927,2026-09-15,S-03,SKU-2,Bread,Bakery,6,3.00,USD,C-0427,card
O-909928,2026-09-16,S-01,SKU-3,Milk,Dairy,1,2.20,USD,C-0428,cash
O-909929,2026-09-17,S-02,SKU-4,Eggs,Dairy,3,0.35,EUR,C-0429,card
O-909930,2026-09-18,S-03,SKU-5,Coffee,Beverages,8,8.99,GBP,C-0430,cash
O-909931,2026-09-19,S-01,SKU-1,Apple,Produce,5,1.50,USD,C-0431,card
O-909932,2026-09-20,S-02,SKU-2,Bread,Bakery,12,3.00,USD,C-0432,cash
O-909933,2026-09-21,S-03,SKU-3,Milk,Dairy,6,2.20,USD,C-0433,card
O-909934,2026-09-22,S-01,SKU-4,Eggs,Dairy,7,0.35,EUR,C-0434,cash
O-909935,2026-09-23,S-02,SKU-5,Coffee,Beverages,5,8.99,GBP,C-0435,card
O-909936,2026-09-24,S-03,SKU-1,Apple,Produce,5,1.50,USD,C-0436,cash
O-909937,2026-09-25,S-01,SKU-2,Bread,Bakery,10,3.00,USD,C-0437,card
O-909938,2026-09-26,S-02,SKU-3,Milk,Dairy,5,2.20,USD,C-0438,cash
O-909939,2026-09-27,S-03,SKU-4,Eggs,Dairy,9,0.35,EUR,C-0439,card
O-909940,bad-date,S-01,SKU-5,Coffee,Beverages,6,8.99,GBP,C-0440,cash
O-909941,2026-09-01,S-02,SKU-1,Apple,Produce,7,1.50,USD,C-0441,card
O-909942,2026-09-02,S-03,SKU-2,Bread,Bakery,3,3.00,USD,C-0442,cash
O-909943,2026-09-03,S-01,SKU-3,Milk,Dairy,6,2.20,USD,C-0443,card
O-909944,2026-09-04,S-02,SKU-4,Eggs,Dairy,12,0.35,EUR,C-0444,cash
O-909945,2026-09-05,S-03,SKU-5,Coffee,Beverages,8,8.99,GBP,C-0445,card
O-909946,2026-09-06,S-01,SKU-1,Apple,Produce,3,1.50,USD,C-0446,cash
O-909947,2026-09-07,S-02,SKU-2,Bread,Bakery,9,3.00,USD,C-0447,card
O-909948,2026-09-08,S-03,SKU-3,Milk,Dairy,11,2.20,USD,C-0448,cash
O-909949,2026-09-09,S-01,SKU-4,Eggs,Dairy,11,0.35,EUR,C-0449,card
O-909950,2026-09-10,S-02,SKU-5,Coffee,Beverages,8,8.99,GBP,C-0450,cash
O-909951,2026-09-11,S-03,SKU-1,Apple,Produce,1,1.50,USD,C-0451,card
O-909952,2026-09-12,S-01,SKU-2,Bread,Bakery,4,3.00,USD,C-0452,cash
O-909953,2026-09-13,S-02,SKU-3,Milk,Dairy,3,2.20,USD,C-0453,card
O-909954,2026-09-14,S-03,SKU-4,Eggs,Dairy,1,0.35,EUR,C-0454,cash
O-909955,2026-09-15,S-01,SKU-5,Coffee,Beverages,4,8.99,GBP,C-0455,card
O-909956,2026-09-16,S-02,SKU-1,Apple,Produce,3,1.50,USD,C-0456,cash
O-909957,2026-09-17,S-03,SKU-2,Bread,Bakery,1,3.00,USD,C-0457,card
O-909958,2026-09-18,S-01,SKU-3,Milk,Dairy,8,2.20,USD,C-0458,cash
O-909959,2026-09-19,S-02,SKU-4,Eggs,Dairy,5,0.35,EUR,C-0459,card
O-909960,2026-09-20,S-03,SKU-5,Coffee,Beverages,-3,8.99,GBP,C-0460,cash
O-909961,2026-09-21,S-01,SKU-1,Apple,Produce,12,1.50,USD,C-0461,card
O-909962,2026-09-22,S-02,SKU-2,Bread,Bakery,8,3.00,USD,C-0462,cash
O-909963,2026-09-23,S-03,SKU-3,Milk,Dairy,7,2.20,USD,C-0463,card
O-909964,2026-09-24,S-01,SKU-4,Eggs,Dairy,2,0.35,EUR,C-0464,cash
O-909965,2026-09-25,S-02,SKU-5,Coffee,Beverages,8,8.99,GBP,C-0465,card
O-909966,2026-09-26,S-03,SKU-1,Apple,Produce,1,1.50,USD,C-0466,cash
O-909967,2026-09-27,S-01,SKU-2,Bread,Bakery,8,3.00,USD,C-0467,card
O-909968,2026-09-28,S-02,SKU-3,Milk,Dairy,6,2.20,USD,C-0468,cash
O-909969,2026-09-01,S-03,SKU-4,Eggs,Dairy,12,0.35,EUR,C-0469,card
O-909970,2026-09-02,S-01,SKU-5,Coffee,Beverages,9,8.99,GBP,C-0470,cash
O-909971,2026-09-03,S-02,SKU-1,Apple,Produce,8,1.50,USD,C-0471,card
O-909972,2026-09-04,S-03,SKU-2,Bread,Bakery,8,3.00,USD,C-0472,cash
O-909973,2026-09-05,S-01,SKU-3,Milk,Dairy,8,2.20,USD,C-0473,card
O-909974,2026-09-06,S-02,SKU-4,Eggs,Dairy,2,0.35,EUR,C-0474,cash
O-909975,2026-09-07,S-03,SKU-5,Coffee,Beverages,12,8.99,GBP,C-0475,card
O-909976,2026-09-08,S-01,SKU-1,Apple,Produce,3,1.50,USD,C-0476,cash
O-909977,2026-09-09,S-02,SKU-2,Bread,Bakery,2,3.00,USD,C-0477,card
O-909978,2026-09-10,S-03,SKU-3,Milk,Dairy,6,2.20,USD,C-0478,cash
O-909979,2026-09-11,S-01,SKU-4,Eggs,Dairy,2,0.35,EUR,C-0479,card
O-909980,2026-09-12,S-02,SKU-999,Coffee,Beverages,4,8.99,GBP,C-0480,cash
O-909981,2026-09-13,S-03,SKU-1,Apple,Produce,5,1.50,USD,C-0481,card
O-909982,2026-09-14,S-01,SKU-2,Bread,Bakery,3,3.00,USD,C-0482,cash
O-909983,2026-09-15,S-02,SKU-3,Milk,Dairy,3,2.20,USD,C-0483,card
O-909984,2026-09-16,S-03,SKU-4,Eggs,Dairy,12,0.35,EUR,C-0484,cash
O-909985,2026-09-17,S-01,SKU-5,Coffee,Beverages,9,8.99,GBP,C-0485,card
O-909986,2026-09-18,S-02,SKU-1,Apple,Produce,5,1.50,USD,C-0486,cash
O-909987,2026-09-19,S-03,SKU-2,Bread,Bakery,10,3.00,USD,C-0487,card
O-909988,2026-09-20,S-01,SKU-3,Milk,Dairy,11,2.20,USD,C-0488,cash
O-909989,2026-09-21,S-02,SKU-4,Eggs,Dairy,10,0.35,EUR,C-0489,card
O-909990,2026-09-22,S-03,SKU-5,Coffee,Beverages,4,8.99,GBP,C-0490,cash
O-909991,2026-09-23,S-01,SKU-1,Apple,Produce,10,1.50,USD,C-0491,card
O-909992,2026-09-24,S-02,SKU-2,Bread,Bakery,1,3.00,USD,C-0492,cash
O-909993,2026-09-25,S-03,SKU-3,Milk,Dairy,9,2.20,USD,C-0493,card
O-909994,2026-09-26,S-01,SKU-4,Eggs,Dairy,10,0.35,EUR,C-0494,cash
O-909995,2026-09-27,S-02,SKU-5,Coffee,Beverages,3,8.99,GBP,C-0495,card
O-909996,2026-09-28,S-03,SKU-1,Apple,Produce,7,1.50,USD,C-0496,cash
O-909997,2026-09-01,S-01,SKU-2,Bread,Bakery,2,3.00,USD,C-0497,card
O-909998,2026-09-02,S-02,SKU-3,Milk,Dairy,4,2.20,USD,C-0498,cash
O-909999,2026-09-03,S-03,SKU-4,Eggs,Dairy,8,0.35,EUR,C-0499,card
O-910000,2026-09-04,S-01,SKU-5,Coffee,Beverages,11,,GBP,C-0500,cash
